index,text,true_label,pred_label,correct,prob_class_0,prob_class_1
0,Độ mỏng nhẹ:k thấm nhanh ạ. tui bôi mà n rất dính lun Chống nắng:rất dínhhjh Làm sáng da:k có  Mùi thơm quá luôn ah. Kcn cũng quá dính và không lên tone. Sẽ k mua lại đâu ạ hic,1,0,False,0.5626370002518215,0.43736299974817844
1,"Shop gói hàng qua loa lắm vận chuyển bị rơi thế là hỏng mất 2 túi shop làm ăn vậy chết, không có bọc chống sốc cho sản phẩm",1,1,True,0.05672653817024198,0.943273461829758
2,"Mùi hương:thơm ngọt nịnh mũi lắm Độ lưu hương:hăm bit  rcm mng mua mùi này nh ngửi thấy rất là dthh và nịnh mũi luôn kỉu ebe, mùi rất giống với mô tả của sóp",0,0,True,0.8343056132559662,0.1656943867440338
3,"Lần trước mình mua loại này dùng rất tốt nên mua lại, nhưng lần này chất kem, màu sắc đều rất khác. Màu kem hồng hơn và đặc hơn, nắp hộp lại bị lệch ko thể vặn khớp được, hộp thì móp méo, keo dán hộp giấy bên ngoài thì bị rách, cảm giác như đã bị lấy ra vào nhiều lần. Rất rất tệ và cẩu thả. Mình không dám dùng nữa, các bạn trước khi mua nên cân nhắc",1,1,True,0.076846973348626,0.923153026651374
4,Kinh nghiệm sử dụng:ok Hương thơm:ok Mẹo:ok  Shop giao hàng đúng thời hạn. Sản phẩm đúng mô tả và phù hợp vs giá tiền,0,0,True,0.9447545469466747,0.05524545305332527
5,"Trên live thì mua 1 tặng 1 xong lúc ship thì có mỗi chai. Giao hàng nhanh, đóng gói cẩn thận, shiper thân thiện",1,0,False,0.6898330560594447,0.31016694394055533
6,"Note trên sp là mua 1 tặng 2, nhưng ko thấy chỗ mua kèm deal sốc, cũng ko kèm quà tặng. Những lần trước mình mua ko có thêm deal sốc thì vẫn có quà tặng kèm. Vô cùng thất vọng",1,1,True,0.016534583608476816,0.9834654163915232
7,"Làm sáng:Hàng đẹp, đúng mẫu mã, đẹp Nâng tông:kem nâng tông tự nhiên, sáng da",0,0,True,0.8518622413277888,0.14813775867221118
8,Chất lượng sản phẩm:tot Bao bì/Mẫu mã:dung hinh anh quang cao Độ tuổi sử dụng:trên 1 tuổi,0,0,True,0.7709688893677424,0.2290311106322576
9,Sản phẩm thì không bàn cãi nhưng che tên sản phẩm như này thì che làm gì shipper không phải người nào cũng bé mồm đâu ạ,1,1,True,0.09201782307060657,0.9079821769293934
10,"Hàng mall nhưng seal không có, hộp giấy bao bì cũng không, chỉ có 1 chai kem nền trần trông rất phản cảm và fake lòi. Hãng nên xem lại cách đóng gói sao cho hợp thẩm mỹ hơn, cách đóng gói chỉn chu cũng là 1 cách khiến khách hàng yêu thích và muốn quay lại ủng hộ ngoài chất lượng sản phẩm",1,1,True,0.1970683209004752,0.8029316790995248
11,Đã nhận được hàng đúng với mô tả nhưng k hài lòng về cách đóng gói sản phẩm khi mình nhận được thì thùng bung hết ra k biết sản phẩm có bị đổi hay k?k biết có cách nào để check xem có phải hàng chuẩn hay k?,1,1,True,0.14138811830865394,0.8586118816913461
12,"Mẹo:ok Bao bì:ok Kinh nghiệm sử dụng:ok  dùng ổn so với giá tiền, cũng được cũng tạm nên mua để dùng",0,0,True,0.9442501988368127,0.05574980116318727
13,Chất lượng sản phẩm:ok  Đóng gói ship hàng nhanh .. chất lượng ok thơm quần áo sạchh .. săn giá rẻ,0,0,True,0.9745763822806424,0.02542361771935768
14,"Hình ảnh mang tính chất nhận xu!  Lỡ đặt thì lấy chứ k hài lòng lắm,lần cuối cùng mua hàng của bên này,k có lần 2",1,1,True,0.4154174357787853,0.5845825642212147
15,"Mùi thơm thích lắm, nhiều gel k bị khô đâu ạ :)) hy vọng hiệu quả tránh thai chất lượng",0,0,True,0.8611891556454089,0.1388108443545911
16,làm đếchh có tâm chúc cho thương hiệu chúng mày ngày càng lụii bạiii,1,1,True,0.4580339955127405,0.5419660044872595
17,son siêu tệ mùi hoá học nồng nặc màu xấu lại còn nhanh trôi đọng lại màu nó xấu tàn canh  lần đầu mua trúng cây son kinh khủng như vậy!!!,1,1,True,0.2215691341196837,0.7784308658803163
18,"Combo 5 quần lót sịp nam Trunk Cotton Coolmate mang lại cảm giác thoải mái, mềm mại và thoáng khí khi mặc. Chất liệu co giãn tốt, ôm vừa vặn, không gây bí bách. Đường may chắc chắn, form đẹp, phù hợp sử dụng hằng ngày. Giá hợp lý, đáng mua.",0,0,True,0.8602915274152502,0.13970847258474986
19,"Chưa bh dùng kcn nào mà kích ứng như loại này, bôi đến đâu rát da đến đấy, bôi xong là mặt đỏ, mầy đay rõ luôn, cạch hãng này thôi",1,1,True,0.340110612154501,0.659889387845499
20,Kinh nghiệm sử dụng:thấy vẫn rụng tóc nhx k qs nhiều Làm đẹp:ko bt Bao bì:lỗi  tưởng brand lớn làm ăn như nào chứ ship về chảy te tua nắp bật hết ra lỗi kinh người mà mình vào phần đáng giá thấy bnh người bị như mình rồi thế mà brand k bt sửa lại bao bì di chứ mua về thế này thất vọng thật sự ý!chả hỉu lm ăn kiur rì luông😓,1,1,True,0.03606468183163014,0.9639353181683699
21,"Lần đầu mua mà thất vọng tràn trề với shop mall. Nhận hàng thùng rách tứ tung, hỏi trực tiếp nhân viên live thì báo liên hệ trung tâm Shopee vì giao cho bên đó đóng gói và xử lý đơn, chờ bên nhãn hàng sẽ lâu. Nhắn tin cho shop thì cũng được hướng dẫn hoàn hàng. Cái mình muốn ko phải hoàn hàng mà chỉ muốn hỏi có bọc chống sốc hàng ko? Có nguy cơ bị tráo hàng ko thì ko trả lời.",1,1,True,0.017582078713955562,0.9824179212860444
22,"Chất lượng:phản ánh quà tặng chơi mini game Bao bì:liên hệ nhiều lần nhưng chỉ ghi nhận, k ai xử lý. Từ 11/11 đến 1/12 k ai xử lý, dù mình chỉ xin dc để gửi trả cho shop nhận và xem kỹ coi dám cho con cháu shop chơi k  Mua đơn hàng cũng vài triệu và thức khuya để chơi mini game. Mình đã mua mấy chục triệu tiền sữa và chơi mini game nhìu lần, nhận quà cũng khá hài lòng. Tuy nhiên lần gần đây nhất mình khá bức xúc vì quà tặng quá dơ, cũ, trầy, trầy luôn cả chữ in, đóng 1 lớp đất đen chứ k phải bụi. Nhìn k khác gì từ xe rác lượm lại rồi đem làm quà tặng. Các bạn nghĩ xem nhận quà tặng như thế khác nào đem bệnh về cho bé nhỏ. Liên hệ nhìu lần chỉ toàn ghi nhận nhưng k ai xử lý, mình chỉ cần cho mình dc gửi trả lại quà. Vui lòng phản hồi gấp. Xin cám ơn và từ giờ mình cũng né shop ra luôn.",1,1,True,0.052224688735918345,0.9477753112640817
23,Giá thì ok đó mua đc tặng giỏ. Giỏ cũng ok luôn.  To và dày màu đẹp. Đóng gói cũng đẹp.  mình mua giá gốc kèm giỏ tặng hôm sau vô thấy giá sale cũng kèm quà tặng y chang vậy nên mình ghéttttt mình cho 1 sao.,1,0,False,0.7469460592632986,0.2530539407367014
24,"Dưỡng ẩm:chat kem hoi bet xiu Làm sáng da:min mang, giu am cũng khá khá Hương thơm:mui huong nhe nhang",0,0,True,0.9704550224723012,0.029544977527698833
25,"Mùi hương:thơm Độ lưu hương:5 tiengs  Mùi siêu thơm quá, 10/10 mua 1 được tặng 3, thích quá ạ. Nhiều màu như thế này mới biết được là chai nào thơm theo ý mình í. Màu đẹp quá ạ",0,0,True,0.8574133620251627,0.14258663797483723
26,"Màu sắc:trắng  mũ xinh phết nho, đội đi biển cho đỡ nắng còn đẹp nữa, à đội mấy lúc tóc bết nữa :))))",0,0,True,0.7081426563662979,0.2918573436337021
27,"Đã nhận được hàng, đóng gói rất kỹ lưỡng và chỉnh chu ạ. Mình chưa xài ngay nên chưa đánh giá được chất lượng, đây cũng là lần đầu mua nên nếu có phản hồi về chất lượng mình sẽ note sau",0,0,True,0.7653005985206227,0.23469940147937732
28,"Hình ảnh mang tính chất tượng trưng, Giao hàng nhanh chóng , shipper thân thiện chu đáo , đóng gói cẩn thận , nhanh hàng ngày Tết nhưng vẫn giao rất OK ! Nói chung là hàng tốt nhé",0,0,True,0.9720666984771102,0.027933301522889715
29,"moi mua lan dau hi vọng toc se vao nep mêm muot,  shop goi hang rat can than",0,0,True,0.8625542029768841,0.13744579702311588
30,"Shop lừa đảo , quá tệ ngoài hình ảnh rõ ràng ghi quà tặng khi gửi hàng thì không có quà , lừa đảo khách hàng , hok đáng giá nhưng ghét nhất là kiểu lừa khách hàng như vậy , sẽ không bao giờ quay lại mua shop này",1,1,True,0.010075939065318451,0.9899240609346815
31,Quảng cáo 1 đằng giao hàng 1 nẻo (tặng khuyến mãi 2 món mà chỉ giao 1 món trong khi ngoài đơn hàng vẫn ghi đủ 2 món) mua nhiều lần rùi mà càng ngày càng thất vọng. mất lòng tin quá,1,1,True,0.10758917077777752,0.8924108292222225
32,"Được tặng dùng thích quá nên mua dùng tiếp. Thoa lên da căng bóng, chai quá bự luôn.",0,0,True,0.8304785118528037,0.16952148814719623
33,Mua ohas nhiều của shop rồi nên thấy sp ưng ý dùng dễ mà hiệu quả nha,0,0,True,0.8383914973974713,0.16160850260252865
34,"tai nghe ksao nhưng hộp tai nghe nát, cả tóc trong hộp, trông chán",1,1,True,0.23572518017186872,0.7642748198281313
35,Nhận thùng hàng sữa đổ ướt hết thùng. Bóc ra thì có mấy bục bị xì. Nt shop giải quyết thì kêu hoàn. Ngta đang cần thì ngta mới đặt. Xì bịch nào thì hoàn trả ngta tiền bịch í. Đây kêu hoàn hàng. R mấy ngày chờ nhận sữa của ngta cho mất công à,1,1,True,0.05033800215040296,0.949661997849597
36,Bao bì/Mẫu mã:Oke Độ tuổi sử dụng:Oke Chất lượng sản phẩm:Oke  Giao hàng nhah Oke,0,0,True,0.9517401913703549,0.04825980862964508
37,"đặt hôm qua là hôm nay nhận đc đơn r, ưng sản phẩm bên shop nên chỉ đặt của shop đó giờ",0,1,False,0.3775640831878073,0.6224359168121927
38,"Đóng gói sơ sài 1 lớp xốp mỏng sữa tắm trào ra ngoài nên lớp đóng gói không hề dính vào thân chai sữa tắm... Sữa tắm trào ra ướt cả thùng giấy đã chụp ảnh gửi cskh nhưng không thấy phản hồi, phản hồi như không phản hồi. Đặt hàng có quà tặng nhưng giao hàng không có khi nhắn tin hỏi lại nhiều lần không thấy trả lời mình đã hỏi trực tiếp trên live tream thì mới có người trả lời và những câu trả lời rất vô nghĩa. Mình cứ nghĩ mua hàng tại gian hàng chính hãng sẽ uy tín nhưng lại không hề có 1 chút uy tín nào trong khi giá thành cao hơn các cửa hàng khác chứ không hề rẻ. Đã mua hàng nhiều lần nhưng đây là lần cuối mình mua hàng tại đây. Trải nghiệm tồi tệ   Đây là có 1 sao chứ có âm sao mình sẽ đánh âm sao luôn. Người dùng lần đầu tiên trong chục năm dùng shoppe đánh giá 1 sao cho hay.",1,1,True,0.016957573697987893,0.9830424263020121
39,Shop giao hàng đung mẫu đúng số lượng shiper rất vui vẻ. Nhiêt tình. Thank shop nhiều..,0,0,True,0.7671208835450257,0.2328791164549743
40,đóng hàng kh có nổi một cái miếng xốp bọc sản phẩm lại??? đóng gói quá sơ sài,1,1,True,0.09466750925547152,0.9053324907445285
41,"Ddã dùng nhiều lần, giao hàng nhanh, đóng gói cẩn thận. Ko biết nói gì",0,0,True,0.9321847982402489,0.0678152017597511
42,K có sản phẩm tặng như quảng cáo😡😡😡😡,1,1,True,0.03630974592994085,0.9636902540700591
43,Mình mới sd lần đầu nên cũng ko có đánh giá gì. Manh tc nhận xu nè,0,0,True,0.5258836681108516,0.4741163318891484
44,"Bao bì:nang Hương thơm:k thom Kinh nghiệm sử dụng:k  K hề thơm , chất và công dụng quá bình thường . Đừng thổi phồng về nó . Mua lố quá vì tưởng tốt  Nhận hàng về hối hận",1,1,True,0.42504576256291915,0.5749542374370809
45,"Mình đã nhận được hàng, nhưng bị thất vọng. 1 shop mall nhưng đóng bao bì thì ọp ẹp. Chưa kể ảnh ghi khuyến mại ngày 25/8 nhưng nhận về chỉ mỗi 1 lọ kem, k thấy khuyến mại đâu. Bóc hàng ra có mỗi lọ kem, không có bao bì vỏ hộp đâu",1,1,True,0.019590326946942183,0.9804096730530578
46,"shop giao hàng nhanh , đóng gói chắc chắn , giao hàng đúng mẫu mã , đủ số lượng , sẽ ủng hộ tiếp, mượn ảnh kiếm xu",0,0,True,0.975941836245641,0.02405816375435896
47,"Shop giao hàng siêu nhanh, giao hàng đầy đủ, gội xả thơm lắm mn",0,0,True,0.9437581808737253,0.056241819126274725
48,"🌩 MIỀN BẮC Từ đêm nay không khí lạnh tràn về dồn dập, mưa rét buốt thấp nhất 10 -13 độ đúng dịp 8/3 🥶",1,1,True,0.3379410515012484,0.6620589484987516
49,"Nó giao cường lực sộc caro nha mọi ngươi,lừa đảo",1,1,True,0.2380958424821643,0.7619041575178357
50,"Son khô môi, bóng lúc mới son, 10 phút sau set lại thành lì luôn, khi set lại thành môi thâm.",1,1,True,0.38075542247566607,0.6192445775243339
51,"Trên hình sản phẩm thì để mua 1 chai tặng quà tặng. Mà giao hàng thì k có. Mà hỏi shop thì bảo phải bấm kèm deal sốc mới có, mà trong chỗ giỏ hàng khi mua có kèm deal sốc gì đâu. Để hình quà tặng cho vui à, Lừa đảo à. Trước khi mua nên xem kỹ lại nha mn.",1,1,True,0.03714175612115145,0.9628582438788486
52,"Tôi cực kỳ không hài lòng với sản phẩm sữa của shop. Khi sử dụng, sữa vón cục, sủi bọt bất thường, xuất hiện cặn đen rõ ràng, hoàn toàn không đảm bảo an toàn thực phẩm, tiềm ẩn nguy cơ ảnh hưởng sức khỏe người tiêu dùng. Bao bì đóng gói sơ sài, chỉ bọc giấy, không đảm bảo tiêu chuẩn bảo quản, thể hiện sự thiếu uy tín và thiếu trách nhiệm.  Khi tôi phản ánh, shop hỗ trợ kém, trả lời qua loa, né tránh trách nhiệm, không đưa ra phương án giải quyết cụ thể. Tôi yêu cầu shop đổi trả hàng và bồi thường đầy đủ, đồng thời đề nghị Shopee tăng cường kiểm soát các shop kinh doanh thực phẩm, xử lý nghiêm các trường hợp bán hàng kém chất lượng. Shop có trách nhiệm giải quyết dứt điểm cho khách hàng, không được im lặng hay đùn đẩy.",1,1,True,0.02820332522100677,0.9717966747789932
53,"Hương thơm:thowm  mới chuyển sang gội thử dầu bên L'oreal nên chưa biết hiệu quả thế nào nhưng hàng về hơi thất vọng vì đóng gói sơ sài, vừa bóc ra cái thấy chảy đầy ra r :)))",1,1,True,0.15529338840669382,0.8447066115933062
54,Mua off chỗ mình 280k. Mua sàn cam 205k. Đóng gói ẩu bị móp vỡ 2 vỉ ống hút. Phải đổ ra côc uống,1,1,True,0.13611522769134243,0.8638847723086576
55,"Bao bì/Mẫu mã:ổn Độ tuổi sử dụng:đúng Chất lượng sản phẩm:ổn  Giao hàng gói cận thận, đúng sản phẩm, bé dùng nhiều lần",0,0,True,0.9129348979143324,0.08706510208566764
56,Lợi ích:duong da Kinh nghiệm sử dụng:chua co Hương thơm:k ro  Giao hang nhanh Đung san pham Co qua tang kem  Chua su dung len khong ro Khong bi mop meo,0,1,False,0.49844097794082187,0.5015590220591781
57,Giao thiếu hàng còn ko giải quyết,1,1,True,0.050521047147506715,0.9494789528524933
58,Kem thơm dưỡng ẩm oke đã mua rất nhiều lần thấy ổn lém,0,0,True,0.9321686887705974,0.0678313112294026
59,Mùi hương:thơm Dành cho tóc:bết Công dụng:làm phồng tóc  Rất rcm nha đáng mua lắm shop 5 saoooooo,0,0,True,0.8772606360649352,0.12273936393506484
60,"Kem che khuyết điểm dùng ổn đáng mua, giao hàng nhanh ❤️‍🔥❤️🥰😚ôkka",0,0,True,0.902541908693727,0.09745809130627309
61,Độ tuổi sử dụng:bé cũng dùng đc lớn cubgx dùng đ Chất lượng sản phẩm:tôt  Giao đủ chai vừa vừa thơm lắm nha mn,0,0,True,0.9587465775105481,0.0412534224894519
62,"Khâu đóng gói quá tệ, quá sơ sài, không có thùng cartoon đựng sản phẩm mà thay vào đó là một túi nilon mỏng dính đựng sản phẩm ở trong, mở ra hộp nào cũng móp méo",1,1,True,0.03632284701474897,0.963677152985251
63,"Rất ko nên dùng nhé cả nhà. Ốp vào mở ra rất khó, mở đỏ tay mới tháo đc ốp ra khỏi máy. Rồi bị xước máy nữa",1,1,True,0.24528104469856427,0.7547189553014357
64,Mua đến chai thứ 2 vẫn lỗi nắp k mở dc,1,1,True,0.1522174771311623,0.8477825228688377
65,Bao bì/Mẫu mã:hàng bị vỡ hỏng Hương vị:sữa trắng  Hàng bị hư. Sữa bị chảy hết ra ngoài. Mùi rất khó chịu. Thời tiết nắng nóng giao hàng lâu không bảo quản tốt. Uống chỉ sợ lại đau bụng mất,1,1,True,0.0708212001130678,0.9291787998869322
66,Hàng bị móp quá nhiều,1,1,True,0.08723847796195483,0.9127615220380452
67,"Lợi ích:để km thì chà bá, còn ghi chú bé tí tẹo , tặng thì để hình ko tặng dẹp hình đi , làm thao tác này thao tác nọ , phiền phức , cảm giác bị lừa gạt",1,1,True,0.11473249207977343,0.8852675079202266
68,Chất lượng sản phẩm:tốt Độ tuổi sử dụng:Baby  Mua cho bé nhà sai sẵn tiện ké luôn Hihi Hình ảnh chỉ mang tính chất nhận được xu  Nên mua nhe,0,0,True,0.9728305754526672,0.027169424547332812
69,Sản phẩm xài rất tốt nha shop đóng gói rất kỹ vẻ đẹp cảm ơn shop,0,0,True,0.9402627887823287,0.05973721121767123
70,"Dùng cảm thấy ok phết, chưa biết sau sẽ ntn, cảm thấy kiềm dầu ổn",0,0,True,0.8368605137696921,0.16313948623030788
71,Để mua 1 tặng 1 mà có tặng gì đâu,1,1,True,0.09801462332060085,0.9019853766793992
72,Hình ảnhhh mangg  tínhh châtts nhậnnn xuu. Đóngg góii kĩi. Giaoo hàngg nhanhhh. Cámm ơnn shoppp .,0,0,True,0.5728414200493916,0.42715857995060835
73,Hương vị:thơm Bao bì/Mẫu mã:đóng gói không kĩ bị bung ra như vầy  Mua ở shop nhiều lần lắm rồi. Lần này ship hàng lâu mà ship tới lại còn bị bung thùng haizzz,1,1,True,0.12218889436098712,0.8778111056390129
74,"Màu ko như hình, vỏ hộp kiêm tra như đã có ai mở,lọ son như đã qua sử dụng",1,1,True,0.0982314319322043,0.9017685680677957
75,Công dụng:làm sáng da  Không biết vì lý do gì mà sử dụng sản phẩm bị rát và ngứa đã sử dụng rất nhiều lần nhưng vẫn bị rớt và ngứa các serum khác tôi sử dụng không sao trừ cái này,1,1,True,0.38142562263819124,0.6185743773618088
76,Mình k đc nhận đồ này,1,1,True,0.10187656151393343,0.8981234384860666
77,Bị bể 1 bịch sữa hương dâu! Vận chuyển quá kém.,1,1,True,0.08476549739702133,0.9152345026029787
78,"Làm đẹp:đánh lê. tối luôn 3 tông, chai k seal không hộp gì hết, này hàng fake chứ real gì",1,1,True,0.07966368040636118,0.9203363195936388
79,"Phải nói là wtf luôn á, lùa gà à, thấy giới thiệu, seeding này kia nghĩ chắc cũng ok,mua liền 2 hộp là 6 cái, nay lấy ra dùng, cũng ngâm nước này kia mà nó dỏm vãi, như miếng chà nồi , vừa gây đau rát còn xướt mặt nữa.Bộ đồng tiền mất giá lắm hả, tốn tiền mua mà còn bị rát mặt, dùng cho da chân còn không dám đó mom chứ đừng nói cho da mặt.  Còn định tặng bạn mà may chưa tặng chứ k lại mang tiếng tặng cái chà nồi:)))",1,1,True,0.15435041415002482,0.8456495858499752
80,"Đối tượng sử dụng:mọi lứa tuổi Chất lượng sản phẩm:tốt Mùi hương:thơm, mùi cute  Mùi dễ chịu. Mà ko bám lâu lắm. Mà chất lượng tốt. Sẽ ủng hộ tiếp ạ",0,0,True,0.9523775437154696,0.04762245628453038
81,"Chất lượng sản phẩm:Tốt nhưng shop kém  Cách shop giải quyết quá tệ, mình mua về dùng gặp vấn đề 2 tai nghe không đồng bộ. Shop chỉ cho cái voucher là xong hả?",1,1,True,0.06523506131339496,0.934764938686605
82,Để hàng tặng kêu mua kèm deal sốc ... Rồi k có chữ mua kèm deal sốc rồi bấm dô kiểu gì . Cuối cùng k giao hàng tặng. Nhắn tin shop thì trả lời hoang mang,1,1,True,0.06487443498485945,0.9351255650151405
83,"Chất lượng:Sản phẩm ok, hình ảnh và video mang tính chất nhận xu!!!!!!!!",0,0,True,0.9208593675867753,0.07914063241322468
84,"Kêu kèm quà mà ko thấy,",1,1,True,0.027404956454660456,0.9725950435453395
85,"Nhìn chai kem nên thấy sơ sài k có vỏ xong trầy xước, date 2027 mà giờ 2026 rồi nghĩa là mk chỉ dùng đc 6 tháng hơn nữa, mình ít make up nên mới mua kem nền mà gặp quả này chán luôn, k khác j bán hàng tồn kho cho khách",1,1,True,0.08504887543862871,0.9149511245613713
86,"Làm đẹp:ok Kiểm soát dầu:chua dung  Hàng có dấu hiện bị mở lắp trước rồi, nắp còn bị xước nhiều",1,1,True,0.3442353816109702,0.6557646183890298
87,"Hàng đóng gói k cẩn thận,ms tết ra k muốn bán hàng cho khách hay j mà hàng đóng như đem bố thí ^^",1,1,True,0.05121441124806836,0.9487855887519316
88,"Giao hàng thì không được nhận , shop trả lời nhiệt tình , hàng báo được nhận rồi mà mình chưA đuọc nhận shoppe thì ko giải quyết cục hàng mình ở đâu , là thành viên Vàng bên shoppe mà bị bơ như vậy Thất Vọng",1,1,True,0.016998370227672477,0.9830016297723275
89,"Mặt nạ đắp cực thích , k quá nhiều dưỡng chất gây nó bách Phù hợp cho da dầu mụn",0,0,True,0.838391976229641,0.161608023770359
90,nói mua 1 tặng1 mà giao chỉ có chai dầu gội,1,1,True,0.1052629394904172,0.8947370605095828
91,Da mềm mịn:ok Mùi hương:ok  Ổn nha,0,0,True,0.9759706352349755,0.024029364765024437
92,Đúng với mô tả:thiếu mất túi đựng quà không thể chấp nhận được,1,1,True,0.24045142580108492,0.7595485741989151
93,"Sữa đểu, không thủng tí nào mà phồng lên như sắp nổ. Bốc mùi chua thối, nt cho shop thì ko giải quyết",1,1,True,0.03382928487932402,0.966170715120676
94,"Màu sắc:nhiều màu Đúng với mô tả:đúng Chất liệu:vải thun  Shop giao hàng nhanh, hàng may đẹp, vải thun co giãn, hy vọng mặc bền và thoải mái.",0,0,True,0.8971093100530796,0.10289068994692041
95,Mặt nạ dùng rất thích. Mình mua lần thứ 3 rồi. Đã từng dùng nhiều mặt nạ nhưng mặt nạ này là thích nhất.,0,0,True,0.8867393198199486,0.1132606801800514
96,Mua hàng ở ngoài thì kêu khuyến mãi lúc giao không có khuyến mãi còn bắt khách nhấn vào mục khuyến mãi mới được khuyến mãi nói chung là lừa đảo nhân viên cũng thấy khách đặt hàng không kèm khuyến mãi cũng không nhắn hay nói gì lừa đảo luôn,1,1,True,0.04194163666011563,0.9580583633398844
97,Đúng với mô tả:đúng miêu tả Chất lượng sản phẩm:ok lắm nha  Sản phẩm ok lăm nhìn 45 độ không thấy nhé đúng hàng kinhkong ok sẽ ủng hộ shop thêm,0,0,True,0.9627761297439704,0.03722387025602959
98,Chất liệu:thoáng mát Đúng với mô tả:rất ok,0,0,True,0.9022875348954146,0.09771246510458538
99,"Giao hàng nhanh. Nhưng bên vận chuyển ném vứt làm bục vỡ chẩy sữa hỏng 3 bịch, sữa bị chẩy ra lên men hỏng gây mùi khó chịu và ướt cả thùng.",0,1,False,0.051242679706652194,0.9487573202933478
100,"Mình mới nhận được hàng hôm qua và thật sự rất ưng ý! Sản phẩm nhìn bên ngoài còn đẹp hơn cả hình, chất lượng thì khỏi chê, dùng thử thấy rất ổn áp. Nói chung là từ sản phẩm đến dịch vụ đều làm mình hài lòng, chắc chắn sẽ ủng hộ shop dài dài! 💖",0,0,True,0.8584688529727653,0.14153114702723474
101,"Dán k dính, sản phẩm tào lao, bao bì đẹp, lỗi, k nên mua, sau khi mua tặng người yêu bị đòi chia tay",1,1,True,0.21315619308906608,0.7868438069109339
102,"Kém, mua 1 thùng sữa gần 2 tuần, date 21/03/24, mà có 1 lốc bị mốc phần đít, đổ sữa ra có bợn và mùi rất thối. May tôi thấy lạ chưa cho bé uống, đề nghị hãng sữa liên hệ với tôi để giải quyết về chất lượng sữa bán cho khách hàng!",1,1,True,0.08025288902719219,0.9197471109728078
103,"Mua live của Võ Hoàng Yến, ghi tặng hàng mà ko có quà tặng",1,1,True,0.034214382989168124,0.9657856170108319
104,"Mua hàng lúc 0h để săn đủ quà mà shop giao hàng ko.có quà, hỏi thì trả lời do hết quà Nếu hết quà thì phải ko thêm dc vô giỏ hàng chứ Lừa dối KH Nhắn tin hỏi thì kêu trả hàng",1,1,True,0.0263175008697748,0.9736824991302252
105,"Công dụng:sạch vừa đủ, ẩm  da hỗn hợp thiên dầu dùng rất ok. Nên mát xa kĩ phần chữ tên trc khi đến 2 má đối với da hỗn hợp.",0,0,True,0.8340518765433141,0.16594812345668586
106,Hương thơm:thơm ít hơn chai cùng loại mình xài trước  Không có quà tặng kèm như quảng cáo,1,1,True,0.18315788017743095,0.816842119822569
107,Chất lượng sản phẩm:chưa dùng nên không biết Độ tuổi sử dụng:mọi người  Đóng gói chắc chắn chưa dùng nên không biết sản phẩm ok không nữa,0,0,True,0.8933796560329357,0.10662034396706434
108,"bình nước không giữ nhiệt , bỏ đá vô thì ở ngoài bị chảy hơi nước . Không đúng quảng cáo",1,1,True,0.07185659944474865,0.9281434005552514
109,Giao hàng đã qua dử dụng,1,1,True,0.4161907466777942,0.5838092533222058
110,"Hương thơm:te Mẹo:te  đóng gói hàng cẩu thả,giao tới tay rách ten bét hết trơn, bọc chống sốc cuốn ko đc kĩ",1,1,True,0.07555478299905316,0.9244452170009468
111,Hình mang mang tính cb ất minh hoạ mùi hương thơm lưu hương trên mình tầm 2 tiếng hơi mùi cồn kucs đầu,0,0,True,0.8581971662217328,0.14180283377826716
112,"Sản phẩm có chất lượng ổn định, đúng mô tả, sử dụng tiện lợi và mang lại trải nghiệm khá tốt. Thiết kế đơn giản nhưng tinh tế, phù hợp với nhu cầu sử dụng hằng ngày. Giá cả hợp lý so với chất lượng, đáng để cân nhắc và trải nghiệm.",0,0,True,0.8501347651260068,0.1498652348739932
113,Shop để trên bìa có tặng thêm chai 500ml mà lúc nhận hàng thì hông có tặng chai nào hết,1,1,True,0.08865060190720442,0.9113493980927956
114,"Vận chuyển móp hết hộp, đã thế lại ko đồng nhất với app, giao hàng trước cả khi thông báo, ko hài lòng 1 chút nào",1,1,True,0.0665052274301614,0.9334947725698386
115,Mùi hương:hương cà phê Công dụng:tẩy da chết body Phù hợp với loại da:mọi loại da  Shop giao hàng nhanh. Gói túi dạng 200ml thui ạ,0,0,True,0.94224749135251,0.05775250864749009
116,"Bao bì/Mẫu mã:bao bì lỏng lẻo Hương vị:vị ok  Hàng đóng gói sơ sài, quấn 1 lớp màng co mỏng không có tác dụng chống sốc, 1 bịch sữa bị chảy hoàn toàn và dính ra các bịch khác. Không hài lòng",1,1,True,0.0676392515098172,0.9323607484901828
117,"Bao bì/Mẫu mã:hàng giao hộp đã bị méo, có dấu hiệu ko còn nguyên vẹn  M đặt thùng sữa 48 hộp, 12 lốc loại 4 hộp/lốc nhưng hàng nhận được chỉ có 8 lốc 32 hộp. M liên hệ shop và Shopee để khiếu nại đơn hàng nhưng shop trả lời qua loa và ko chịu hoàn tiền cho mình. Tin nhắn gửi suốt 2 hôm không có người rep. Shop này ko phải Mall hoặc giả tạo Mall mà thôi. M đã report shop lừa đảo. MN mua hàng nên chọn cửa hàng thông thái, đừng như mình.",1,1,True,0.02710244043221277,0.9728975595677872
118,Shop ddongs hàng cẩn thận Shop giao hàng nhanh Giá cả hợp lý nchung,0,0,True,0.8900471974286233,0.10995280257137675
119,"Mình bị gàu kinh niên thử qua rất nhiều loại cũng k đỡ, thấy clear ra dòng mới nên có xài thử chai vàng thì thấy đáng đồng tiền bát gạo nha, nhưng nhược điểm thì tóc mau bết. Được review nên dùng xen kẽ với chai xanh này để tóc bồng bềnh và vẫn kiềm gàu nên mua xài thử. Hy vọng cải thiện. Có hiệu quả sẽ quay lại đánh giá lại.",0,0,True,0.6224409570870172,0.3775590429129828
120,"sale 7/7 mình đặt 4 hộp và vỡ 2 hộp , shop đa hoàn đổi hành. mình rất hài lòng lần này mình đặt 2 hộp, nhưng 1 hộp nguyên và 1 hộp bị bung nắp, tốn thời gian đổi nên mình đã lấy luôn( đợt này mặc dùng có chống sốc nhưng vẫn bị vỡ 1 hop. đúng là giá shope nó rẻ hơn ngoài tiệm nhưng đây là mặc hàng có giá trị thì đóng gói phải được chú trọng , hơn nữa sữa phải được đóng nắp kĩ, trường hợp bung nắp như vậy ko đảm bảo được chất lượng. nói chung đã ủng hộ nhìu lần và thấy chất lượng đóng gói không ổn định. nên sẽ cân nhắc kĩ nếu mua tiếp",1,1,True,0.2132128226472132,0.7867871773527868
121,"Dưỡng ẩm:da kho Làm sáng da:duong sang  dưỡng ẩm tốt cho da với lại làm sáng da nhưng phải kiên trì xài, giao hàng nhanh",0,0,True,0.9352694138166203,0.0647305861833797
122,"Lợi ích:giảm mụn rõ rệt Mẹo:da dầu nhiều đắp 15p xong rửa Làm đẹp:giảm mụn, mịn da  Ultr mặt nạ caryophy dùng siêu thích, giảm mụn rõ rệt chân ái luôn. Hi vọng mãi mãi tồn tại",0,0,True,0.8933223325924443,0.1066776674075557
123,Kêu mua 1 tặng 2 mà khi nhận chỉ có 1 chai dầu. Hãng cũng lừa như chợ zời. Mọi người thận trọng khi mua,1,1,True,0.04364125188948331,0.9563587481105167
124,"Quá tệ. Shop gửi hàng hộp đã xập xệ thì chớ, còn đóng gói quá sơ sài, bọc chống sốc có đúng 1 lớp mỏng. Sữa bị vỡ hết, mùi hôi thối bốc ra kinh khủng. Chẳng thèm gửi lại nữa luôn. Khiếp hồn.",1,1,True,0.03614591133825262,0.9638540886617474
125,"túi giao về bị rách một bên, phải lấy băng dán dán đỡ",1,1,True,0.15927383331306377,0.8407261666869362
126,"shop giao hàng nhanh lắm luôn đặt hôm qua , nay giao hàng luôn rồi quần vải mát",0,0,True,0.8087277627467281,0.19127223725327192
127,"Hạt phấn rất mịn, nhẹ trên da, kiềm dầu ổn, hiệu ứng cà da khá tốt",0,0,True,0.9344193872215201,0.0655806127784799
128,"Mút mềm, màu sắc dễ thương. Nhúng nước mút nở thêm, rửa mặt sạch",0,0,True,0.7278790631420526,0.2721209368579473
129,Đánh giá 1s vì maketing xem thường phụ nữ,1,1,True,0.47358453649862553,0.5264154635013745
130,"Chất lượng ch biết thế nào mà cách shop đóng gói  quá ư là cẩu thả , nắp chai thì trầy hết như đã qua sử dụng . Lần đầu trải nghiệm mà shop làm thất vọng quá 🥲",1,1,True,0.061432878538057345,0.9385671214619427
131,Bao bì/Mẫu mã:cũ Hương vị:ổn  mặc dù đã nt nói là đặc nhầm sữa nhờ shop hủy đơn  dùm mà xem tjn nhắn hk phản hồi cũng k hủy đơn dùm đó giờ mua hàng chưa hề bom hàng nên ráng mà nhận hàng thất vọng vô cùng với lại hsd có 6 tháng thôi,1,1,True,0.059767250983392306,0.9402327490166077
132,"Sản phẩm đúng mô tả, giao hàng nhanh chóng, giá cả hợp lý,,đong goi cân thân...",0,0,True,0.9633667679550124,0.036633232044987626
133,"ko bọc kĩ lon sữa, vận chuyển bị bể lon sữa văng ra ngoài.",1,1,True,0.03844223446117745,0.9615577655388226
134,"mn người mua hàng nhớ cẩn thận , mình mua không nhận đc quà tặng , vì hông thấy hướng dãn chọn deal sốc ,nếu có mua thì nên liên hệ shop trước đừng để như mình nhận hàng khui ra mới thấy thiếu, nt shop thì shop bảo phải chọn deal kèm trong khi  shop bán trên video và live thì hông hề có mục chọn deal kèm.",1,1,True,0.05774234666233191,0.9422576533376681
135,"Sản phẩm được đóng gói cẩn thận, hàng giao đúng như yêu cầu, chất lượng tốt, giá phải chăng. Sẽ tiếp tục ủng hộ shop khi có nhu cầu.",0,0,True,0.8518780948198136,0.14812190518018645
136,Chất lượng sản phẩm:tot Độ tuổi sử dụng:cho trẻ em và người lớn  Mùi thơm dễ chịu chưa sử dụng nên chưa biết sản phẩm như thế nào,0,0,True,0.9428184431381301,0.0571815568618699
137,Lần đầu mua nên mình k biét nó ra sao để tháng sau quay lại đánhbgias nh,0,1,False,0.26790933796779093,0.7320906620322091
138,"Xài xui xẻo bị dị ứng, bôi xong trên người nổi mụt đỏ, k tin tà vẫn cứ bôi tiếp thì nó nổi quá trời, mô phật luôn cái số gì đâu á 🥹🥹 Trải nghiệm k tốt nên thôi cho 1 sao ha",1,1,True,0.1739491058790943,0.8260508941209057
139,"siêu đểu, mới dùng đc 2-3 lần mà giờ hết sạch =)) ko xịt đc luôn. Tóc thấy ko bồng mấy, ko bằng mấy sp 8 chục mình mua nữa =)))) Được cái ko vón cục trắng thoai",1,1,True,0.22834949777473923,0.7716505022252608
140,Chưa test nhưng shop giao sai màu. Sai màu đòi video bóc hàng là sao?,1,1,True,0.10593041827078087,0.8940695817292191
141,"Độ dày:kha monh Kết cấu:gel nhiu nha  danh cho couple , k co em be ngoai y muon , gia re",0,0,True,0.729667215579263,0.2703327844207371
142,"Da mua nhiều lần, đây đủ, du 4 vị, date mới nên ok, ăn riết nghien luôn",0,0,True,0.8415500853867949,0.1584499146132051
143,"Seal chán z tr, seal như k seal. Hang để lâu bụi bặm",1,1,True,0.1660842458182954,0.8339157541817046
144,Công dụng:dưỡng da Dành cho da:da thường Mùi hương:dịu nhẹ  Sản phẩm tốt . Mua nhiều lần rồi . Lần nào cũng có tặng phẩm kèm theo như hình . Lần này mua cũng cận  dịp lễ mà ko có tặng phẩm kèm theo như hình gì hết . Buồn .,1,0,False,0.5923817781259881,0.40761822187401187
145,Rõ ghi tặng như kia mà nhận hàng k có gì Thà k để cái hình quà tặng đio,1,1,True,0.011845475950525208,0.9881545240494748
146,Mùi hương:thơm Dành cho da:mọi loại da Công dụng:dưỡng ẩm  serum ok la nhận đúng mẫu mã quà tặng mọi người nên thử trải nghiệm nha,0,0,True,0.9233538115384186,0.07664618846158144
147,"Độ mềm:mềm mịn Xơ bông:ít  Bông này thì tốt xưa giờ, ít bị sơ bông, giá cũng nhỉnh hơn loại thường 1 chút thôi mà chất lượng tốt hơn nhiều, nên mua",0,0,True,0.8668666053178704,0.13313339468212954
148,Mình sài bị đỏ với hơi rát da.,1,1,True,0.4349580455534998,0.5650419544465002
149,"Giao hàng siêu nhanh, đóng gói cẩn thận và kĩ Sản phẩm giống mẫu siêu xinh nha Sản phầm chất lượng cx ổn Rcm mn mua nha 🫶😭  Lần sau sẽ ủng hộ tiếp 🥰🥰",0,0,True,0.9944418509370211,0.005558149062978863
150,"lau siêu sạch, ngồi hì hục 30’ vẫn bị bọt khí trống trộm cũng k tốt",1,1,True,0.4680621835311729,0.5319378164688271
151,"Ảnh và video chỉ mang tính chất minh hoạ. Sữa ngon. Pha chế ngon, đóng gói rất cẩn thận",0,0,True,0.9329480972949158,0.06705190270508415
152,Đã mua nhiều lần kem sài hợp da thích lắm sẽ ủng hộ shop thêm nữa,0,0,True,0.9589811543916066,0.041018845608393396
153,"Túi đẹp, đóng gói kĩ nhưng túi bị lỗi đường chỉ có nt qua cskh nhưng shop hỗ trợ k linh hoạt. Vì cần gấp nên mới nhận đỡ, sẽ không quay lại lần sau.",1,1,True,0.16365214516034,0.83634785483966
154,"Kinh nghiệm sử dụng:sau khi goi dau Hương thơm:thom phet, giong mui dau goi Bao bì:chawcs chawns nha  Mình dùng thử xem thế bào",0,0,True,0.8725133473834856,0.12748665261651443
155,"Đợt này sữa bị vón cục nhiều, khó tan. Hỏi hotline nhưng vẫn không có cách xử lí",1,1,True,0.08000287655888594,0.9199971234411141
156,"Gửi cho mình đúng chai lỗi, bị thủng 1 bên, bóc hàng mình ko để ý, bóp ra dùng mới thấy kem rỉ ra ở bên cạnh.  Chất kem dễ tán nhưng bôi xong hơi rít da.",1,1,True,0.16138375547068473,0.8386162445293153
157,"Công dụng:an toàn  Giao hàng nhanh, tư vấn lẹ, trộm vía kho của shop gần nhà mình nên ship thường hay hoả tốc đều rẻ",0,0,True,0.8472603789660403,0.15273962103395963
158,"Bao bì/Mẫu mã:sao k bỏ vô thùng carton quấn chống sốc nhiều giúp tôi thế shop? Ship vận chuyển bể đổ tè le, sữa nó dơ nó hôi nó chua thôi rồi",1,1,True,0.07058196791306492,0.9294180320869351
159,"Rất cứng, khó lắp, rất dễ trầy nếu ko dán đth mặt sau, sau 3 ngày sử dụng thì bị trầy rất nhiều, cảm thấy ko xứng đáng giá tiền,",1,1,True,0.2928644786070743,0.7071355213929257
160,Hương vị:ngon Bao bì/Mẫu mã:tốt  Đóng gói cẩn thận thích hợp uống cà phê sữa các loại vvv,0,0,True,0.9044187354549339,0.09558126454506612
161,Bao bì/Mẫu mã:đóng gói cẩn thận không bị trầy xước Hương vị:vani  Mua của shop nhiều lần sản phẩm tốt hsd lâu,0,0,True,0.7781203329774782,0.22187966702252176
162,"Sản phẩm có mùi thơm dễ chịu. Xài êm mướt không bị rít, phù hợp da nhạy cảm",0,0,True,0.9419093681201296,0.05809063187987042
163,"Mùi hương:thơm Dành cho da:mọi loại da Công dụng:đẹp da  Đã nhận được hàng rồi, shop đóng hàng cẩn thận, ship nhanh, shipper nhiệt tình thân thiện, mình đã té thử, sản phẩm rất tốt, minh sec ghé shop khi có nhu cầu",0,0,True,0.9646678647768783,0.035332135223121744
164,"Bao bì/Mẫu mã:ok Hương vị:ok  Tệ đặt 2 lần liền đều bị vỡ lần 1 ship còn k giao luôn lần 2 thì bị bục ít, mong shop đóng gói cẩn thận và kỹ hiwn chưa hãng nào mik mua sữa mà bị như này.",1,1,True,0.10635199618426339,0.8936480038157366
165,"Mình rất hài lòng với sản phẩm mua trên Shopee. Hàng giao nhanh, đóng gói cẩn thận, sản phẩm đúng mô tả và chất lượng tốt so với giá tiền. Sử dụng thấy rất ổn, không có lỗi. Shop tư vấn nhiệt tình, phản hồi nhanh. Sẽ ủng hộ shop trong những lần mua sau. Hình ảnh chỉ mang tính chất nhận xu",0,0,True,0.9760112534111302,0.0239887465888698
166,"thùng ghi tặng thêm sữa mà k tặng  Hàng đúng mô tả, đóng gói cẩn thận, giao nhanh. Chưa dùng lâu nhưng nhìn ổn, sẽ ủng hộ shop lần sau",1,0,False,0.7835866673934859,0.21641333260651402
167,"Làm đẹp:d Hương thơm:x  Đóng gói rất cẩu thả, có chống xốc như khoing, bị gãy vòi rồi dầu xả đổ hết",1,1,True,0.41416039146880557,0.5858396085311944
168,"Sản phẩm không hư hỏng, dùng tốt, còn hạn sử dụng, giao hàng nhanh",0,0,True,0.8164075445402857,0.18359245545971423
169,"Một trải nghiệm mua hàng phải nói là quá tệ, đây là lần thứ 2 mình đặt đơn lại mà vẫn bị giao sai. Mình đặt kiềm dầu lại giao cấp ẩm. Thật sự k hiểu một trang bán hàng mall mà làm việc thế nào luôn. Trước khi gửi lại đơn này mình cũng nhắn cho shop kiểm tra lại kĩ hãng gửi. Thế mà đến tay lần nữa vẫn sai combo y hệt. Xin phép đánh giá thấp về 2 lần trải nghiệm này.",1,1,True,0.0309278279125913,0.9690721720874087
170,Mùi hương:thơm Độ lưu hương:5-6h  Lúc đầu hơi nồng nhưng về sauu hương thoang thoảng thơm ácccc mùi này ngọt nồng hong hợp trời nắng nóng đâu nhá tui thấy nên sử dụng mùa đông hoặc buổi tối thuii,0,0,True,0.7933924559552451,0.2066075440447549
171,"Chất lượng sản phẩm:chưa sử dụng chưa biết  Shop quảng cáo duy nhất ngày 15/6 mua hàng dc tặng kèm túi Aveeno thì ko thấy tặng. Sản phẩm thì ko có hộp (chỉ gói trong bọc chống sốc), trọng lượng thì nhẹ hơn so với hộp chính hãng bán trong siêu thị mẹ và bé. Săn sale mua nửa giá tiền nào của nấy. Mua lần đầu hàng của shop mà rất thất vọng.",1,1,True,0.13400033780692167,0.8659996621930783
172,"Mình phải sửa lại đánh giá, đủ 33 gói, nhưng gói nhỏ hơn & ít hạt hơn, cũng không đủ loại hạt như trên bao bì, nói chung chất lượng hạt không bằng lần trước mình mua. Giảm giá sale cho cố vô rồi làm giảm chất lượng sản phẩm thế giảm giá làm gì thà bán giá gốc. Đánh giá 1 sao gì shop Mall mà làm ăn gian dối không trung thực 👎",1,1,True,0.21429785785761923,0.7857021421423808
173,Không có mùo thơm gì hết trơn không mua lại nửa đâu giặt cho bé mà,1,1,True,0.14786369539223787,0.8521363046077621
174,"Quá tệ và bực mình 😡 Sao shop có thể nghĩ tới việc đóng chung đơn sữa với nước lau sàn với nhau được vậy? Sữa thì cũng không chống sốc, nhận hàng bẹp dí vỏ hộp nhàu nát như đồ vứt đi.  Yêu cầu shop làm việc lại với nhân viên đóng hàng để không còn tình trạng ghép đơn vớ vẩn như này nữa.",1,1,True,0.02268891391142569,0.9773110860885743
175,"Thất vọng tràn trề mua biết bao nhiu lần không sao, lần này srm đổ ra tùm lum",1,1,True,0.055664192117182876,0.9443358078828171
176,Đóng gói sp bang cai thùng mỏng lét .nhận đc hộp sữa thì như thế này,1,1,True,0.09759630669211672,0.9024036933078833
177,Hương vị:giao hàng chậm trễ thiếu hàng k bjo mua lại nữa chấp nhận bỏ 1hộp kem sữa đặt luôn quá tệ đặt có 2 thùng sữa với 1h kem sữa đặt cũng giao thiếu,1,1,True,0.03282967094169709,0.9671703290583029
178,"Lừa đảo nhé mọi người ơi, không có quà tặng kèm theo gì hết nhé. Tẩy chay shop này, chưa dùng nhưng nghi là hàng nhái, không có xuất hoá đơn GTGT cho khách hàng là rõ ràng là hàng giả rồi",1,1,True,0.03466110551304846,0.9653388944869515
179,"Hiệu quả:tốt Thiết kế:ổn  mua hộ bố nên ko rõ, thấy bố dùng tốt, ổn á.. giao diện nhỏ gọn",0,0,True,0.8961507844814798,0.10384921551852017
180,"Vị ngọt thanh, có chút vị ngậy nhẹ, sữa thơm ngon, dễ uống. Mặc dù là shop đóng gói cũng khá cẩn thận. Nhưng có thể do quá trình vận chuyển, một số lốc vẫn hơi móp nhẹ. May k ảnh hưởng gì. Mong shop lưu ý đối với hàng dễ vỡ. Sp này mình mua lần đầu, với sp sữa tươi date gần như mới nguyên, còn loại này thì như mình chụp. Còn được khoảng 4 tháng. Hi vọng lần tới shop gửi hàng date mới hơn. Sẽ tiếp tục ủng hộ shop.  Lần này được tặng bộ đồ chơi gỗ cân bằng, rất đẹp.",0,0,True,0.594760661469411,0.4052393385305891
181,Rất xịn sò nha các chị e oi. Hình ảnh mang tính chất nhận xu ạ. Iu thương,0,0,True,0.9026333345567998,0.0973666654432001
182,"Sữa vị không ngon, giao thiếu cái ly, đặt để lấy ly mà không giao ly",1,1,True,0.10639178659273563,0.8936082134072644
183,"Hương thơm:mùi thơm lâu, dễ chịu Làm sạch:sạch quần áo tốt  Sản phẩm tốt, hương lưu trên quần áo lâu, rất dễ chịu. Sẽ ủng hộ shop vào lần tiếp theo nhé",0,0,True,0.9803210410027324,0.01967895899726757
184,"Bao bì/Mẫu mã:rach Hương vị:dỡ  Sữa có 1 bịch bị rách nhưng shop k lấy ra làm hôi toàn bộ sữa , võ thì rách",1,1,True,0.028447151991661812,0.9715528480083382
185,"Độ lưu hương:2h - 3h Mùi hương:nhẹ nhàng tươi mát và béo ngậy  không khổ công đợi nhe chùi, nếu bà nào muốn mùi béo ngây kem với 1 chút hương việt quất nhẹ như 1 miếng cheese cake thì chai Winter Berry là chân ái nha🫐🍰, còn chai Snow Baby thì nó sẽ nhẹ nhàng nó thanh mát mà nó mùi dâu sting á mấy bè mùi cực kì ưng luôn không thề bị nồng nha rất rất zịu cho bà nào vibe tiểu thư, công nương bánh bèo sang chảnh 🫦🍓",0,0,True,0.7348118646451643,0.26518813535483565
186,"Làm đẹp:loại ngừa mụn , 400ml , dán bọc đóng gói cẩn thận kĩ càng, giao nhanh",0,0,True,0.9046646182880118,0.09533538171198822
187,"giao hàng nhanh đóng gói chắc chắn , mùi dịu nhẹ không nồng , ko bết dính mình dùng cảm thấy oki la mọi người tham khảo mua nha",0,0,True,0.9322404005269298,0.06775959947307021
188,"sản phẩm giống hình, giao hàng nhanh, quà tặng kèm k có và cách shop tư vấn k thoả đáng",1,1,True,0.19803788716319082,0.8019621128368092
189,Đăng mẫu mới giao mẫu cũ Sản phẩm không giống mô tả Date hơn 1 nửa,1,1,True,0.2506862907283264,0.7493137092716736
190,Lợi ích:không có quà tặng,1,1,True,0.03503893817138182,0.9649610618286182
191,"Dùng chán ko tả ko. Ko bông, mà chỉ tơi đc 1 ít, tầm 30p sau x2 độ bết và nặng đầu.",1,1,True,0.1720812941581099,0.8279187058418901
192,"Tặng cái thang dễ thương, nhưng giao hàng quá lâu, nhiều quá tặng xinh hấp dẫn",1,1,True,0.22487802660030087,0.7751219733996991
193,"Màu sắc:3 màu Chất liệu:thun lạnh  Chất lượng hình in khá tệ, mặc được 1 lần đã bung ra hết",1,1,True,0.47937094651123746,0.5206290534887625
194,Mẹo:đưa ko đúng hàng đã chọn buồn,1,1,True,0.1503441976560116,0.8496558023439884
195,Nhân viên gói hàng bóc mất mã qr quét thưởng. Mở hộp mất mã qr có vết cao su đã bóc chai,1,1,True,0.20229008033291218,0.7977099196670878
196,"Công dụng:tot Độ bền màu:tot  Em này quốc dân quá rồi, mình sài chắc hơn 20 chai rồi đó sài cả 2-3 năm nay rồi, ngon bổ rẻ thật nha, lúc nào cũng mua 1 lúc 2 chai dùng dần, mình chỉ bôi chống nắng nên tẩy trang sạch, không rát da, bạn nào trang điểm loại này không si nhê nha",0,0,True,0.843572600554321,0.15642739944567896
197,"Đỉnh, giao cẩn thận, rất hài lòng nhé shop ưng nha, giá cũng ổn hài lòng nè",0,0,True,0.9284692436198673,0.07153075638013273
198,"Mùi hương:Ok Dành cho da:dau mun Công dụng:Tham, mun  Đóng gói chắc chắn, còn chất lượng để dùng mới biết",0,0,True,0.9447230856025032,0.055276914397496824
199,Hàng bị đổ chảy dính đầy thùng.,1,1,True,0.10566560593340879,0.8943343940665912
200,"Đóng gói sơ sài, hộp thì bị vỡ, hộp thì móp góc. Thùng ngấm sữa rách tan tành, mùi chua nồng nặc.",1,1,True,0.04693143853773907,0.9530685614622609
201,"Đặt 2 hộp bị móp 1 hộp, hộp chèn bóng khí thì k thể móp ntn đc, ntn có khi móp trc khi vận chuyển nhg vẫn cố cho vào cho khách 😡",1,1,True,0.02516767770635142,0.9748323222936486
202,"Mua đợt khuyến mãi, shop ghi rõ tặng 1 chai 750ml, mình đã đặt được đơn hàng rõ ràng nhưng khi đi đơn xong shop mới nhắn hết chai 750ml, tự ý thay bằng 4 chai 100ml. Shop không rõ ràng với khách hàng và không kiểm soát được số lượng chương trình khuyến mãi của mình.",1,1,True,0.06590581972425769,0.9340941802757423
203,"Hàng thì ko cho đồng kiểm , cái này cũng chấp nhận đi . Đơn hàng 6 triệu mà đóng gói sơ sài , mỡ ra hên là bể 1 hộp mình cũng cố gắng nhận .  Tháng nào mua 4 hộp thì đóng gói tốt . Tháng nào mua 8 hộp là đóng gói bễ tùm lum .",1,1,True,0.08034257912860598,0.919657420871394
204,"Giao thiếu hàng, chối bỏ trách nhiệm. Khi mua trong giỏ hàng có hiện nhưng giao thiếu sản phẩm",1,1,True,0.07495070630304679,0.9250492936969532
205,"Hương vị:socola Bao bì/Mẫu mã:như mô tả  Ngon nè, giá rẻ hơn mua bên ngoài, ming con uống sẽ cao lớn hơn",0,0,True,0.7376785137554687,0.2623214862445313
206,K biết làm sao lần này uống bị sủi bụng. Xong đi ỉa,1,1,True,0.1484238952559115,0.8515761047440885
207,Hương vị:mùi dừa  Nhiều công dụng nhưng mùa lạnh bị đông lại nhưng dùng vẫn ok,0,0,True,0.7077759750806312,0.2922240249193688
208,Sản phẩm có quà tặng nhưng không gửi quà tặng,1,1,True,0.025465703275111773,0.9745342967248882
209,Đã nhận được sản phẩm đúng mô tả. Nhưng ngày sản xuất cách ngày mua xa quá. Mua tháng 11/ 2025 mà sản xuất tận tháng 9/2024. Chắc sản phẩm này bán không chạy hay sao. Ngày sản xuất ko in trên chai mà dán nhãn lên. Cái này chắc để thay đổi ngày sản xuất cho dễ để lừa người tiêu dùng cho sản phẩm hết hạn.,1,1,True,0.16078022156841398,0.839219778431586
210,Mình hài lòng với sản phẩm nhận được và sẽ ủng hộ thêm khi có nhu cầu,0,0,True,0.8000143760002113,0.19998562399978873
211,Hương thơm:k biết Kinh nghiệm sử dụng:chưa dùng  Bảo có kèm quà tặng đến lúc nhận k có :))),1,1,True,0.22417393616717463,0.7758260638328254
212,"Shop đóng hàng rất ẩu luôn  Nhận hàng thì hộp móp méo,bị đổ hết cả ra Mong shop lần sau chú ý đóng gói cẩn thận hơn",1,1,True,0.09005722143746231,0.9099427785625377
213,"Phù hợp với loại da:ok Mùi hương:ok Công dụng:ok  mùi lạ hơn so vs nhiều lọ mình từng dùng nhưng k quá hắc, thơm nhè nhẹ thôi, dưỡng ẩm vừa phải k quá tốt",0,0,True,0.937316425833735,0.062683574166265
214,"Công dụng:tẩy trang  Đây vẫn là tẩy trang chân ái của mình Làm sạch da rất tốt, 2 lớp dầu nước lấy đi bụi bẩn rất kĩ càng 💯💯💯💯💯",0,0,True,0.8145024562585821,0.18549754374141797
215,"Chất liệu:cotton Màu sắc:nhiều  Chất lượng tuyệt vời, vượt xa mong đợi! Chất vải mềm mại, co giãn tốt và cực kỳ thoáng khí – mặc cả ngày vẫn thấy thoải mái, không bí bách hay khó chịu. Thiết kế ôm vừa vặn, không bị lằn hay tuột, mang lại cảm giác tự tin trong mọi hoạt động. Đường may chắc chắn, tinh tế, không gây cộm hay chà xát vào da. Ngoài ra, form dáng hiện đại, tôn dáng mà vẫn giữ được sự lịch sự, nam tính. Một món đồ cơ bản nhưng đầu tư xứng đáng – vừa chất lượng, vừa thẩm mỹ",0,0,True,0.6513759815314484,0.3486240184685517
216,"Nhận đc hàng nhưng bị móp từ hộp giấy bên ngoài đến hộp sữa bên trong, hơi buồn",0,1,False,0.1025479408021458,0.8974520591978542
217,Mẹo:xoa lên tóc Bao bì:cg đc Hương thơm:thơm nha  Nên mua nha mọii người oiii hình ảnh chỉ mang tính chất minh họa thoiii,0,0,True,0.9670411163103835,0.03295888368961651
218,Chất lượng tốt. Nghe hay. Nhưng mới nửa tháng tai bên phải hư rồi,1,0,False,0.5063578979018033,0.49364210209819676
219,"Độ tuổi sử dụng:ok Chất lượng sản phẩm:ok  Hay mua đồ cho bé bên shop, shop ship hơi lâu mà dc cái nhiệt tình, giá rẻ, sẽ ủng hộ lần sau nếu có nhu cầu, sr vì hình và clip ko liên quan đến sp",0,0,True,0.9119401287159787,0.08805987128402129
220,"Chất lượng sản phẩm:Dùng app của Enfa A+ quét mã QR ra thông tin ENFAGROW A2 S3 800g thì shop bảo ko sản xuất loại như trên, ủa hoá ra tôi mua sữa giả🙃,",1,1,True,0.13520112990490074,0.8647988700950993
221,lừa đảo ghi tặng thêm quà 12/12 mà giao tới k có quà nhãn hàng lớn mà lừa thế chịu rồi,1,1,True,0.035350825391783025,0.964649174608217
222,Săn sale mua có quà balo vs bình giữ nhiệt. Shop giao ko có quà.,1,1,True,0.2162388965258284,0.7837611034741716
223,Hàng chính hãng không có gì để nói về chất lượng canh sale mua nè,0,1,False,0.38025621435468127,0.6197437856453187
224,"Giao hàng nhanh, đóng gói cẩn thận, đáng tiền mua, sẽ ủng hộ tiếp",0,0,True,0.9876923315572488,0.01230766844275123
225,"Thùng hàng móp méo, rất tệ. Màu sắc thùng so với những lần trước mình mua cứ như hàng cũ, hàng giả vậy. Thất vọng",1,1,True,0.02672963153827268,0.9732703684617273
226,"Bao bì/Mẫu mã:đẹp mã nhưng hàng rất dởm, tệ!  Sử dụng sấy tóc được khoảng 1,2 tuần đã nghe mùi khét nhẹ nhưng lúc đó nghĩ do hàng mới nên có mùi. Đến hôm nay ĐANG DÙNG THÌ BỐC CHÁY BÊN TRONG ĐỎ RỰC. Thực sự lúc nãy rất hoảng, bốc khói vàng đồng thời có tia LỬA bên trong, mùi khét nồng nặc. Chỉ mới mở máy chưa đầy 1 phút thì bốc cháy. CẢNH BÁO KHÔNG NÊN MUA!!! HÀNG RẤT TỆ. 💥💥💥",1,1,True,0.15173725172193442,0.8482627482780656
227,"Thay shop mall tưởng uy tín, mua lần 2 khui ra bể và phồng rộp 6 bịch, rồi k dám uống nguyên thùng, nt shop, shop keu để shop kiểm tra lại?",1,1,True,0.08581260760217047,0.9141873923978295
228,"Công dụng:tẩy trang làm sạch sâu dành cho da dầu, dưỡng ẩm nhẹ  Săn sale giá khá mềm còn được tặng thêm quà, thương hiệu này khá là ok nha",0,0,True,0.9802714648499898,0.019728535150010173
229,Lợi ích:1 mat dau khoong  Chắc t sẽ kh mua lại kem chống nắng này vì có lẽ kh hợp nó châm chích mà bị bết cuối ngày thì đừng nói tới xuống tone da mặt đen lắm…da dầu thì càng đổ dầu thêm,1,1,True,0.2862365044695362,0.7137634955304638
230,Đóng gói sơ sài bị bể mấy bịch,1,1,True,0.0689867636114202,0.9310132363885798
231,"Mua trên live shopee xử lí được giá quá ngon luôn. Sữa đặc ngon nha, pha cà phê tuyệt vời",0,0,True,0.8233749517121893,0.17662504828781073
232,Hình ảnh mang tính chất nhận xu  Shop giao hàng nhanh  Đóng gói cẩn thận,0,0,True,0.9885811485688736,0.011418851431126418
233,"Mùi hương:thơm dịu, vừa phải  Lần sau sẽ tiếp tục ủng hộ shop, hàng chính hãng lại còn chất lượng, rất an tâm khi sử dụng.",0,0,True,0.9266870850486205,0.07331291495137948
234,"Mua 1 loại , gửi lại 1 loại khác là kiểu gì??????? Làm ăn quá chán. Ko chấp nhận đc",1,1,True,0.08376635894429307,0.9162336410557069
235,"Không nhận được sản phẩm km như giới thiệu,khiếu nại thì k giải quyết quá kỳ cục.",1,1,True,0.03327635278113994,0.9667236472188601
236,Giữ nhiệt:giữ nhiệt lâu Chất lượng:tốt Thiết kế:dễ thương  Sản phẩm dùng tốt thiết kế dễ thương giữ nhiệt lâu,0,0,True,0.8651308655416242,0.1348691344583758
237,"Túi đẹp, đứng form, mẹ mình thích lắm. Hình ảnh và video chỉ mang tính chất nhận xu.",0,0,True,0.9624752392855404,0.0375247607144596
238,Giao nhanh đúng mẫu đóng gói kỉ lắm mới đặt đây mà đã giao rồi cô gái hà lan đã dùng nhiều rồi,0,0,True,0.7878885651052764,0.2121114348947236
239,Ghi đc tặng giấy ướt mà nhận đc k có,1,1,True,0.06651803432423176,0.9334819656757682
240,Gửi hàng sắp hết hạn sử dụng. Mình có yêu cầu hoàn tiền mà 15 ngày rồi chưa nhận đk tiền. Rất bức xúc vs đơn hàng này. Mang tiếng hàng chính hãng. Chat vs shop thì k được phản hồi. Tóm lại là thất vọng,1,1,True,0.08148447485792798,0.918515525142072
241,"Thật sự khâu đóng gói của shop càng ngày càng tệ . Mình nhận được hàng trong tình trạng đóng gói xơ xài có vết bẩn , hạn sử dụng con bị bay mất 1 nửa , đơn có quà tặng thì không thấy đưa quà 🥲. Mình mong nhãn hàng có thể cải thiện việc đóng gói được sạch sẽ và chỉnh chu hơn để có thể mang lại sự yên tâm với khách hàng",1,1,True,0.20269331890527842,0.7973066810947216
242,xl hình ảnh chỉ mang tc minh hoạ. Đã nhận son màu siu ưng nhen,0,0,True,0.8384010215393378,0.16159897846066212
243,"Chất lượng sản phẩm:ok Tính năng nổi bật:ok  nói chung là xài ổn áp, tui thấy shop bán đồ xài bền, ok sẽ ủng hộ shop tiếp nhe hehe",0,0,True,0.9526957699039453,0.04730423009605472
244,Cbi hàng nhanh nhưng giao cực lâu sản phẩm tốt nưbsbuswj sư iw,0,0,True,0.7682833668044918,0.23171663319550814
245,"Có khung dán dễ. Nhưng khi sài thì k bền lắm, rớt ở độ cao khoảng 15cm là cái màn hình đã nứt 1 góc r.. lần đầu nứt là do lỗi người dùng.. chứ lần 2 nứt là do chất lượng r.. rẻ nên chắc k đc bền.. mua sài",1,1,True,0.09807479434529354,0.9019252056547065
246,San pham tot rat on dung giu dc lau k bi anh huong boi tac dong nao,0,0,True,0.8604051429767073,0.13959485702329263
247,"Ảnh mang tính chất nhận xu, thông cảm, đã nhận được hàng, cũng nhanh, mua lần đầu rồi ok lắm, sẽ ủng hộ tiếp nếu co dịp tiếp",0,0,True,0.9745141603116073,0.025485839688392683
248,Hình ảnh và video mang tính chất nhận xu  Thời gian giao hàng nhanh,0,0,True,0.9644431862355645,0.03555681376443558
249,Đóng hàng vận chuyển quá kém,1,1,True,0.08222991068117258,0.9177700893188274
250,hàng tốt. giao hàng nhanh  shop đóng gói cẩn thận.  sẽ ủng hộ shop lâu dài,0,0,True,0.9840089662009254,0.015991033799074676
251,"Hương vị:ok Bao bì/Mẫu mã:ok  Sale ko đk bn, ổn ok :  đã mua nhiều laaf  rôfi. Mua lại mà sale ít quá,",0,0,True,0.8001701580402146,0.19982984195978537
252,"Sản phẩm đúng mô tả, đóng gói cẩn thận, sẽ tiếp tục ủng hộ shopp",0,0,True,0.9364308539591512,0.06356914604084882
253,"mua 1 lần mà dính tới giờ, dùng sướng lắm mọi người ơiiiii, nên mua nkaaaa",0,0,True,0.5530826103569044,0.44691738964309563
254,Mấy lần trước mua bình thường lần này mua bị bể mấy bịt sữa nhận khui ra nó chua lè hôi rình thùng sữa định trả hàng mà tội nghiệp shipper vận chuyển tới lui nên đem rửa sạch mấy bịt kia lại M biét có uống được không nữa,1,1,True,0.04907703350903314,0.9509229664909669
255,Ghi tặng quà mà lại kg tặng. Treo đầu dê bán thịt chó.,1,1,True,0.03789770890670818,0.9621022910932918
256,Sop dao thiếu hang qua tặng kèm một chải dau  I’m,1,1,True,0.07214064803793585,0.9278593519620641
257,"Đã nhận được hàng, giao nhanh đóng gói cẩn thận sau sẽ ủng hộ tiếp",0,0,True,0.9907376570528568,0.009262342947143204
258,Không có quà tặng kèm theo như mô tả,1,1,True,0.0368823907447543,0.9631176092552457
259,"Bao bì:sản phẩm trầy  Máy công suất có đúng là 2800 k, hồi đó dùng máy 2200 mà còn mạnh hơn. Máy có mùi, k biết dùng lâu có hết k",1,1,True,0.34429408518383464,0.6557059148161654
260,Bảo mua 1 tặng 1 mà đem về chỉ có 1,1,1,True,0.09747993792218601,0.902520062077814
261,Kiểm soát dầu:giống như shop gửi hàng đã qua sử dụng rồi á thấy ko có van hay đóng kem kỹ j hết đóng gói còn ko kỹ càng nhìn là biết không chất lượng rồi thôi không nên mua đâu,1,1,True,0.14228009032124,0.85771990967876
262,Mua mấy lần rồi nhưng lần này thất vọng quá. Thùng hôi sữa bể ươca thùng mà còn ráng đóng gói kĩ để giao khách lun,1,1,True,0.07421395062333103,0.925786049376669
263,Làm sáng da:da trắng hơn sau khi sử dụng Dưỡng ẩm:cấp ẩm sâu và mềm mượt Khả năng thẩm thấu:thẩm thấu nhanh Mùi hương:mùi thơm nhẹ,0,0,True,0.968561990090145,0.031438009909855
264,Shop đóng hàng cẩn thận. Sản phảm có mùi thơm  dịu nhẹ dndnskd j,0,0,True,0.9121390836160399,0.08786091638396011
265,Dành cho da:Ko nhớ Công dụng:làm trắng Mùi hương:mùi thơm  L’Oréal thì ko cần phải nói nữa rồi ạ. Mình mua không biết nào nhiêu lần rồi ạ. Đóng gói lại rất kĩ nữa. 10₫ Ko có nhưng,0,0,True,0.6966719755214849,0.30332802447851515
266,"Sản phẩm nhận không như mong đợi, mỏng, nón không được cứng cáp, đội mất form không đẹp 👎👎",0,1,False,0.12307814945202789,0.8769218505479721
267,2 lần mua liền nhau mà o đơn nào có quà hàng lần nào đến tay thì cũng nát,1,1,True,0.13643612820804896,0.863563871791951
268,"mua bn lần sàn khác k sao, mua 1 lần trên đây tởn đến già. nhận hàng mà sock bởi cách đóng gói :)))",1,1,True,0.12955287565927087,0.8704471243407291
269,"Hàng họ ko đến nỗi nào. Mà nhìn cái hộp và cách đóng gói đúng kiểu cẩu thả vô trách nhiệm. May mà vừa size.....!!!!      Mọi người trước khi mua hàng nên để ý những cmt 2 sao hoặc 3 sao. Đừng quá mải mê với những cmt 5 sao vì có thể những cmt đó là của chim lợn hoặc chim mồi. Hoặc chỉ đơn giản là nhưng cmt đó của những người dễ tính hoặc chưa trải nghiệm sản phẩm kỹ đã vội vàng cmt Đã nhận được sản phẩm và đang trong quá trình Test. Nếu ổn sẽ quay lại Review chi tiết hơn về sản phẩm này. Mọi người khi mua hàng hãy cứ trải nghiệm sản phẩm trong một khoảng thời gian để có cái nhìn rõ nhất về sản phẩm. Rồi hãy quay lại đánh giá sản phẩm một cách khách quan và chi tiết nhất có thể, cũng như yêu cầu trả lại sản phẩm nếu như thấy nó không xứng đáng với số tiền đã bỏ ra. Hãy là người mua hàng thông thái và hãy giúp những người mua sau có cái nhìn chi tiết nhất về sản phẩm mà họ định mua. Cùng nhau chung tay loại bỏ đám gian thương lưu manh chộp giật!!!",1,1,True,0.11244237232300958,0.8875576276769904
270,Độ tuổi sử dụng:1-3 tuổi  Lần đầu mh mua. Mà đã mạnh dạn làm combo vì thấy nhiều đánh giá tốt. Nhưng hàng của mh khi nhận 1 hộp bung cả nắp. 😒 Hoang mang về chất lượng bột bên trong luôn 😢,1,1,True,0.4201281991955016,0.5798718008044984
271,"Bao bì:nhìn như hàng cũ v á tr băng keo dính hết tay luôn Lợi ích:chưa biết Hương thơm:chưa biết  Lúc trc mua ngoài tiệm thấy loại simple xanh lá này sài ổn nên mua lại,lần này mua onl thử thấy fback đánh giá tốt quá tr mà trải nghiệm hàng như cj luôn ấy Chưa sd nhưng mở hộp ra là thấy ko chống sốc cx ko có bọc hàng lại luôn! V mà 94🍀 t mua ngoài tiệm có 8 mấy cành mà hàng siu tốt luôn á . rồi thấy shop để tặng quà vaseline j đó cx no luôn!  Ko có j ngoài cái hộp vs chai srm keo ko còn bụi nữa như hàng tồn kho, hàng cũ v â tr Lần đầu tiên mua onl mà có trải nghiệm tệ vậy luôn á hàng gói sơ sài mà giá còn mắc hơn ở ngoài nữa :""))",1,1,True,0.06250872430311594,0.9374912756968841
272,Hàng dể đổ vỡ nên đặt giao thường hang hoa bi hư. Mua hàng nên đặt hoả tốc còn không không nên mua nha.,1,1,True,0.2597588794810065,0.7402411205189935
273,"Kinh nghiệm sử dụng:mua 3 max sản phẩm , mã nào cũng có quà mà gửi về k có 1 cái quà gì . Sop bịp à Mẹo:k bao giờ quay lại mua lần nào nữa , làm ăn chán kinh",1,1,True,0.08620802988268461,0.9137919701173154
274,Chất lượng:ok Độ ngọt:ok  Sp ok. Ảnh và video chỉ mang tính chất nhận xu. Săn sale,0,0,True,0.9793883515879895,0.020611648412010478
275,Ủa là sao ta là gửi trả đồ lại không hoàn tiền lại cho mình xong rồi chặn không cho mình nhắn tin nữa à shop ơi….,1,1,True,0.058672596648485675,0.9413274033515143
276,"Lợi ích:sangs da, mờ thâm  Serum mùi dễ chịu, thấm nhanh cũng khá phù hợp với da hỗn hợp thiên dầu, hiệu quả làm trắng chưa rõ lắm cần sử dụng lâu dài",0,0,True,0.9397752017851206,0.06022479821487938
277,phấn bị tràn ra ngoài là sao???,1,1,True,0.1015498722708702,0.8984501277291298
278,"Ghi tặng quà mà ko có tặng khách hàng, sau đó hỏi thì bảo fai chọn vào mua chỗ deal sốc. Cả 1 hãng lớn mà nhập nhèm ko rõ ràng",1,1,True,0.02969160424756012,0.9703083957524399
279,Chất lượng sản phẩm:cx ok Độ tuổi sử dụng:bé vs người lớn đều sài đc  Mk dùg thử thấy da mềm hẳn sản phẩm đág mua nha ạ,0,0,True,0.8944206958475822,0.1055793041524178
280,"Hình ảnh không liên quan, sản phẩm chất lượng nên mua nha mọi người",0,0,True,0.8811789735150037,0.11882102648499623
281,Đóng hàng cẩn thận mà vẫn bị 1 lọ bị đổ ra ngoài dó dán băng dính ko chắc chắn,1,1,True,0.11520552722803656,0.8847944727719634
282,"mua cho mẹ dùng, mẹ mình chỉ dùng mỗi hãng này thui, rẻ mà ok lắm nha",0,0,True,0.9113437079955946,0.08865629200440543
283,"Sản phẩm tốt chất lương giao hang nhanh chong sẽ tipe tuc ung ho them nua, hinh anh chi mang tinh chat nhan xu",0,0,True,0.9945548093287276,0.005445190671272409
284,Giao hàng nhanh đóng gói kỹ cảm ơn shop sẽ mua thêm lan sau nữa d,0,0,True,0.9725334484556206,0.02746655154437942
285,Bao bì/Mẫu mã:đẹp Độ tuổi sử dụng:5 tháng Chất lượng sản phẩm:mới sử dụng chỉ ngày bú 60ml kèm bú mẹ  Nhưng thấy bé đi ị ít có ngày k đi ị sowj bé bị táo,0,0,True,0.5634355756370398,0.43656442436296017
286,"cả khâu đóng gói và giao hàng đều thiếu trách nhiệm ,dẫn tới việc hàng tới tay khách bị móp méo ,rách cả hộp",1,1,True,0.0853819417820032,0.9146180582179968
287,"thấy có mua 1 tặng 1 trên live nên bấm mua ngay, nhưng mở ra chỉ thấy có 1 chai, còn chai nhỏ quà tặng thì không có Thế thì để deal làm gì, treo đầu dê bán thịt chó à",1,1,True,0.05786900881614487,0.9421309911838551
288,"shop chuẩn bị hàng nhanh đóng gói thì sơ sài,sữa bị vỡ hôi thối mong shop cẩn thận hơn định trả hàng mà lại thôi hoan hỉ",1,1,True,0.3136043956996485,0.6863956043003515
289,Bao bì xinhhhhh xẻo ship hàng siêu nhanh luôn ạ đóng gói cẩn thận,0,0,True,0.9014770506014682,0.09852294939853179
290,Shop ghi tặng bàn chải nhưng không thấy bàn chải. Haizzzzzzz,1,1,True,0.030598073162131256,0.9694019268378687
291,Chất lượng chăm sóc khách hàng quá tệ,1,1,True,0.03985292136211538,0.9601470786378846
292,Kinh nghiệm sử dụng:dung lam kho toc Mẹo:say toc Bao bì:tam tam  Sản phẩm dùng cũng ok nha mọi ngươi kho toc nhanh,0,0,True,0.9200145914531301,0.07998540854686988
293,"Phù hợp đi du lịch, sạc tầm 2 tiếng và cạo khá sạch. Hình ảnh và video mang tính nhận xu",0,0,True,0.8819616777289031,0.11803832227109692
294,Nói là tặng kèm mà k có gì .,1,1,True,0.038637789030344205,0.9613622109696558
295,"Giao hàng nhanh, loại này hợp với dân văn phòng ít ra ngoài như mình, bôi lên k bết rít, thấm vào da liền",0,0,True,0.537117337250231,0.46288266274976897
296,"Lần đầu mua hàng của shop, đóng gói chỉnh chu, sản phẩm đẹp nhưng mọi người đặt nên lên 1 size để mang thoải mái hơn chút nhé",0,0,True,0.6677003833414306,0.33229961665856944
297,Mình bấm vào giỏ hàng mình mua mình có thấy để quà tặng nhưng mình nhận hàng thì không có quà tặng,1,1,True,0.048217283088327734,0.9517827169116723
298,Mk mua trang chính hãng mà bị bẩn với móp lọ như hàng giả vậy á,1,1,True,0.12363555909085877,0.8763644409091412
299,"Công dụng:comdoms  Good, đã mua nhiều lần! Sẽ ủng hộ tiếp",0,0,True,0.9758756953133728,0.024124304686627147
300,"Mùi hương:thơm Tính năng:sạch Chất lượng:ok  Giao hàng nhanh Kỳ này shop tặng chai nước sát khuẩn Và bịt xà bông thơm Okela,  Sẽ tiếp tục ủng hộ shop.",0,0,True,0.9781187756529446,0.02188122434705547
301,"Mùi hương:mùi dừa dễ chịu Chất lượng:đã dùng chai thứ 2, răng miệng sạch , thơm hơn, dễ uống, đã giảm dk 1 chút chút, sẽ mua và ủng hộ shop lâu dài.",0,0,True,0.9687490576597566,0.03125094234024339
302,"Shop làm ăn tệ dã man, kem nền giao sơ xài bung nắp, ko bọc sốp ko lót carton, khách báo thì nói khách xài hàng rồi nên bung nắp. Mua lần đầu cũng như lần cuối. Cskh quá sức tệ, gian dối. Trả hàng thì báo khách xài rồi nên bung nắp trong khi shop giao hàng bung nắp cho khách trong khi là hàng thuỷ tinh",1,1,True,0.04317191519943586,0.9568280848005641
303,Gửi date cận quá mua 3 thùng mà date tháng 6 sao uống kịp,1,1,True,0.1653314278597927,0.8346685721402073
304,Hương vị:sữa có vị ngọt tự nhiên và dễ uống Bao bì:thùng 48 bịch rất tiện lợi  Hình ảnh và video mang tính lấy xu,0,0,True,0.7389771827381276,0.2610228172618724
305,Trước khi nhận hàng cả nhà nhớ mở ra xem lại...giao sản phẩm hết hạn sử dụng... không đúng hàng...xem kĩ trước khi nhận hàng,1,1,True,0.10616261162292207,0.8938373883770779
306,"Hàng chính hãng, date xa. Hay khan hàng, toàn phải dự trữ. Giao hàng nhanh, đóng gói cẩn thận",0,0,True,0.8659992725956538,0.13400072740434624
307,"Hình ảnh mang tính chất minh họa, chất lượng tốt, biết thẳng 5 sao",0,0,True,0.912697999298732,0.087302000701268
308,"Chất lượng sản phẩm:đặt sữa này giao sữa khác 400g, làm khó không cho trả hàng hoàn tiền",1,1,True,0.0924252541715137,0.9075747458284863
309,Gửi toàn hộp bị móp méo,1,1,True,0.04969172274967082,0.9503082772503292
310,"Đồ của rẻ nhưng chất lượn, cấp ẩm tốt giao hàng nhanh sẽ vẫn ủng hộ shop",0,0,True,0.9520692665636713,0.04793073343632869
311,"Kinh nghiệm sử dụng:chuwa dungf bao gio Làm đẹp:sach da mun Mẹo:lan dau dùng  Thấy quảng cáo srm lành tính mình mua về dùng thử, giá cả thì lhair chăng, chưa dùng. Da lại hay lên mụn nếu phù hợp mình sẽ mua lại nhé",0,0,True,0.8762106050789136,0.12378939492108641
312,Dù shop có nói tặng kèm quà nhưng nhận đc hàng thì ko có,1,1,True,0.02458630568593767,0.9754136943140623
313,"Quảng cáo có tặng quà, lúc giao thì k có. Haizzz",1,1,True,0.03784702392368622,0.9621529760763138
314,Vòi bị kẹt không ấn được dầu gội ra,1,1,True,0.0846902002995098,0.9153097997004902
315,"Lỡ đặt nhầm 2 hộp sirum ban đêm, đã yêu cầu huỷ đơn hàng cho shop( huỷ khi đang chờ shop xác nhận đơn hàng) để đặt lại 1 sirum ngày, 1 sirum đêm thế mà shop ko đồng ý, vẫn cố gắng gửi cho tui 2 hộp đêm!!!",1,1,True,0.05210633326000513,0.9478936667399949
316,"Giao hàng nhanh, sản phẩm y hình Đóng gói cẩn thận. Nhân viên giao hàng nhiệt tình",0,0,True,0.9186975584503794,0.08130244154962062
317,Đây là lần thứ 2 nhận hàng shop giao k gửi kèm hàng tặng như mô tả,1,1,True,0.09198111276490362,0.9080188872350964
318,100k có giá của 100k này ngoài tiệm bán chắc là k dưới 200,0,1,False,0.2783591490817996,0.7216408509182004
319,Dưỡng tóc:ok Giảm gãy rụng:ok  Hình ảnh chỉ mang tính chất nhận được xu .mn nên mua nhé ạ..,0,0,True,0.9539966299475762,0.04600337005242383
320,giao hang  nhâh dong goi can  than dung bi kich ung ca 2 ng bi . zz,1,0,False,0.6444084938732626,0.35559150612673746
321,"Mẹo:sấy từ trên xuống dưới tóc sẽ thẳng Bao bì:cực ok Kinh nghiệm sử dụng:mùi thối  Đặc biệt cực ồn , shop tư vấn nhanh nhưng toii ko hài lòng lắm 😃😃",1,0,False,0.6417046084592097,0.35829539154079026
322,Sao ko thấy có qua tag vay shop.hình dag có mà mua ko có ak.,1,1,True,0.07003555586823929,0.9299644441317607
323,Bao bì:tam Kinh nghiệm sử dụng:tam  sản phẩm bị xước nhắn cho shop thì shop kêu gửi video nma trên bill shop không hề có chữ bóc hàng phải quay video thì lsao khách hàng quay video đc. Nói chung chăm sóc khách hàng tệ!!,1,1,True,0.052745495546500765,0.9472545044534992
324,Gói hàng nhìn cx hơi thảm nha  Sợ đi xa va đập nó bể hàng í  Giao hàng nhanh Simple mình dùng qua chai t5 rồi  Nên mua thử nhé,0,0,True,0.9110653254663208,0.08893467453367922
325,Hình ảnh và video mang tính chất minh họa nhận xu. Chỉ xài loại này,0,0,True,0.8998872206981131,0.10011277930188689
326,"Đóng hàng ẩu, đặt lần 1 thì tự dưng bị huỷ đơn, đặt lần 2 thì đóng ẩu hàng bị vỡ ra ướt hết nhưng ko có chính sách đền bù cho khách. Ko sát sao, ko đúng hẹn trả lời kiến nghị của khách",1,1,True,0.014975038167243881,0.9850249618327561
327,"Độ đều màu:đều màu Nâng tông:nâng tông nhẹ, tự nhiên Chất lượng:mịn, dễ tán đều  sản phẩm rất tốt nhé nên mua",0,0,True,0.9172496936180191,0.08275030638198089
328,"Độ mềm:mềm va khong bi xo bong Xơ bông:kh  Bông tẩy trang của hãng thì nổi tiếng rồi. Dùng tốt nha mọi người, không tốn quá nhiều nước tẩy trang",0,0,True,0.6221199616657361,0.37788003833426387
329,"👎🏻👎🏻👎🏻👎🏻 Trên live thì tư vấn cho hay để KH mua, đến khi về sd thì nổi mụn viêm, mụn đầu trắng, nt cho shop thì bảo đợi 4-5 ngày sd lại đến hơn 10 ngày sd lại vẫn bị kích ứng, nt hỏi thì tư vấn 1 đường trên live thì nói 1 nẽo, da t rất bt cho đến khi cứ sd toner này là có vấn đề, t sd BHA cách ngày xuyên suốt, nếu đã đẩy mụn thì đẩy từ lúc t mới dùng BHA rồi chứ cần gì dùng đến toner này rồi bị đẩy mụn @@, dùng 1 lần là đã lên mụn viêm mà nói đẩy mụn t cũng ạ , nt nói đến vấn đề da t đang gặp phải thì bác bỏ , da t t ko biết hay gì mà ngồi khẳng định da t ko phải lên mụn viêm nói như đúng rồi 🙏",1,1,True,0.12642826669184448,0.8735717333081555
330,"Thơm thích hợp với mùa lạnh nha , ai mà k thích kiểu bị ngấy quâ thì k lấy loại này nha , mình sài mùi như kiểu trong rạp chiếu phim ấy , riêng cá nhân mình thích mùi kiểu thanh thanh hơn mát mát thảo dược hơn nè , nhma sài quen thì thấy oki",0,0,True,0.5660627897159924,0.4339372102840076
331,"Tốc độ:nhanh kho toc Kích thước:nho gon, de dung Thiết kế:don gian  đã mua 2 cái, phù hợp giá tiền, 2 chế độ nóng lạnh phù hợp",0,0,True,0.8715726750551955,0.12842732494480452
332,Lừa đảo mua 4bich giao 2bich tính tiền 4 bich,1,1,True,0.23742565140944594,0.7625743485905541
333,"Mẹo:ok Lợi ích:ok Bao bì:ok  Hình ảnh chỉ để nhận xu, hàng chất lượng, cảm ơn shop nhé",0,0,True,0.9083491357430235,0.09165086425697654
334,"Mùi hương dễ chịu, lưu hương, tinh chất thoa lên tóc thấy suôn mượt",0,0,True,0.8918852570803657,0.10811474291963429
335,Mua lần trước có tặng1 lốc sữa. Mua lần này lại không tặng. Hóa đơn lúc mua là 315k. Nhắn tin shop không phản hồi. Chán ghê,1,1,True,0.042951672127563234,0.9570483278724368
336,đăṭ tắm gội giao sữa tắm không,1,1,True,0.2249110676341235,0.7750889323658765
337,"chưa màn đến chất lượng, nhưng nhìn packaging như để trong kho rất lâu rồi, nhìn rất bẩn nhé, tại không có thời gian ra shop mua nên mới đặt nma không hài lòng tí nào 🤡",1,1,True,0.27041837929184775,0.7295816207081522
338,"Không biết sản phẩm mọi người dùng như thế nào nhưng mình dùng bị châm chích rất nhiều, rất ngứa",1,1,True,0.3217644199243863,0.6782355800756137
339,Làm sạch:sạch Hương thơm:dịu  Sao bảo tặng nước tẩy trang  Có tặng đau trời Shop gì kì thế trời Quá đẳng cấp,1,0,False,0.5264753846934629,0.47352461530653717
340,sản phẩm không giống hình gửi trả son mà nói serum con mẹ tụi m hãng lớn mà làm ăn như quần què người ta,1,1,True,0.057177800456598815,0.9428221995434012
341,Trên like thì nói mua 2 chai 1l sẽ đuoc tặng 1 chai 500ml nhận hàng thì ko có chai 500ml phản hồi thì kiu quà tặng hết vậy trên like nói tặng chai 500ml chi vậy còn nói trong hình 3 chai sẽ nhận về 3 chai yh vậy nói mà ko có gian dối mua lần 2 rùi mà thất vọng ko bao giờ mua lại shop này,1,1,True,0.019949886467630962,0.980050113532369
342,Chất lượng:được tặng 1 lọ dầu gội đầu thank shop,0,1,False,0.3138112115436319,0.6861887884563681
343,Bao bì:ok  Đã sd h ms đánh giá . Mát lạh khi đắp . Sau 3 ngày thôi đã thấy cải thiện chút ít rồi. Rất đáng mua nh,0,0,True,0.6791228863792531,0.32087711362074695
344,"Chưa kể đến công dụng đi nhưng nhận hàng đã thấy ko ưng, ko có seal, làm sao biết dc là hủ kem mới hay đã dùng rồi ? Hộp móp méo ko giống hàng mới, ko có seal kem ko chảy nhưng nó đã loang ra nắp nhìn ko vừa ý, cả chai serum và cả hủ kem đều k seal mở ra cái 1 sao biét chắc chưa ai khui ra test thử",1,1,True,0.03393518231932069,0.9660648176806793
345,Giao hàng nhanh đóng gói cẩn thận chất lượng tốt phù hợp với giá thị trường Việt Nam okkkk,0,0,True,0.9652616706922879,0.0347383293077122
346,Mùi hương:thowm Chất lượng sản phẩm:tốt Đối tượng sử dụng:mọi  Mình dùng không biết bao nhiêu chai rồi.Phù hợp với ai có da đầu yếu và nhạy cảm như mình.,0,0,True,0.8540889519218882,0.14591104807811187
347,Sản phẩm cũng ok mình dùng chai thứ 3 rồi thây cũng ổn áp,0,0,True,0.8549686475408323,0.14503135245916768
348,"Shop đóng gói ẩu sữa bị chảy ra tè le hết, may khui ngay chứ để mấy ngày mới khui chua lè thúi quắc luôn",1,1,True,0.04729819568036753,0.9527018043196325
349,Cùng 1 chai dầu gội mua shop và siêu thị  Chai siêu thị thơm mượt còn chai shop mua thì ko thơm ko mượt. Ê nha nghi shop bán lắm á,1,1,True,0.392081111572644,0.607918888427356
350,"Mua được sữa với giá hời , hàng chính hãng nen yen tam mua cho con ạ",0,0,True,0.8125409907341212,0.18745900926587877
351,"Phù hợp với loại da:ok Mùi hương:ok Công dụng:ok  Chưa sử dụng nên chưa biết, thấy shop kèm theo quà chu đáo, ok good",0,0,True,0.9412633815348114,0.05873661846518865
352,"Mùi hương:không mùi Dành cho da:dầu, nhạy cảm, thường Công dụng:làm sạch da, giảm dầu, mụn, khoá ẩm làn da, giúp da sạch, sáng, mịn màng.",0,0,True,0.9537601285092663,0.046239871490733685
353,"Mùi hương:khoong cos Dành cho da:nhạy cảm Công dụng:rửa mặt  đã mua lần 2, shop mall nên rất yên tâm, mọi người nên mua nhen , hình ảnh chỉ mang tính chất minh hoạ để nhận xu thoy",0,0,True,0.9750368673072829,0.02496313269271707
354,Giao hàng mẫu cũ. Cho 1 Sao,1,1,True,0.26661710405573325,0.7333828959442668
355,"Sữa bị chua, vón cục, bà ngoại đem đổ chưa kịp chu0j hình",1,1,True,0.13463450037698865,0.8653654996230113
356,Kinh nghiệm sử dụng:Chưa kinh nghiệm nhưng sài rất dễ Bao bì:thiết kế đẹp nhìn sang Mẹo:sản phẩm tốt,0,0,True,0.7681333001253021,0.23186669987469793
357,"Chất lượng sản phẩm:tot Đối tượng sử dụng:nhieu nguoi Mùi hương:thom mat, diu, huong tao  giao hang nhanh, goi hang ki cang, gia re hang mall",0,0,True,0.9770420844506189,0.022957915549381057
358,"Hiệu quả:cạo sát lông, đều và không làm đau da Thiết kế:sáng đẹp  Không có điểm gì để chê",0,1,False,0.4368355630530306,0.5631644369469694
359,"Giao hàng k thèm kiểm, giao cái mũ rỉ sét cho người ta.  Mà bấm trả hàng thì đợi mòn mỏi không tới lấy hàng trả, xong báo là hết thời gian lấy hàng. Quá xàm!!!  Dịch vụ đổi trả bên shoppe so với toptop quá tệ, bên toptop trả hàng là ngày mai có ng tới lấy liền. Mình bị mấy lần rồi á.",1,1,True,0.021522367180686452,0.9784776328193135
360,Kinh nghiệm sử dụng:lừa đảo  Shop mall lừa đảo giao thiếu hàng,1,1,True,0.1361590307118431,0.8638409692881569
361,K có tặng gì hết mà nói tặng kèm quà,1,1,True,0.025273942610491873,0.9747260573895081
362,"Gel hợp với loại da hỗn hợp thiên dầu, xài mỗi tối giúp giảm mụn tốt",0,0,True,0.817312143582398,0.182687856417602
363,lỡ mua vị không đường huhuuu vị rất ngon rất béoooo nhma hơi bùn một tí,0,0,True,0.5418301319079641,0.4581698680920359
364,"do vận chuyển hay do thời tiết mà kem nền nó lỏng kinh khủng, che phủ không ổn như rv mà còn màu tối hơn trong ảnh, xài cũng được mấy lần cứ tưởng là từ từ nó bớt lỏng lại ai dè nó vẫn lỏng như sirum",1,1,True,0.10131654423939074,0.8986834557606093
365,"Mua hẳn kem nên của hãng mà kh bóc ra thấy cái chai kh, kh thấy hộp bao bì sản phẩm luôn á trời, lần đầu tiên mua hàng mà gặp tình trạng này",1,1,True,0.10781285815402541,0.8921871418459746
366,"Bao bì/Mẫu mã:Đúng Công dụng:sấy tóc  Gió mạnh cực, săn đc giá oke",0,0,True,0.9076447706007851,0.09235522939921492
367,"Chất lượng sản phẩm:nhựa Tính năng nổi bật:chưa biết  Sản phẩm tuyệt vời, đúng với mô tả. Giao hàng nhanh chóng, shipper thân thiện dễ mến",0,0,True,0.968443473893752,0.03155652610624802
368,"Shop giao hàng nhanh, sản phẩm nguyên seal mùi thơm lắm. Shop phải kiểm tra lại nguồn hàng xem sao chứ cùng 1 nhóm dưỡng trắng mà cái mùi chai này thì thơm như cái hộp kem dưỡng đợt trc mình xài hết rồi. Còn đợt này mua lại hộp kem dưỡng ban đêm thì thấy nó hôi lắm, hắc mùi hoá chất ko chịu đc. chứ ko thơm dễ chịu như trc",0,1,False,0.4209198845665527,0.5790801154334473
369,Hàng bị lỗi nhắn tin shop thì k trả lời,1,1,True,0.022442107411983825,0.9775578925880162
370,Sản phẩm thơm dưỡng tóc mượt lắm luôn. Thơm mấy ngày vẫn còn mùi luôn . Đỉnh lắm mn nên mua. Ạ 🥰🥰🥰🥰😚😚😚😚,0,0,True,0.9110863077746812,0.08891369222531875
371,Làm đẹp:OK tốt Lợi ích:tốt Bao bì:đẹp  Sản phẩm ok,0,0,True,0.9344403260747903,0.06555967392520966
372,"Mã qr ko quét dc, hàng gửi về móp méo, sp là hàg giá trị cao mà đóng gói kém chất lượng",1,1,True,0.10898020680570986,0.8910197931942901
373,"Em nắp xanh nhạt không có lớp dầu recommend cho các nàng da nhạy cảm, không make up, dùng không nặng da mà vẫn sạch. 10đ cho chất lượng mà giá lại rất phải chăng.",0,1,False,0.4728228514709104,0.5271771485290896
374,"Làm đẹp:beauty Mẹo:nope Bao bì:okay  Hình và clip không liên quan em chỉ mún nhận xu Tuy nhiên sản phẩm dùng rất tốt hợp với da dầu mụn, rửa rất sạch khôgn khô da hihi",0,0,True,0.9480672803380311,0.05193271966196887
375,"Ảnh mang tínb minh hoạ, mũ xinh form hơi nhỏ nhưng đội oke đấyy",0,0,True,0.7781264279231497,0.22187357207685035
376,Mùi hương:không biết myif gì nhưng dịu lắm Công dụng:dưỡng ẩm Dành cho da:mọi loại da  Nên Sài nha mọi người bao cấp ẩm luôn thấm nhanh Bôi xong nhìn da căng bóng thích lắm,0,0,True,0.9648631023013599,0.03513689769864009
377,"Bao bì hơi bẩn, trầy nhiều. Hiệu quả để sử dụng một thời gian mới biết đc",1,0,False,0.6032177109208271,0.3967822890791729
378,"Mùi hương kg lâu nhạt mùi ,cẩn cải thiện lại sp tốt hơn",1,0,False,0.7134403047210998,0.28655969527890024
379,"Bao bì:thiet kế và bao bì đựng đẹp Làm đẹp:sản phẩm dày dặn, chất lượng, rửa mặt bằng miếng mút này sạch và mền da",0,0,True,0.8530009172800519,0.14699908271994805
380,Chất lượng sản phẩm:ổn Tính năng nổi bật:tạm  Thiếu mã QR để quét dịch thuật AI,1,0,False,0.5088834658333148,0.4911165341666852
381,Để trong khung giờ mua có quà tặng.mà giao chả thấy quà đâu.đúng là lùa gà.,1,1,True,0.043815145528266486,0.9561848544717335
382,Giao hàng nhanh Đóng gói cẩn thận Săn sale giá rẻ  Thấy hàng khá ok,0,0,True,0.9908362946600126,0.009163705339987484
383,"Mua 3 sản phẩm bao gồm: kem, serum, toner đã sử dụng 2 ngày cảm thấy da căng bóng nhưng mà bị lên mụn",1,1,True,0.49161524378680854,0.5083847562131915
384,"Bút khi viết còn hay nghẹt mực,nhìn chung sản phẩm ổn,bút ghi êm",0,1,False,0.499678110661979,0.500321889338021
385,"Làm sạch dịu nhẹ. Sản phẩm ko chứa cồn nên ko gây khô da nha. Tuy nhiên, về góc độ làm sạch thì chấm đc 7/10",0,0,True,0.6891597505806581,0.31084024941934185
386,Mới mua về mà xước quá trời luôn,1,1,True,0.25060471497318004,0.74939528502682
387,Mùi hương:thom Dành cho da:mọi loại da Công dụng:chống nắng  Kem chống nắng sử dụng tốt k bết rích làm dịu da lần sau sẽ mua ủng hộ tiếp ạ kkkkkkkkkkk,0,0,True,0.9820405528137693,0.0179594471862307
388,Shop giao hàng nhanh đã mua của shop nhiều lần giá cả phù hợp phải chăng,0,0,True,0.874353985929939,0.12564601407006107
389,Làm đẹp:rửa  mặt Kinh nghiệm sử dụng:2 nam Hương thơm:dễ chịu  Sản phẩm  ok dịu nhẹ  giao hàng  nhanh shipper  thân thiện  dành  cho da khô,0,0,True,0.9926472662065389,0.007352733793461117
390,"Thấy mọi ng review nhiều nên mình đặt về thử nha , dùng thử nếu ok sẽ fback",0,0,True,0.8694149515215056,0.13058504847849442
391,Sữa đỗ bể chảy tùm lum k giải quyết 😡😡😡😡,0,1,False,0.05445998981311484,0.9455400101868852
392,"Hàng ok chất lượng tốt,kem sài ok lắm nha mọi người,kem dưỡng ẩm ban ngày nhưng mình sài ban đêm luôn,ngủ thức dậy da mềm với bóng cực,nói chcung là mê❤️❤️❤️",0,0,True,0.8293020464189419,0.17069795358105813
393,Kinh nghiệm sử dụng:hang ngay thuong xuyen Làm đẹp:kho sach toc Lợi ích:tot toc sach khoe  Giao nhanh hàng chính hãng,0,0,True,0.9215445192586984,0.07845548074130161
394,"Mua 1 tang 1 , mua ngày 15/3 mà ko có quà tặng đu kèm. Để quà tặng mà shop nói minh phải mua del sốc moi dc. Mua hang shope bao nhiêu năm lần đâu tien bị, có quà mà bắt khach tự bỏ vào giỏ. Khach nào ko biet thì khỏi có quà, shop để quà tặng để triển lãm thôi",1,1,True,0.025311357781596766,0.9746886422184032
395,"Mùi hương:pink heaven Độ lưu hương:2 - 3h  ừm cá nhân mình thấy mùi này khá đại trà, em nó thơm nhưng chx đủ wow đối với mình. ngửi nhiều sẽ quen nhưng khi mới xịt ra mình k ngửi đc mùi của dâu tây, mùi hoa thì khá rõ nè, mùi khá sạch, đến cuối thì thơm vibe bạch nguyệt quang, 8 phần là mùi hoa và 1 xíu vani 1 xíu gỗ. mình k thích mùi này lắm nma em n vẫn thơm nha. tui thích creamy hơn. bodymist của hella thì ok khỏi ns r nhưng mình chx ưng mùi này lắm thôi vs e n lưu hương k đc lâu á.mn mỗi ng nên có 1 chai của hella nha. khá xứng tiền nma tiếc quá huhu tui lại k thích mùi này lắm😭",0,0,True,0.8512658866043059,0.14873411339569403
396,"Giao hàng nhanh, đóng gói cẩn thận, hàng chính hãng uy tín. Săn sale giá tốt",0,0,True,0.9775001350127324,0.022499864987267592
397,Quá tệ . Đặt 2 thùng mà nát bét,1,1,True,0.027993053080160424,0.9720069469198396
398,"Đơn hàng đặt mua sám, bên bán cố tình gửi sp màu hồng nhằm đẩy hàng tồn kho, liên hệ qua zalo đồng ý đổi, mà bắt phải tự mang hàng tới trả. Sau khi trao đổi trả hàng trên shopee thì ko chịu vào chatbot xác nhận việc trả hàng",1,1,True,0.035696500260308794,0.9643034997396912
399,"Serum vào nếp thơm suôn mềm mượt. Điểm trừ là nút nhấn bị kẹt, nhấn ko ra serum, phải mở nắp chai để dùng",0,1,False,0.3005761493090625,0.6994238506909375
400,"Chất lượng sản phẩm:tồi Bao bì/Mẫu mã:cũ, bóp méo  Hộp thì bóp méo từ trong ra ngoài,xước cả sơn ở vỏ hộp. Mang tiếng trang shopee mail chính hãng mà làm ăn vớ vẩn, ko biết phải sữa thật hay sữa giả. Tóm lại là nên né shop này ra, nt ko thèm trả lời. Mua sữa cho con nên đến tận nơi tay sờ mắt thấy đi các mẹ. Đây là lần đầu tiên mình mua sữa ở đây cũng là lần cuối. Tạm biệt và ko hẹn gặp lại",1,1,True,0.058757556859112325,0.9412424431408877
401,Chất lượng sản phẩm:bt  Mình không ưng ý khi shop k nói rõ là có bán 2 bản. Nhận được mẫu bản cũ rất khó chịu vì nắp k có phần gài muỗng và phải tìm muỗng trong hộp gây mất vệ sinh,1,1,True,0.08393990102305937,0.9160600989769406
402,"Chất lượng:ok Hương vị:ok Bao bì:hop bi vo  hộp sữa bị méo, mấy lần như vậy rồi",1,1,True,0.20289904084573973,0.7971009591542603
403,"Cảm giác:màu thì nhạt, đánh khó. lúc lên môi ra thành hồng tím. né vội màu này dùm  Không bao giờ mua lại",1,1,True,0.16370743480381988,0.8362925651961801
404,"Mua 2 thùng ít đường thì giao thùng dâu thùng ít đường la à này im ko nói lần sau đặt giao sai tiếp, hết hàng thì báo ngta đặt hãng khác",1,1,True,0.05342695650231388,0.9465730434976861
405,"Độ mềm:ok Xơ bông:ok  sài thích săn sale giá rẻ, hình ảnh và clip mang tính chất nhận xu ahh",0,0,True,0.9801229060576727,0.019877093942327312
406,"Hương thơm:de chiu Bao bì:thiet ke dep Làm đẹp:kem chong nang  Sản phẩm đẹp, bắt mắt, có hỗ trợ sáng da, dùng bền, lâu hết, săn được giá rẻ",0,0,True,0.9492346267179853,0.050765373282014734
407,"Mua 2 chai xong phát hiện unilever mời BB 3 về quảng cáo đúng sản phẩm, đớn vc chắc mốt k mua nữa",1,1,True,0.21563418349649977,0.7843658165035002
408,Nhẫn 0.1 bé tý tẹo teo Đóng gói khá sơ sài Tuy nhiên mình sẽ mua để tích thành cái 1 chỉ,0,0,True,0.521953740501879,0.478046259498121
409,"Lợi ích:khong co loi ich gi het Kinh nghiệm sử dụng:sai duoc mot thoi gian, không sài thêm bất cứ thứ gì lên mặt hết, do đang bị mụn ẩn, mà sài xong srm này mặt liền bùng mụn lên, lúc đầu vài ngày sài có lên mụn nhưng chỉ nghỉ là do đào thải mụn k để ý nhm nó lại lên nổi rất nhiều, khuyên thật ai định mua vì nghe review thì đừng nên mua!!  KHÔNG NÊN MUA SẢN PHẨM NẾU KHÔNG MUỐN BỊ LÊN THÊM MỤN!!!",1,1,True,0.06630348671531183,0.9336965132846882
410,Bị bể ướt tèm lem luôn shop ơi,1,1,True,0.19239828830500727,0.8076017116949927
411,"Mua 11/11. Shop đăng hình chạy quảng cáo các kiểu rằng mua ngày đó tặng túi. Nhận hàng ko có. Hỏi shop bảo tại lỗi khách, tại khách ko biết cách đặt, tại khách thao tác sai này kia, tại khách ko liên hệ shop trước. Mua shoppe mấy năm, đặt mấy trăm bill mấy chục shop, lần đầu bị thế này nên cũng dành lần đầu cho 1s cho shop.",1,1,True,0.0462745898136675,0.9537254101863325
412,"Chất lượng sản phẩm:tốt Bao bì/Mẫu mã:lon móp  Shop lấy lon sữa bị móp giao, lon sữa được bọc rất kỹ chống sốc dày, thùng còn nguyên vẹn do giao hoả tốc. Shop đã cố tình lấy 2 lon sữa bị móp để đóng giao khách. Shop lớn làm ăn TỆ",1,1,True,0.06316928016133294,0.9368307198386671
413,Nhận hàng khui seal ra thì thấy sản phẩm bị quẹt một đường cọ trên mặt phấn m đơ luôn xịt keo luôn Máy t dỏm không chụp cận nét được chứ ở ngoài nhìn là rõ bị quẹt cọ thử màu xong dán seal vào thật là ối dồi ôi. Máy t mà xịn là chụp cho ce nhìn rõ hơn được rồi không ngờ nhận được đơn hàng đểu z chắc do t xui ui,1,1,True,0.07373363283743684,0.9262663671625632
414,Độ mềm:ok Xơ bông:ok  Giao hàng nhanh Đóng gói sp cẩn thận Chất lượng OK nha,0,0,True,0.9873966778754153,0.012603322124584676
415,"Bao bì/Mẫu mã:bao bì đã mở hết , móp méo",1,1,True,0.17204666053100215,0.8279533394689979
416,"Cảm thấy không yên tâm lắm vì quy cách đóng gói sản phẩm, dễ dàng mở - không có lớp bảo vệ nào  Định hoàn hàng mà để quên mất",1,1,True,0.231681656110295,0.768318343889705
417,"Giao hàng thiếu , mua có ưu đãi 1 tặng 1 vậy mà giao thiếu",1,1,True,0.09617615860748752,0.9038238413925125
418,"Thơm mùi dễ chịu lắmm. Thích mê. Kem thoa lên tan ra liền. Thấm khá tốt, hơi ẩm nhưng ko dính lắm",0,0,True,0.8557356157276356,0.1442643842723644
419,"Shop gói hàng cẩn thận. Dầu gội thơm, chai to sd tiết kiệm. Đã mua nhiều lần",0,0,True,0.7821971643792824,0.21780283562071753
420,"Bao bì:tệ  KCN rất tệ, nắp bị đen và hơi méo móp như ko phải hàng new, chất kem bết, bí, bóng ,khó thẩm thấu",1,1,True,0.042673735677838054,0.957326264322162
421,"Đóng gói chắc chắn. Hộp vỏ đẹp in ấn sang trọng. Sản phẩm xịn xò, nhìn sang lắm luôn, mình rất thích. Mình mua 270k cả ship là có rẻ không mọi người.",0,0,True,0.7929074900045767,0.2070925099954233
422,"Bao bì/Mẫu mã:đóng gói quá ẩu quá vô trách nhiệm  Đã yêu cầu rõ trong đơn hàng và đã nhắn tin riêng  giao hàng k đc hư hỏng. Vậy mà nhận đc hàng ntn??? Quá vô trách nhiệm. Lần đầu mua đóng gói rất OK, lần 2 mua đã phải trả về vì hàng bị tháo ra đóng gói lại, lần 3 hàng gửi về ntn???? Quá thất vọng",1,1,True,0.025308755515099146,0.9746912444849009
423,"Sữa tắm thơm mùi dễ chịu, lưu hương lâu, đóng gói cẩn thận, sẽ mua lại",0,0,True,0.9477564469044173,0.05224355309558266
424,"Kem ủ siêu cấp thơm, đặc, rất mê nka. Thời gian ủ cũng nhanh, hiệu quả về lâu dài chưa rõ",0,0,True,0.8641947140534475,0.1358052859465525
425,"Hàng Oke, đóng gói kỹ, giao hàng nhanh. Sẽ mua ủng hộ shop tiếp ạ.",0,0,True,0.9695069468337782,0.030493053166221744
426,Mình mua thêm vào giỏ hàng có quà tặng nhưng lúc giao lại không có quà,1,1,True,0.07265152948727294,0.9273484705127271
427,"Sản phẩm tốt, đúng mô tả, phù hợp giá tiền, nên mua. Giao hàng nhanh",0,0,True,0.9719332989809398,0.028066701019060173
428,"Hương vị:mix 4 loai Bao bì/Mẫu mã:đẹp  Giao hàng đúng hẹn, sẽ ủng hộ shop lần sau, cảm ơn shop",0,0,True,0.9419930354454941,0.058006964554505984
429,Đối tượng sử dụng:người lớm và trẻ em Chất lượng sản phẩm:tốt Mùi hương:thơm nhẹ  Giữ ẩm mịn da. Hương thơm nhẹ Giao hàng nhanh,0,0,True,0.982570648692791,0.017429351307209056
430,Mùi hương:có mùi thơm nhẹ Dành cho da:thâm sạm Công dụng:dưỡng sáng  có công dụng nhưng cần sử dụng lâu dài mới thấy rõ rệt,0,0,True,0.9565183095829952,0.04348169041700475
431,Đúng với mô tả:quần đẹp Chất liệu:mềm mịn,0,0,True,0.9245573542534377,0.07544264574656237
432,Bao bì/Mẫu mã:móp méo Độ tuổi sử dụng:3-6t  Hộp ngoài thì bình thường nhưng bên trong thì hộp móp như vầy,1,1,True,0.05664799454240976,0.9433520054575902
433,"Fomo đi mua. Xài ổn thật, ra đc mascara nha mn. Xưa nay trang điểm vẫn phải xài thêm tây e trang mắt môi của maybeline, giờ có này ổn",0,0,True,0.7312728952990282,0.2687271047009718
434,"Bao bì/Mẫu mã:moi Hương vị:được  Shop giao hàng lâu, đóng gói chung móp méo, bị bung hộp",1,1,True,0.28797114908538546,0.7120288509146145
435,"Đợt này bên kho đóng gói và gửi hàng rất không hài lòng! Một đơn thì bị bục hàng, đơn này thì gửi thiếu hàng! Bộ phận hỗ trợ chỉ hẹn thôi chứ ko xử lý cụ thể! Trải nghiệm mua hàng 2 lần gần đây ko hài lòng chút nào ạ!",1,1,True,0.05149178274664634,0.9485082172533537
436,"Đóng gói k chắc chắn, hộp thì móp méo",1,1,True,0.10082706677556685,0.8991729332244331
437,Sữa váng cục pha lấy thìa khuấy mãi k tan. Nổi váng màu vàng mỡ lên trên k giám cho con uống. Nt shop k 1 lời phản hồi. Mình k biết chất lượng sp kém ntn nhưng thái độ phục vụ kh như thế là quá kém. Hộp khi nhận về thì móp méo,1,1,True,0.01980835711181661,0.9801916428881834
438,"Chất lượng sản phẩm tuyệt vời, đóng gói sản phẩm rất đẹp và chắc chắn, shop phục vụ tốt, thời gian giao hàng rất nhanh...!!!!!!!!!!",0,0,True,0.9432594339196855,0.05674056608031451
439,Để hình có tặng quà mà nhận hàng ko có quà tặng j . Đóng gói thì sơ xài quăn cái chai muốn bể móp méo bực mình thực sự,1,1,True,0.012918066507434212,0.9870819334925658
440,"Quá thất vọng, ko có lớp chống sốc nào. May ko bị bung nắp. Nhận hàng méo mó.",1,1,True,0.04316506765183026,0.9568349323481697
441,"Làm đẹp:chống nắng Bao bì:ok Lợi ích:không nâng tone, thấm nhanh gọn  Chất lượng sản phẩm tuyệt vời. Giao hàng nhanh, đóng gói kĩ. Mọi người nên mua nha",0,0,True,0.9768050153923783,0.023194984607621667
442,"Mịn:ok Kiểm soát dầu:ok  Đại khái là tôi nghe được một câu như thế này, nếu như tôi thích cậu, cậu cũng vừa lúc thích tôi, thì khi tóc cậu rối, tôi sẽ chính tay chỉnh lại gọn nếp và đôi bàn tay tôi sẽ nán lại trên tóc cậu đôi phút, nhưng nếu tôi thích cậu mà không may, cậu không thích tôi, thì khi tóc cậu rối, tôi chỉ có thể nói ""Tóc cậu rối rồi”",0,1,False,0.364262659396,0.635737340604
443,"Đúng với mô tả:không như mô tả  Nhắn tin shop không trả lời từ shopee đến zalo, quá tệ. Sp tệ, chăm sóc khách hàng kém. Kh bao giờ quay lại mua ở shop này nữa.",1,1,True,0.021666129679027923,0.9783338703209721
444,"Mình mua lần này là lần thứ 2, lần đầu mở van mình bị gãy cả 2 , tưởng là do mình vặn sai nên k vote sao thấp. Lần này mua lại mình cẩn thận nhờ 2 ng khác nhau mở giúp và cx vẫn bị gãy như vậy. K hiểu vòi này kiểu gì rất dễ gãy và k thể mở ra đc để ấn van. Đề nghị shop kiểm tra lại. Mình toàn p chiết sang chai khác để sử dụng vô cùng bất tiện!",1,1,True,0.05621221878346283,0.9437877812165372
445,Mình mua shope mall mà hàng đóng gói sơ sài. Hàng ko có tem chống bóc hàng. Giống kiểu đã bị bật ra rồi. Trả hàng sợ người khác lại bị giống mình. Mọi ng cân nhắc khi mua. Thâth sự ko hài lòng,1,1,True,0.027340794634526766,0.9726592053654732
446,Kem dưỡng tốt mịn xài rất tốt trắng sáng và mịn dão mua nhiều l a nahwiq,0,0,True,0.9460222530821468,0.05397774691785322
447,"Bao bì:đúng mẫu, đẹp Mẹo:dễ sử dụng Kinh nghiệm sử dụng:dễ dùng  Giao hàng nhanh, đúng mô tả, ship thân thiện",0,0,True,0.9754557769692315,0.024544223030768506
448,"Chất cotton mềm mát co dãn tốt, hơi mỏng nhưng thoải mái, mua được",0,0,True,0.7912444434155381,0.20875555658446188
449,Không nhận được quà tặng như quảng cáo,1,1,True,0.026974471118607846,0.9730255288813922
450,Không có quà tặng như bên bán nói,1,1,True,0.008237838604275516,0.9917621613957245
451,Bao bì/Mẫu mã:ok nguyên vẹn Hương vị:ok  Chương trình khi khuyến mãi tặng ly. Mình mua 3 combo nhưng ko có 1 cái ly nào. Cskh thì nhắn tin cả 3 4 lần cũng ko trả lời,1,1,True,0.0982809132119381,0.9017190867880619
452,Bao bì/Mẫu mã:good Độ tuổi sử dụng:trẻ em Chất lượng sản phẩm:ok  Đóng gói cẩn thận. Giao hàng nhanh chóng. Sản phẩm chất Đóng gói cẩn thận. Giao hàng nhanh chóng. Sản phẩm chất lượng tốt. lượng tốt. Bé rất thích sữa này,0,0,True,0.9933812559970435,0.006618744002956494
453,"Đã dùng sản phẩm rất tốt, sẽ quay lại mua lần 2.hình ảnh chỉ mang tính chất minh hoạ để lấy su. Xin cảm ơn",0,0,True,0.9620608756123118,0.037939124387688164
454,Dho cho mình hỏi bao vì của hãng hộp naog cx đóng cẩu that nhue thế này à? Hay hộp này của mình bị lỗi ạ? Mình lần đầu mua sữa này nhìn vỏ hộp hơi hoang mang,1,1,True,0.1478298916873908,0.8521701083126092
455,Quảng cáo có quà tặng . Nhưng gửi hàng lại k có .,1,1,True,0.019511955303374684,0.9804880446966253
456,10đ nha đóng gói mọi thứ chăm sóc khách hàng và trải nghiệm dùng kcg để chê giá thành tốt xứng đáng thử,0,0,True,0.6939011084177695,0.3060988915822304
457,"Đóng gói kĩ càng, đẹp. Sản phẩm chính hãng nên yên tâm mọi người ạ",0,0,True,0.8822939105397156,0.1177060894602844
458,"Hương vị:hư hỏng  Thật sự là đang bầu mua để muốn mà mở ra lấy 1 bịch gớm ko chịu nổi, ám ảnh đến tận bây h, may mà nhìn kỹ chứ đưa vào mồm thì...chat shop thì kêu trả hàng cho Shoppee, Shoppee thì xem xét 3 ngày chưa phản hồi, 3 ngày ngâm đợi caia đống dòi này nó thành tinh hết hay gì, rồi shipper tới lấy hàng trả t đưa v cho ngta sao? Bán hàng chẳng may xảy ra vde còn ko giải quyết cho mau còn bảo liên hệ shoppee, nể thật sự",1,1,True,0.02795446463048268,0.9720455353695173
459,Chai mình nhận đc rất bẩn không biết phải hàng chính hãng không . Thật sự thất vọng khi mở hàng ra,1,1,True,0.04890011448837217,0.9510998855116278
460,Mình hay mua của shop mà vừa rồi giao cho mình 2 lon móp quá trời luôn 😢,0,1,False,0.24660042121064263,0.7533995787893574
461,"Sản phẩm nhận về thì móp méo, tem bị lột 1 nửa. Các góc hộp đều bị gập để lôi sp ra. Hàng như hàng chợ. Hoàn hàng thì shop không hỗ trợ. Các b nên cân nhắc trước khi mua sp của shop ạ",1,1,True,0.02679277208340214,0.9732072279165979
462,thêm 2 sao vì đóng hàng móp nhưng vẫn ủng hộ nha!,1,1,True,0.4167313216114189,0.5832686783885811
463,"Phủ lên mà da bóng mịn, như không phủ ấy, đẹp lắm luôn, siêu ưng",0,0,True,0.7964910339523059,0.20350896604769408
464,"Sữa ko tan cskh kém pha đã khuấy rất lâu nhưng vẫn ko tam hỏi thì ko tl, cho trợ lí ảo nt",1,1,True,0.06430822024985405,0.935691779750146
465,"chưa dùng nên chưa biết, mà vừa mở ra phấn rơi, tràn cả vào mặt trước của vỏ hộp phấn, dù có bọc bong bóng",1,1,True,0.23785040639332689,0.7621495936066731
466,Ko nhận đc hàng quà tặng,1,1,True,0.03404272475969505,0.965957275240305
467,"Kinh nghiệm sử dụng:sd buổi sáng chống nắng nhẹ Bao bì:chac chan, dep",0,0,True,0.8177504717160063,0.18224952828399366
468,"Thùng sữa lần này (hàng bao bì mới hình đứa bé, ko phải bao bì Cô gái hà lan xưa)mua vị nó như đổ sữa đặc vào nước rồi hòa tan ý, nó khác hoàn toàn với sữa trước đây luôn. Thật sự không hiểu hãng sữa có vấn đề trong khâu sản xuất hay sữa này sữa giả",1,1,True,0.059683611730954156,0.9403163882690458
469,Để mua 1 tặng 1 .giao có chai srm k co tẩy trang.giao hàng lâu,1,1,True,0.17372493044312887,0.8262750695568711
470,Xài rất chan nha.. chân bình thường cung mịn lắm.. ttbc thường xuyên… mà thử 2 lần mỗi lần mỗi lần thoa lên là bết rít dính dính.. da bị cái vệt trắng y chang ở dơ… nt shop hỏi để đổi thì shop bảo shop k hỗ trợ đổi chỉ trả hàng… mà hàng đã khui ra r hỏi mọi ng s trả được.. shoppe nào xét duyệt.,1,1,True,0.07241707286676535,0.9275829271332346
471,"đơn hàng ghi tặng chai dầu nhỏ mà ko được , mua shop toàn giao thiếu hàng",1,1,True,0.0385664428655913,0.9614335571344087
472,"Giao hàng nhanh, ăn giòn ngon. Thích ăn loại này nhất. Sẽ ủng hộ tiếp",0,0,True,0.9874208473300136,0.012579152669986476
473,"Shipper dễ thương, giao hàng nhanh chóng, đóng gói cẩn thận, không có hàng tặng kèm",1,0,False,0.8187971220583286,0.1812028779416715
474,Nhìn khác hẳn hàng mua siêu thị.nhìn cứ như hàng giả ý.lần đầu cũng là lần cuối mọi ng cứ ra tạp hóa lớn hoạc siêu thị mà mua cho yên tâm,1,1,True,0.21881019999169227,0.7811898000083077
475,Về mở ra sữa nó dính đổ ra tùm lum làm phải lau dọn này kia,1,1,True,0.09819968792808254,0.9018003120719175
476,"Shop đóng gói cẩn thận, giao hàng nhanh, lần sau sẽ ủng hộ shop tiếp",0,0,True,0.9799896229634232,0.02001037703657678
477,Qcao tặng thêm ủ tóc nhưng ko có,1,1,True,0.15006009556444988,0.8499399044355501
478,"Hương vị:bị ảnh hưởng do sữa bể  Mua sữa thì ra tiệm.mua , săn trên  đây  rẻ hơn vài chục mà giao  bể từa lưa , có hộ trợ đổi mà 3-5ngay quyết định , 15ngay giải quyết. K tiền mới săn sale gặp vậy bỏ cả thùng nó hôi  rình do  sữa bể , lỗi mình là tin  tưởng shiper , vì giao  trong giờ làm việc k mún làm khó ship chở tới chở lui, kết quả của sự tin tưởng là bỏ thùng sữa . Ra tiệm cho  chắc nhé mọi người",1,1,True,0.06405768061647077,0.9359423193835292
479,quá tuyệt vời chưa bh h thấy trên cõi đời này thật sự tuyệt vời he he,0,1,False,0.43370488841034927,0.5662951115896507
480,"Bao bì:Rất tệ  Mình không hiểu sao với một hãng lớn như Loreal mà có thể sơ sài đến mức này. Ảnh mình cx k muốn chụp, bạn nào xem thì vào phần đánh giá nhiều lắm. Đóng gói k khác gì hàng fake, không có cả một cái hộp bọc, dán băng dính tùm lum như kiểu đồ cũ. Mình nói thật là quá tệ, thua cả mấy hãng hàng gia công luôn ấy. Sản phẩm được seeding rầm rộ mà chứ biết tốt hay không đập vào mắt đã thấy phèn r. Sang nhìn gogotales hay forcallure, mấy hãng nói ra là kiểu tệ rồi mà ít nhất nó còn làm tốt cái vỏ. Mong hãng sớm cải thiện",1,1,True,0.015958011261863914,0.9840419887381361
481,"Chất lượng:ok Tiêu hóa:ok Bao bì:ok  Ok, đóng gói cản thận (hình ảnh mang tính chất minh hoạ)",0,0,True,0.9730275539373228,0.026972446062677194
482,Phù hợp với loại da:hopwj voi loai da khoe Mùi hương:mui cafe rất thơm Công dụng:giúp tẩy tế bào chết mịn da mùi hương lưu lại rất thơm,0,0,True,0.9448588191254212,0.0551411808745787
483,Dành cho da:moij loaij da Công dụng:chua ro Mùi hương:ok  giao hàng nhanh shipper thân thiện vui vẻ shop bán hàng chất lượng lắm mọi ng yên tâm mua nha,0,0,True,0.9625992939392106,0.03740070606078933
484,"đã nhận được sản phẩm, sản phẩm ăn cũng ngon, hương vị vừa ăn..",0,0,True,0.6396122498408823,0.36038775015911767
485,"Mùi hương:thơm Dành cho da:nhiều loại da Công dụng:serum dưỡng ẩm dưỡng trắng  Mùi khá là thơm, còn công dụng dưỡng trắng thì chưa thấy mấy",0,0,True,0.9460676389644154,0.053932361035584686
486,"Đóng gói ẩu, đổ lỗi cho đơn vị vc, dug là 1p lỗi ở dvvc, nhug ng bán là ng đóng gói, ko ktra kỹ trc khi gói hàng, trc khi dán keo, hộp sữa bung bét hết, nắp nhôm cug bong ra, ko bit fai nói j lun",1,1,True,0.05871712180024091,0.9412828781997591
487,"Mùi hương:thơm Chất lượng sản phẩm:tốt Đối tượng sử dụng:gđ  Nhận đủ sp mua để gia đình dùng . da rất mịn luôn ưng cái bụng dễ sợ luôn . quá tuyệt vời , hình ảnh mang tính chất nhận xu 😉",0,0,True,0.9722456284076668,0.027754371592333148
488,Ốp cứng quá dùng 1time máy trầy xước. Tôi muốn yêu cầu trả hàng hoàn tiền,1,1,True,0.07154586680527442,0.9284541331947256
489,"Mình đã nhận hàng rồi, đóng gói cẩn thận, sản phẩm nhìn đẹp và đúng như mô tả. Chất lượng ổn so với giá, dùng thử thấy rất hài lòng. Shop giao nhanh, giá rẻ mà hàng vẫn ok. Sẽ ủng hộ thêm! Hình ảnh mang tính chất nhận xu",0,0,True,0.9900616729607764,0.009938327039223595
490,"Giao hàng nhanh, váy đẹp. Shipper thân thiện. Sẽ ủng hộ shop lần sau",0,0,True,0.9828914195772249,0.017108580422775063
491,Giao hàng nhanh Đóng gói đẹp Hình ảnh và video chỉ mang tính chất nhận xu,0,0,True,0.9796068390500879,0.02039316094991208
492,"Giao hàng nhanh, gói hàng ok, chống sốc đầy đủ Thích dùng loại này, dịu nhẹ, nchung là okela",0,0,True,0.9727901468922016,0.02720985310779845
493,Đóng gói sữa mà quá sơ sài. Lần đầu mua 1 trải nghiệm quá thất vọng Bọc mỗi lớp màng PE rồi thủng bao bì,1,1,True,0.06251729762377989,0.9374827023762201
494,Shop lừa người lắm. Săn live của Hala kêu có quà tặng di kèm. Trên ảnh cũng có quà. Mà đến lúc mua lại k giao. Nt hỏi shop kêu tại khách chưa thao tác đúng. Cái căn bản là shop có để quà đâu mà khách thập tác được. Kể cả đến bây giờ 2/2 trên ảnh hiển thị quà mà tháo tác cũng k được,1,1,True,0.02870926964442544,0.9712907303555746
495,Dao hàng nhanh kinh khủng đặt chiều qua mà sáng nay mình nhận được hàng luôn shop làm việc siêu đỉnh luôn thấy mọi người bảo ok lên mua thử,0,0,True,0.539412953319276,0.4605870466807241
496,"Màu đẹp hơn khi chồng nhiều lớp, hợp da ngăm. Chất son mượt, mịn, hợp các bác không khô môi 🙂 T không thích chất son vì môi chỉ cần hơi khô là son không ăn, môi 1 đằng son 1 nẻo, có dưỡng 1 lớp mỏng trước thì cũng trượt. Kể cả khi không có dưỡng, tới nửa ngày son nó cũng trôi ra viền nhưng không ghê như lúc ăn uống xong, đừng bặm môi nhiều nhé 🥲 coi video đánh giá nhiều rồi mà giờ nhận ra chỉ nói về màu. Dùng để quay chụp lên hình mấy phút thôi thì chắc cũng được đấy",1,1,True,0.20776585471454223,0.7922341452854578
497,"Làm đẹp:chaat lỏng, dàn dễ, che phủ tốt, nên mua sáng hơn 1 tone vì quá đẹp, có độ căng bóng Kiểm soát dầu:kieemr soats daauf toots vaf lau xuoong tone  Hình ảnh, clip minh hoạ thôi nhma nên mua nha mn vì nền lỏng bà lên da rất tệp da. Bóng nhẹ, lì, lâu xuống tone",0,0,True,0.9468583581625544,0.0531416418374456
498,Hàng thì móp méo đã thế còn bị bung ra nữa còn hai hộp nguyên vẹn 4 hộp còn lại bị bung hộp ra mk mua trong phiên live của chị hana nma cx ko thấy quà đâu,1,1,True,0.053151827971936516,0.9468481720280635
499,"đã mua nhiều lần chất lượng sản phẩm tốt,giao hàng nhanh chóng",0,0,True,0.9892220785275236,0.010777921472476316
500,"Sữa giá rẻ, mua cho bé uống thay đổi khẩu vị cũng ổn, giao hàng nhanh, gói hàng ok",0,0,True,0.9314074510630622,0.06859254893693774
501,"Làm đẹp:kem chống nắng Mẹo:không thể sử dụng đc Hương thơm:thơm  Đang xài kcn centelaa khá ok khi dùng chung kem dưỡng pond'n ban ngày ,thấy hãng ra kcn cũng mạnh dạng đặt về dùng cho đủ bộ,cứ nghĩ là xài kem dưỡng mà xài kcn pond'n nữa thì chắc sẽ hợp nhau lắm ,ai ngờ trời ơi ,bôi lên 1 cái nó trượt hết kem dưỡng luôn má ơi để lại vệt trắng nhìn kinh khủng ,mà trong khi mình đã cố gắng vỗ khá nhiều chứ ko hề tán kem ra mà nhìn khiếp lắm ,dạ m khô mà chọn loại dưỡng sáng mà nhìn vẫn bóng dầu ,mà còn chọn dưỡng ẩm nữa thì cỡ nào ,lỡ mua rồi giờ ko biết làm gì với nó 😭",1,1,True,0.3182922987622856,0.6817077012377144
502,Làm sạch:sach sau Hương thơm:diu nhe  Giao hàng nhanh. Đóng gói cẩn thận. Shopee xử lý nên nhanh lắm. Ship thân thiện nhiệt tình,0,0,True,0.9913558695584322,0.00864413044156778
503,Hương vị:giao đến bể chảy ướt hôi hết cả thùng sữa,1,1,True,0.10683832164437834,0.8931616783556217
504,Giao hàng ko cẩn thận bị bể,1,1,True,0.11274790032928694,0.8872520996707131
505,"Cũng mới sài loại này nên đánh giá ban đầu của t là serum hơi lỏng, thoa lên tóc ko có cảm giác bết dính, đc cái thơm.",0,1,False,0.36514364613751427,0.6348563538624857
506,"Shop đóng gói tệ. Mở hàng ra không có một lớp chống sốc nào, một tờ bìa lót cũng không. Cứ thế để hàng vào đóng rồi khi vận chuyển bị móp hết hộp. 1 ⭐️",1,1,True,0.03528381544141135,0.9647161845585887
507,"Máy rất yêu, dùng cạo râu không sạch, gây xước mặt khi dùng.",1,0,False,0.514935385305024,0.4850646146949759
508,Công dụng:tốt  Đã nhận được hàng. Giao hàng nhanh đóng gói cẩn thận chất lượng sản phẩm tốt đúng với mô tả đúng như đánh giá 🤔,0,0,True,0.9853180833015083,0.014681916698491745
509,"Mua bên này mấy lần rồi, ổn áp xịn xò vãi, hong để lại dấu vân tay 1000000đ",0,0,True,0.5180825938115261,0.48191740618847384
510,"Hương vị:sữa đặc Bao bì/Mẫu mã:mẫu mã giống hình shop đăng  Shop bao gói ổn, mua giá flashsale 13k nên không đòi hỏi gì nhiều. Chất lượng sản phẩm chưa uống nên chưa đánh giá được",0,0,True,0.552686463209966,0.4473135367900341
511,"Hương thơm:khoong muif Kinh nghiệm sử dụng:dung bong tay trang tham deu nuoc tay trang va lau sach mat  được tặng kèm bông tẩy trang, đây là chai t5 mình dùng rồi, rất ok, dành cho da dầu mụn",0,0,True,0.8799963662631971,0.12000363373680291
512,Kinh nghiệm sử dụng:mua hồi 6/10 sd tới nay 22/10 Lợi ích:ko hiệu quả mak còn lên mụn thêm . Thấy ko bớt thâm xí nào  Đóng gói thì ok giao hàng nhanh. Còn sd thì thấy cũng v ko bớt mụn,1,1,True,0.44474465662060325,0.5552553433793967
513,Bỏ giá tiền mua bản 2.0 32g mà shop giao 1.0 :) 25g. Giao nhầm hàng cho mình.,1,1,True,0.2813202179187131,0.7186797820812869
514,"Bao bì/Mẫu mã:xấu Hương vị:oke  Đóng gói cực kỳ tệ. Mua 1 lúc 2 thùng sữa mà shop ko đóng được nổi cho 1 lớp chống sóc, có mỗi 1 lớp màng bọc quanh.  Chưa bao giờ mua hàng mà phải đi đánh giá tệ như này.",1,1,True,0.04736338165280929,0.9526366183471907
515,"Gói hàng kĩ và giao hàng nhanh . Đặt nhiều lần rồi, mùi thơm hơi nồng tí",0,0,True,0.9116024775963745,0.08839752240362547
516,"Mình mua dây dùng thử thấy giảm gàu rất nhiều, ko bị ngứa nên nay mua chai lớn dùng luôn",0,0,True,0.6076262549620809,0.3923737450379191
517,Shop giao hàng nhanh. Ms đặt hôm 20-21 nhận luôn nè. Chỗ mình đang bị vỡ kho k có ship giao nên đặt hàng mà đc gọi giao hàng là mừng lắm,0,1,False,0.27510320134478305,0.724896798655217
518,"Đóng gói sơ xài lần nào mua cũng bị hỏng mấy bịch, chảy ướt cả thùng. Đóng gói tệ",1,1,True,0.09667344547388856,0.9033265545261114
519,Giao hàng nhanh. Đóng gói cẩn thận. Sản phẩm dùng tốt. Đáng để thử,0,0,True,0.97710287784086,0.02289712215913994
520,"Sao báo tặng quà kèm cho bé mà ko có, ko có thì đừng có quãng cáo lố",1,1,True,0.024810381624707945,0.975189618375292
521,Form lạ bụng eo long lẻo. Phần dưới thì lại kích  Cạp thấp,1,1,True,0.15063919363960832,0.8493608063603917
522,Ốp tháo ra khó tháo cứng,1,1,True,0.15249438925419023,0.8475056107458098
523,"Thấy để có quà nhưng của tui không có, với giá này thì cũng kh rẻ hơn ngày thường bao nhiêu nhưng mà thôi, gần tết rồi vs cũng hết bông nên lấy luôn 🙃🙃.",1,1,True,0.22543741544961204,0.774562584550388
524,"Công dụng:chủ yếu vẫn là cấp ẩm nha Dành cho da:nhiều loại da, riêng mình là da khô nha Mùi hương:mùi mỹ phẩm nhẹ không gây khó chịu",0,0,True,0.869739695883698,0.13026030411630193
525,mua đắt hơn bình thường ùi mà bên sx đóng gói k kĩ làm đổ dầu gội ra ngoài tèm lem !!!,1,1,True,0.08633934923348963,0.9136606507665104
526,"Chất lượng sản phẩm:dep  shop giao đủ hàng, đúng hàng, săn sale mua đc với giá oke, giao hàng nhanh, đóng gói cẩn thận",0,0,True,0.9769494193052229,0.023050580694777098
527,"Kinh nghiệm sử dụng:ok Hương thơm:k mùi Mẹo:k cos  Giao hàng nhanh đóng gói đầy đủ cẩn thận, chất lượng ọk",0,0,True,0.9722513855120685,0.027748614487931495
528,Không hề có hàng tặng kèm như quảng cáo,1,1,True,0.03828423886953902,0.961715761130461
529,Bao bì:tamj Hương thơm:thowm lamws Mẹo:gooij ddaauf  Dùng 1 thời gian thì thấy tóc siêu thơm với mượt nhưng chưa thấy đỡ rụng tóc,0,0,True,0.7768581878248068,0.22314181217519327
530,Mùi hương:thơm nhẹ Công dụng:trắng da Phù hợp với loại da:mọi loại da  Trong các dòng mình thấy dòng này là ok nhất và thấm cực nhanh lại mát lạnh khi bôi lên cảm giác rất dịu nhẹ mọi người nên mua nhé,0,0,True,0.9618517447961248,0.038148255203875235
531,Ko dc tặng nước tẩy trang như quảng cáo dù đã đặt ngày vẫn còn quà,1,1,True,0.10450344424691604,0.895496555753084
532,Làm gì có tặng quà gì mà đánh giá,1,1,True,0.13759273563142915,0.8624072643685708
533,"Lừa đảo, quảng cáo có tặng hàng khuyến mãi mà giao hàng không có",1,1,True,0.025628962755006146,0.9743710372449939
534,"Hình ảnh video nhận xu, Hàng chất lượng hợp với giá tiền  Nên mua nha",0,0,True,0.926236412688553,0.07376358731144707
535,"Dép đi rất đẹp, m đã mua nhiều đôi bên shop này rồi. Trước mua 1 đôi shop gửi nhầm size mà hoàn hàng lâu lắm chưa thấy hoàn tiền",0,1,False,0.3602959206106251,0.6397040793893749
536,"Hàng giao hộp bị rách và móp méo , chán gói hàng sơ Sài",1,1,True,0.052680031556988305,0.9473199684430117
537,"Giao hàng nhanh, chất serum lỏng, thơm, nhanh khô, dưỡng ẩm tốt, đề có tặng quà mà nhận hàng về đách có ji hết",0,0,True,0.6886311835760301,0.3113688164239698
538,"Chất kem thấm nhanh, không nhờn rít, mùi thơm, có trắng hay không phải sử dụng thêm",0,0,True,0.8130287284862243,0.18697127151377563
539,"Giao hàng nhanh , đóng gói cẩn thận ạ, quà tặng xinh, cả hai bé đều tin tưởng mua dùng ạ!",0,0,True,0.9022620912946743,0.09773790870532577
540,"Lợi ích:mauf ok, laau troi Hiệu ứng làm đẹp:len mawjt dejp Làm đẹp:ok  nền đẹp, lâu trôi, nên mua nha",0,0,True,0.9672941330953627,0.03270586690463728
541,"không sao mà kết nối được quá tệ mặc dù đã sạc qua đêm sau đó tôi thử kết nói với 1 tai nghe khác vẫn đc còn sản phẩm này thì k, nhắn tin shoo hỗ trợ ko tận tình, shop quá là tệ",1,1,True,0.044297708300964245,0.9557022916990358
542,"Chai nhỏ gọn, dễ thương, bao kì đóng gói kĩ, dùng cấp ẩm cho da không bị khô rát, giuap thẩm thấy, giao hàng nhanh, đóng gói kĩ càng",0,0,True,0.9333666670800774,0.0666333329199226
543,"Độ sáng:ok Làm sạch:sạch, mới dùng nên chưa biêt Dịu nhẹ:dễ chịu  Luôn ủng hộ hàng việt nam. Nên mình cũng mong là sản phẩm chính hãng.",1,0,False,0.9732723124695788,0.026727687530421155
544,"Giao hàng nhanh, k làm cay mắt, đóng gói sản phẩm cẩn thận,dịu nhẹ vs da",0,0,True,0.9574093723003099,0.04259062769969018
545,Nhỏ xíu à đóng gói siêu kĩ luôn. Niêm phong tận mấy lớp. Có dieu k che tên sp. sợ ai để í . Để hàng ở sân chưa kịp về ngta thó mata. Kkk,0,1,False,0.32265761909491764,0.6773423809050824
546,"Gói hàng cực kỳ xấu, nhận về chai kem nền bị bể (bể 1 vết vào bên trong mà vẫn có cái màng dán nhãn bên ngoài). Không có màng seal, màu thì hồng hồng nâu nâu, k hề giống như màu mô tả. Quá thất vọng 😀",1,1,True,0.027701658169062005,0.972298341830938
547,Hương vị:tôi cảm nhânn sữa có vị béo và vị ngọt dễ uống Chất lượng:chật lượng sản phẩm ổn định và đáng tin cậy,0,0,True,0.8268262794703146,0.17317372052968535
548,"Chất lượng sản phẩm:tốt Độ tuổi sử dụng:taast car  Mùi thơm lắm luô luôn ấy ạ, mình mua về được tặng quá trời đồ",0,0,True,0.8962000933043522,0.10379990669564776
549,Lần sau sẽ ủng hộ shop lần sau sẽ ủng hộ shop hình ảnh chỉ mang tính chất nhận su,0,0,True,0.9627738826421819,0.037226117357818125
550,Hàng vận chuyển đến bị thủng hộp cartoon bọc ngoài . Đặt hàng đợt 30/06 có Deal 0đ 5 chai 100ml cũng chả thấy đâu  1 sao.,1,1,True,0.07586603480489107,0.9241339651951089
551,"Về giá cả ko phải nói, Lúc đặt hàng có kèm theo tặng phẩm lúc giao lại ko có, hỏi lại thì bảo deal ko thành công! Lần thứ 2 thấy bb về shop!",1,1,True,0.07217269003294802,0.927827309967052
552,"Kinh nghiệm sử dụng:chưa dùng nên chưa có kinh nghiệm Hương thơm:cái mùi sao sao á Làm đẹp:thích đẹp thì làm, cần gì tuổi  Nhận hàng sau bao ngày chờ đợi Shop chuẩn bị hàng và ship hàng đủ số lượng,  chất lượng thì khỏi bàn, với giá này thì quá tuyệt vời ông mặt trời rồi ạ Giá quá rẻ so với mua ngoài shop nha Cảm ơn shop",0,0,True,0.9008097331424479,0.09919026685755208
553,vừa mua về bị bể ra như này nhắn shop thì seen lại ko rep,1,1,True,0.04556624069634496,0.954433759303655
554,Hương vị:sửa Bao bì/Mẫu mã:đẹp  Hình ảnh mang tính chất nhận xu nhưng xịn xò lắm luôn. Giao hàng lại cực kỳ nhanh. Shipper nhiệt tình thân thiện. Nên mua nha mọi người,0,0,True,0.959805782821954,0.040194217178046034
555,"Đây là lần đầu tiên mk hàng bức xúc nhất để mua 1 tặng 1 k có, thay gì khỏi để, để mk mua shop khác giá rẻ hơn mua bên đây giá cao hơn chỉ để có kèm quà tặng mà vào đây thấy nhiều người bị lừa giống mk, biết trước đọc đánh giá rồi,k nghĩ thương hiệu lớn vậy mà làm ăn gian dối 😡😡😡😡😡😡",1,1,True,0.07040472304381207,0.9295952769561879
556,giao hàng nhanh sản phẩm đẹp chất lượng đóng gói chắc chắn ko bị móp méo,0,0,True,0.8751999533332645,0.12480004666673546
557,"KHUYÊN MỌI NGƯỜI KO NÊN MUA LOẠI NÀY. DÙNG VÔ CÙNG CAY MẮT XÓT CỨNG MẮT, TRẢ HÀNG THÌ SHOP KO CHO TRẢ LẠI. QUÁ THẤT VỌNG",1,1,True,0.03726113244349116,0.9627388675565088
558,Đơn hàng giao thiếu vali,1,1,True,0.15793451292250282,0.8420654870774972
559,"Chất lượng sản phẩm:ok  Hàng giao nhanh, đóng gói cẩn thận. Vị thơm ngon dễ uống, giá sale rẻ hơn ở siêu thị. Rất nên mua",0,0,True,0.9940900081325451,0.005909991867454834
560,"Chất liệu:nhựa Độ êm:êm Màu sắc:đen  Dép đẹp, nhẹ, êm, giá tốt, hi vọng sẽ bền. Ship hàng nhanh chóng. Được tặng kèm charm. Cũng rất dễ thương. Vừa chân",0,0,True,0.9651379074548309,0.03486209254516913
561,Sản phẩm tốt - giao hàng nhanh  Tuy nhiên chăm sóc khách hàng rất kém - không bao giờ quay trở lại pp,1,1,True,0.46783619220508066,0.5321638077949193
562,"Bao bì/Mẫu mã:nhỏ Hương vị:tạm  Sữa rất yếu, quá đắt k ngonnnnnnnnnnnnnnnnn. Không nên muaaaaaaaa",1,1,True,0.132446127728304,0.867553872271696
563,Đóng gói ẩu mua 6 hộp bể mất 1 hộp,1,1,True,0.3390181848121099,0.6609818151878901
564,"Độ lưu hương:lưu hương lâu có khi qua ngày vẫn còn mùi nhưng phải ngửi sát vô mới nghe mùi Mùi hương:mùi sang  mùi đầu mình ngửi đc mùi ngọt sắt, sau đó là thoang thoảng mùi gỗ, hương ấm nghe mùi sang nha mình chấm em này 8.5đ, mình đc tặng mùi berry candy thấy mùi này như kẹo ấy k khác gì hết:))",0,0,True,0.5928174762766464,0.4071825237233536
565,Ko có quà tặng mà ghi như đúng rồi,1,1,True,0.01344237992875319,0.9865576200712468
566,Lần đầu dùng Nhận hàng chắc chắn cho đến khi bóc băng dính ra Dính hết lên thành lọ rõ là bẩn luôn,1,1,True,0.18911744497054017,0.8108825550294598
567,"thơm, mịn mướt lắm lun, ủ k bị rụng tóc nhen, rẻ nên muaaa nhaaa",0,0,True,0.8665410465681199,0.13345895343188008
568,Công dụng:Không trắng răng  Sử dụng hơn 2 tuần kết hợp vs chỉ nha khoa với đánh răng ngày 2 lần mà vẫn không thấy trắng,1,1,True,0.38744140280700357,0.6125585971929964
569,Sài gói thấy sạch gàu mượt tóc nên mua chai lớn về dùng được shop tặng kem chống nắng cảm ơn shop nhiều nhé chai này sài chắc lâu mới hết,0,0,True,0.7032828385540619,0.296717161445938
570,Làm sạch:ok lam sach da kha tot Dịu nhẹ:minh dung thay rat ok Hương thơm:diu nhe va de chiu  Nen mua,0,0,True,0.9926956165068358,0.007304383493164169
571,"Chai 110 mình mua về thì test ra màu nâu đỏ, nhưng khi ra guardian test thì màu như ảnh hãng đăng. Mình kh hiểu tại sao lại có sự khác biệt này",1,1,True,0.10782180996776991,0.8921781900322301
572,"Mk dùng loại này tầm 4 5 năm rồi, phù hợp vs da khô, ít makeup như mk, nhẹ nhàng, ko bí da Đợt này săn sale rẻ nha, mua 2 đc tặng 1 lọ 100ml, quá ổn áp",0,0,True,0.9219075532832897,0.07809244671671033
573,Sản phẩm tốt đúng theo mô tả. Giao hàng nhanh. Giá cả hợp lí đúng với chất lượng,0,0,True,0.9617228939523828,0.03827710604761725
574,Hương vị:giao hàng ko ra gì  Vỡ 1 hộp sữa. Ninja van làm ăn rõ chán nước bắn tung tóe ở vỏ. Sau cứ gặp ninja van hủy đơn.,1,1,True,0.023947288085283902,0.9760527119147161
575,Dầu gội cx thơm nhẹ k cay mắt nhưng cx k mượt như quảng cáo hi vọng hàng chính hãng,1,1,True,0.46730968033551046,0.5326903196644895
576,"Sản phẩm nhận được đúng như mô tả, đóng gói cẩn thận, giao hàng nhanh. Chất lượng tốt so với giá tiền, dùng ổn và đáng mua. Shop tư vấn nhiệt tình, sẽ ủng hộ thêm nếu có nhu cầu.",0,0,True,0.9737364914577835,0.02626350854221646
577,Hình ảnh chỉ mang tính chất nhận xu. Giao hàng chậm . Gần 7 ngày mới nhận đc  chắc do gần tết,0,0,True,0.65059385738878,0.3494061426112201
578,"Phấn nhìn đẹp nha, phấn mịn, dễ đánh,mua còn đc tặng thêm đồ nx",0,0,True,0.8286127987501021,0.17138720124989792
579,"trên quảng cáo tặng quà sữa rửa mặt ,dầu xả,  mà nhận về chả thấy đâu, nhắn tin thì ko trả lời",1,1,True,0.028570040496836646,0.9714299595031634
580,"Hương vị:hang bi bể, hỗ trợ đổi trả rườm rà kéo dài 3-4 ngày. Sữa bể hôi chua mà cứ chờ xử lí. K phải mới mua 1 thùng mà mua trên dưới vài chục thùng rồi nhưng hổ trợ kiểu như chầu chực. Kêu chụp hình quay clip đều làm xong nói k đủ xác thực. Cở đó mà còn k đủ xác thực. Có mấy trăm ngàn mà làm mất uy tín và bất mãn thật sự",1,1,True,0.05396457936153576,0.9460354206384642
581,Bao bì/Mẫu mã:xấu  Đáng lẽ ko đáng giá.. nhưng thà đừng gửi quà tặng bao lì xì. Gửi thì gửi đàng hoàng chút nhét cái bao vô kéo ra nhăn nhúm thấy gớm..,1,1,True,0.05739253014251533,0.9426074698574847
582,"Giao nhanh, săn sale giá tốt, bé mình hợp tác vị giống enfa vàng lắm",0,0,True,0.9135502409568529,0.08644975904314715
583,"Độ tuổi sử dụng:4 tuổi Chất lượng sản phẩm:ok Bao bì/Mẫu mã:chắc chắn  Theo đơn đặt hàng có quà, tuy nhiên hàng giao không có quà tặng, shop vui lòng liên hệ gửi bổ sung đúng quà cho mình nhé !",1,1,True,0.294318637648901,0.705681362351099
584,"Hiệu quả:cũng cũng Mùi hương:thơm  Thấy cũng đỡ bết tóc nè , giá khá rẻ , nên mua trải nghiệm",0,0,True,0.881758438071969,0.11824156192803108
585,Sản phẩm bán ghi rõ là mua 1 tuýp  chống nắng lớn tặng 1 tuýp nhỏ mà nhận hàng không có quà tặng . Khách hỏi thì bảo tại khách thao tác không đúng . Kiểu khách chịu không chịu cũng phải chịu . Nản,1,1,True,0.017969452316432544,0.9820305476835675
586,Bao bì:móp méo  giao hàng tới hộp sữa móp méo hết trơn,1,1,True,0.08845239018541295,0.911547609814587
587,"Chất lượng tốt, giao đủ hàng, săn deal trên livestream được giá tốt",0,0,True,0.9037743921612122,0.0962256078387877
588,Giao sai mẫu cho mình. Cần rút kinh nghiệm khâu đóng hàng,1,1,True,0.17387452448368046,0.8261254755163195
589,"Mua lại lần này mình có hơi thất vọng. chất lượng sản phẩm vẫn ok, không có gì bàn cãi. Mà khâu vận chuyển đợt này có vẻ tệ. Hộp móp méo hẳn đi :(((",1,1,True,0.06290755689761007,0.9370924431023899
590,"Chất lượng:lớp tint trôi khá nhanh và sẽ đọng rãnh. Sau 3 tiếng xài ko ăn chỉ uống nước bằng ly, ko liếm môi thì có hiện tượng màu loang lỗ. Ko nên mua nha. Với giá này và chất lượng như này thì có nhiều options khác tốt hơn rất nhiều. Dưỡng ẩm:ko có ẩm",1,0,False,0.6116168847889089,0.38838311521109115
591,Mùi hương:dịu nhẹ Đối tượng sử dụng:trẻ em Chất lượng sản phẩm:ổn  Giao hàng nhanh đóng gói cẩn thận nhận hàng ưng ý,0,0,True,0.9703987004147144,0.029601299585285557
592,"Mua 33 gói màu tím,mà toàn gửi mấy gói vớ vẩn thôi.treo đầu dê bán thịt chó.shop làm ăn lừa đảo vậy a",1,1,True,0.08240576084537654,0.9175942391546235
593,"Shop đóng gói kỹ, giao hàng nhanh, packaging đẹp, son tint lì, màu bóng nhẹ phù hợp nhiều tone màu makeup",0,0,True,0.9499744456636627,0.05002555433633725
594,Tạm thời cho 4 sao. Hàng giao đúng theo yêu cầu và đóng gói cẩn thận. Đóng hộp và bao bí nhìn rất sang. Chưa sử dụng nên chỉ cho 4 sao thôi. Thanks shop.,0,0,True,0.7203200999569559,0.27967990004304405
595,Dưỡng ko ra dưỡng mà son ko ra son. Tệ,1,1,True,0.070828356346058,0.929171643653942
596,"Hương thơm:thom nhe nhe Kinh nghiệm sử dụng:de su dung Làm đẹp:mua lai lan 3 thi chat luong mien che, ko bij kho da nhu mau den",0,0,True,0.8923717989064026,0.10762820109359739
597,"Khuyên mọi người không nên mua sản phẩm này. Vì quá tin nên fomo theo mua dùng thử, lúc mới đánh rất đẹp nhé mng, mịn, không bị khô. nhưng khoảng 2h là xuống tone, mặt đen đi 2 tone ấy. kinh dị lắm huhuhu mọi người chuyển qua mbl nắp tím đi, dù hơi khô nhưng dưỡng ẩm kĩ là ukiii nhé. cái sp này vừa k kiềm dầu vừa nhanh trôi, lần đầu tiên mua sp thất bại như dị😭😭😭",1,1,True,0.38866231855914457,0.6113376814408554
598,"Sp mua thời gian hsd ngắn. Kiểu hàng gần hết hạn. Sp km thì đã bị bóc, chảy hết ra ngoài gói hàng. Một hãng lớn mà làm ăn vậy.",1,1,True,0.05455970454326431,0.9454402954567357
599,"Sản phẩm tốt, cute đáng yêu đẹp lắm sẽ ủng hộ shop tiếp nha shop",0,0,True,0.9708751627657815,0.029124837234218576
600,Shop đóng gói kỹ. Giao hàng nhanh. Đúng và đủ hàng cho khách. Hoàn toàn hài lòng. Tặng shop 5 sao. Sẽ ủng hộ shop tiếp. <3,0,0,True,0.8525606691466794,0.1474393308533206
601,"Đúng với mô tả:dung Chất lượng sản phẩm:dung  Xin lỗi shop vì mua cho người thân nên k có ảnh và video mong shop thông cảm, cường lực dễ dán nhé mọi người",0,0,True,0.7431151800880926,0.2568848199119074
602,"Bao bì:ok Mẹo:ok Kinh nghiệm sử dụng:ok  Hàng được đóng gói cẩn thận, giao nhanh. Sản phẩm hoạt động tốt, mẫu mã đẹp. Giá cả hợp lý, đáng để mua.",0,0,True,0.9496126713203971,0.05038732867960295
603,"Hương thơm:mui thom nuoc hoa nhe nhang va tu nhien Làm sạch:lam sach kha tot  Được review là dùng ok, mùi hương dễ chịu và giặt đồ khá sạch sẽ",0,0,True,0.9825778692408718,0.01742213075912827
604,"Bao bì:nhuw anhr Lợi ích:ur tocs Hương thơm:thomw  mình dùng sản phẩm này thấy cũng tàm tạm thôi, có hiệu quả, nhưng hiệu quả không rõ ràng lắm. mùi cũng thơm đó, rẻ, đóng gói cẩn thận. tóc mình thuộc dạng khô sơ hư tổn nặng, bị xù nữa, do mình cắt ngắn. nói chung là hên xui ha, ai hợp thì sẽ hợp thôi",0,0,True,0.716789048658249,0.283210951341751
605,"Bao bì/Mẫu mã:tiện dụng Hương vị:sữa  Mua vì thiết kế túi dễ sử dụng và bảo quản, sẽ mua thường xuyên ..",0,0,True,0.775600696544497,0.224399303455503
606,"Bao bì/Mẫu mã:mới Hương vị:dc  Đóng gói kém chất lượng, mua 5 lần hết 4 lần chảy ! Nên xem lại cách đóng gói.. góp ý thật Ai mua thì lưu ý chứ đặt gần 1 tháng mới dc..",1,1,True,0.20453856715088414,0.7954614328491159
607,Trải nghiệm quá chán  Đây là mình đặt hộ ng nha Cũng như khi đặt k hiện lên tick thêm deal 0đ thì lsao mình ấn dc,1,1,True,0.19244755752976261,0.8075524424702374
608,Bị thủng 3gói chảy nước,1,1,True,0.10966152580680211,0.8903384741931979
609,hình ảnh và video chỉ mang tính chất nhận xu nên mua dubgf thích săn love rất rẻ,0,0,True,0.9723480186570849,0.027651981342915084
610,Chất son đẹp mua được giá sale hời sản phẩm tốt ẩm môi rất phù hợp . Mọi người mua nhé,0,0,True,0.9390754867963873,0.06092451320361273
611,Hình ảnh chỉ mang tính chất nhận xu..! Con mình uống hãng này từ 4 tháng trộm vía lanh lợi,0,0,True,0.8341953436920451,0.16580465630795488
612,"Mềm mịn:mềm mại Làm sạch:làm sạch tốt Tạo bọt:tạo bọt nhiều  Thấy đánh giá tốt nhiều nên yên tâm với chất lượng sản phẩm. Gói hàng đc bọc cẩn thận, bao bì mẫu mã đẹp. Tks shop.",0,0,True,0.9579051523714918,0.04209484762850825
613,"Mùi hương:matcha, khổ qua Phù hợp với loại da:mọi loại da Công dụng:giảm mụn  Mấy đợt trc mình mua hàng rất ok nhưng đợt này mua hàng bị bẩn dơ với lúc nhận hàng hộp bị rách rồi phần quà kèm nó bị rách nữa, nhìn như hàng bị đẩy qua lại nên bẩn nguyên chai nhìn cũng dơ dơ nữa",1,1,True,0.21675002054144854,0.7832499794585515
614,"Mẹo:làm đẹp Lợi ích:lâu trôi Làm đẹp:m mua màu 9, mà lên màu tối k giống hình, bôi mãi mới lên màu, nước chứ k đặc, khó đánh",1,1,True,0.40053611864301353,0.5994638813569865
615,Sản phẩm như mẫu nha...dùng thấy ok lắm luôn. Tẩy trang cũng khá sạch đến 80% luôn. Nên mua nhaaa lần sau ủng hộ shop tiếp,0,0,True,0.9708604867890044,0.029139513210995605
616,Giao thiếu hàng mình yêu cầu giao thêm cho đủ mà shop không đồng ý. Con mình hết sữa mới đặt mua. Shop giao hàng thiếu rồi shop yêu cầu trả hàng lại cho shop chứ không gửi thêm hàng còn thiếu. Giờ trả hàng thì không có sữa con mình uống. Shop đúng là dồn khách hàng vô thế kẹt. Mô tả sp một đằng giao hành theo một nẻo. Chẳng khác nào treo đầu dê bán thịt chó. Shopee Mall mà làm ăn kiểu này mất uy tín quá,1,1,True,0.01660681009322773,0.9833931899067723
617,"Kem đặc mịn bôi lên da không bị bết dính, nhanh khô, dưỡng ẩm tốt, mùi rất nhẹ, đóng gói cẩn thận, giá hợp lý",0,0,True,0.9315480539132408,0.06845194608675916
618,"Thất vọng, giao hàng ko tặng kèm như quảng cáo",1,1,True,0.01008873587157999,0.98991126412842
619,"Giao hàng nhanh. Đóng gói cẩn thận che tên sản phẩm, chất lượng ổn so vs giá",0,0,True,0.9800120335368687,0.019987966463131238
620,Shop giao thiếu sản phẩm nhưng không bổ sung hoặc hoàn tiền,1,1,True,0.08521065086508783,0.9147893491349122
621,Đặt cấp ẩm giao kiềm dầu đã nhiều lần nhắc shop nhưng đặt đơn nào cũng sai,1,1,True,0.18104519601109603,0.818954803988904
622,Đóng gói cẩu thả sữa đổ ra tùm lum. Nhắn cho shop thì chối tránh trách nhiệm kêu đợi 4.5 ngày  mới giải quyết,1,1,True,0.032659811966211705,0.9673401880337883
623,"Đóng gói chán đời, mua hũ kem nhận đc ship đến nơi kem nóng chảy, chưa giám dùng vì lo nó bị hỏng rồi.",1,1,True,0.1397117008298654,0.8602882991701346
624,Đã nhận đúng hàng đặt mua ! Sản phẩm đã sử dụng nhiều lần nên chất lg rất tốt ! Sẽ ủng hộ shop tiếp !,0,0,True,0.9593786668367862,0.040621333163213855
625,"Bao bì/Mẫu mã:Dỏm, bị xì, trào sữa ra ngoài, mở thùng toàn kiến. Khiến nhà toàn con kiến Hương vị:Chưa chắc ổn vì bị xì bịch sữa mà  Chăm sóc khách hàng thì Lười và tào lao. Giao hàng thì lâu. Có chuyện về Sp thì kiu trả hàng rồi chờ shoppee trả tiền. Ủa, vậy là chăm sóc dữ chưa? Nếu tốt là auto có địa chỉ á, gửi lại bịch Cho mình biết shop muốn xử lý sao? vẹn ko bị bể chứ. Mắc gì hành khách hàng theo quy trình hoàn tiền",1,1,True,0.03060351856169119,0.9693964814383088
626,"Đối tượng sử dụng:trẻ em Chất lượng sản phẩm:bình thường Mùi hương:có mùi thơm  Mua hàng shopeemall mà khá thất vọng giao lọ gãy cả nắp cho khách, mua hàng đắt chứ có phải loại rẻ đâu mà shop làm ăn kiểu vậy sau ai dám mua nữa",1,1,True,0.19089109439226148,0.8091089056077385
627,"Giao hàng rất nhanh, đóng gói cẩn thận nhưng quảng cáo có hàng tặng mà không thấy tặng !!!",1,1,True,0.26817750613488023,0.7318224938651198
628,Chất lượng sản phẩm:tot Đúng với mô tả:đúng  Cái hộp dán ko chuẩn . Tốt nhất là tự dán bằng tay nhé. Chất lượng miếng dán cực tốt. Hơn hẳn mấy cái 20-30k,0,0,True,0.7696582921910583,0.23034170780894173
629,"Hàng đóng gói cẩn thận, giao đủ đơn, đúng mặt hàng. Serum này mình đã sd chai thứ 2, thấm nhanh, da căng mướt oke nha.",0,0,True,0.9672427791992991,0.03275722080070091
630,K thây quà tặng nào cả,1,1,True,0.08092863993656885,0.9190713600634312
631,"Giao hàng nhanh đóng gói kĩ chắc chắn , trừ ⭐️ vì mua hủ ủ vì móc khoá ủ , trang thì mua 1 hủ ủ tặng 1 móc khoá ủ mà hàng về lại k có quà thật thất vọng",1,1,True,0.17576173953004937,0.8242382604699506
632,"Hàng đóng gói hộp sữa bị móp tả tơi nhưng cái thùng thì ko móp, shop giao hàng bị rách cho mình",1,1,True,0.030492137690042664,0.9695078623099573
633,Son ko lên màu gì luôn.,1,1,True,0.19072526029834613,0.8092747397016539
634,Độ tuổi sử dụng:1-3 Chất lượng sản phẩm:tot Bao bì/Mẫu mã:bị móp  Đóng hàng sơ sài chỉ hộp sữa và thùng giấy k có giấy chống sốc,1,1,True,0.16621059790323167,0.8337894020967683
635,Lần thứ 4 mua mà ko nghĩ lại móp méo như vây,1,1,True,0.054279381907483826,0.9457206180925162
636,"Chất lượng sản phẩm:tệ  Vừa dán xong thì thấy kính bị mẻ rồi trong khi là kính cường lực. Nhắn shop thì shop gửi sticker rồi im lun, không có phương án giải quyết gì. Trải nghiệm rất tệ.",1,1,True,0.04194854278398119,0.9580514572160188
637,Sản phẩm giao ko kèm quà tặng. Nt shop ko tl. Chặn tn kh. Shop nên xem lại vấn đề này,1,1,True,0.05243537304373447,0.9475646269562655
638,Giao hàng nhanh nhma trải nghiệm sản phẩm ko tốt bóc ra thì do chống sốc chưa ổn nên vỏ bị vỡ và nứt nhiều chỗ phần thuỷ tinh cứng cáp nên ko sao,1,1,True,0.3852064715604093,0.6147935284395907
639,"giao hàng nhanh, đóng gói cẩn thận. Sau khi dung mới biết chất lượng có tốt hay không, nếu tốt sẽ mua lần 2",0,0,True,0.973827505991145,0.026172494008854998
640,Giao sai hàng. Hỗ trợ chán. Hoàn trả phức tạp,1,1,True,0.1261041379365817,0.8738958620634183
641,"Packaging sang xịn, đẹp, trộm vía nhận hàng nguyên vẹn không bị rơi rớt phấn ra ngoài, chưa xài thử mong là ổn áp",0,0,True,0.5202698605240471,0.4797301394759529
642,Màu sắc:ok Đúng với mô tả:ok Chất liệu:khá đẹp,0,0,True,0.9265979702982488,0.0734020297017513
643,Tôi đặt ốp viền cam. Mà lại ship cho tôi viền trắng,1,1,True,0.1772000990756093,0.8227999009243907
644,"Hàng nhận được giống với mô tả, giao hàng ổn, mua còn được tặng kèm bông tẩy trang khá là ưng ý, rất hài lòng.",0,0,True,0.8255836562032014,0.1744163437967986
645,"Dặt hàng xong tự ý huỷ ko chịu giao, bắt khách hàng dặt lại. Keu sẽ hỗ trợ 10kxu. Mình đồng ý dặt lại dơn mới. Chờ 7-8 ngày ko thấy xu đâu. Nt thì nói sợ hỗ trợ xong im ru.",1,1,True,0.09951909380154067,0.9004809061984593
646,Chất lượng sản phẩm:đóng gói cẩn thận. Chưa dùng nên chưa biết Đối tượng sử dụng:người lớn và trẻ trên 2 T Mùi hương:chưa dùng nên chưa biết,0,0,True,0.8901397985188712,0.10986020148112884
647,Mẹo:không như mô tả. như hình là biết mặt hàng nhue thế nào rồi giá thì....,1,1,True,0.2869425123497301,0.7130574876502699
648,"Chất lượng sản phẩm:chưa sd Bao bì/Mẫu mã:móp méo Độ tuổi sử dụng:2 -6  Tháng nào cũng mua, nhưng lần này nhận hàng bao bì vỏ hộp đều móp méo mặc dù có chống sốc nhiều lớp. Nhìn y như hàng giả. Có nhắn shop nhưng k thấy phản hồi. Cân nhắc sẽ k mua lần sau",1,1,True,0.06174826403074729,0.9382517359692527
649,"Chất lượng sản phẩm:tốt Tính năng nổi bật:nghe rõ,cách âm tốt  Tốt ,sẽ ủng hộ shop tiếp",0,0,True,0.9724833546682308,0.027516645331769243
650,"Sp dùng ổn , mk khá thk cách shop nhiệt tình với khách hàng, shop ở trong nam mk ở Bắc mà 2 ngày đã giao tới r",0,0,True,0.5348442203030399,0.46515577969696004
651,sản phẩm rất ukii chất mỏng nhẹ thấm nhanh năng tone vừa phải dạng creammilk nên rất phù hợp với mọi loại da ạaa,0,0,True,0.9583508294756075,0.04164917052439252
652,Sữa tắm thơm xịn lắm. Xài từ lâu lắm rồi nên chất lượng khỏi phải nói. Cảm ơn brand đã bế Congb và Mason Nguyễn 🌟🌟🌟🌟,0,0,True,0.851775513679844,0.14822448632015592
653,Chất lượng sản phẩm tuyệt vời. Đóng gói sản phẩm rất đẹp và chắc chắn. Thời gian giao hàng rất nhanh. Sản phẩm đẹp. Đáng để mua,0,0,True,0.9577888119141531,0.04221118808584695
654,Chất lượng san rphaam tiyetj vời giao hàng nhanh giá thành rẻ đẹp honhr ảnh và video minh hoạ lấy xu,0,0,True,0.9585475673340136,0.04145243266598644
655,"Chất lượng tốt lắm. Shop có thể đừng dùng keo trong dán lên nắp được không. Đã rất cố gắng nhiều lần nhưng mở keo ra lần nào cũng bị dính chai, làm chai bám bụi. Nhìn bẩn và mỗi lần sử dụng đều dính dính vào tay.",0,1,False,0.27911163851164145,0.7208883614883586
656,"Shop đóng gói rất cẩn thận , thời gian giao hàng rất nhanh . Thấy shop ghim quà tặng mà không thấy gửi kèm ? Hỏi thì shop bảo là mình không tích vào phần tặng quà , cứ nghĩ shop đã ghim thì tự động kèm quá chứ ? Mọi người chú ý nhé !",1,1,True,0.09917724938144912,0.9008227506185509
657,"Kinh nghiệm sử dụng:chưa dùng Bao bì:sành, nhìn sang  Chưa sài đánh giá để lấy xu",0,0,True,0.5315148956558436,0.46848510434415636
658,Hương thơm:thơm Làm sạch:owik Chất lượng:ok  Dùng thử nhà b thấy thơm nên mua dùng thử,0,0,True,0.9859767829798897,0.014023217020110291
659,"Hàng đóng gói cực kỳ tệ, sp tới tay giấy ngoài rách bươm, đã vậy chai sữa tắm còn rỉ nước, cầm vô sp lại phải đi rửa tay, rất phiền vì mình nhận giao đến công ty chứ k phải nhà ở. Mùi sp thì k thơm như mình nghĩ, nghe mùi hơi hóa học",1,1,True,0.20153180477562282,0.7984681952243772
660,"Đã nhận được hàng, giao hàng nhanh, đóng gói cẩn thận, lần sau ủng hộ shop",0,0,True,0.9745987099323309,0.02540129006766912
661,Đóng gói vô cùng tệ. Phản ánh rất nhiều lần nhưng chưa bao giờ cải thiện. May lần này còn đủ số lượng. Có lúc đơn hàng tổng cộng 5 sản phẩm rơi đâu hết còn mỗi 1 sản phẩm duy nhất.,1,1,True,0.2303349577177155,0.7696650422822845
662,Shop nói tặng bao đựng son nhưng khi nhận hàng ko có,1,1,True,0.03441644725065973,0.9655835527493403
663,Bao bì/Mẫu mã:đẹp Chất lượng sản phẩm:tốt Độ tuổi sử dụng:trẻ em  Giao hàng nhanh,0,0,True,0.9721828141848438,0.027817185815156194
664,Bao bì:bia cat tong Kinh nghiệm sử dụng:dc Hương thơm:thom  thơm ok ổn,0,0,True,0.9268818593626185,0.07311814063738148
665,Bảo tặng quà nhưng không tặng,1,1,True,0.029442923179067826,0.9705570768209322
666,Chưa nói về chất lượng nhưng bao bì ko đảm bảo  Nắp có nhiều vết xước bị cảm giác hộp ở ngoài xong đóng vào vỏ,1,1,True,0.12444381411455618,0.8755561858854438
667,"Giao hàng nhanh, đây là lần thứ 5 mình mua sản phẩm",0,0,True,0.8023923008962379,0.19760769910376208
668,Bao bì:dep Mẹo:khong co Lợi ích:sach gau  Mình hay mua túi cho tiết kiệm nhưng lần này mình mua chai lớn. Tưởng được tặng quà nhưng không có quà gì cả. Vậy là ntn ạ?,0,1,False,0.06787666282764315,0.9321233371723568
669,Chất lượng sản phẩm:tốt  Thơm lắm nha mọi người .mùi hương dễ chịu ko gắt quá .giao hàng nhanh chóng nên mua,0,0,True,0.9836979489674569,0.016302051032543084
670,Hương thơm dịu nhẹ chuản lavender mọi ngukwjf có thể thứ giá rẻ,0,0,True,0.9719774140467522,0.02802258595324781
671,"Độ tuổi sử dụng:trẻ em Chất lượng sản phẩm:tốt  Hàng chính hãng nên yên tâm, mua được khuyến mãi, shop giao hàng nhanh, gói hàng cẩn thận. Sẽ tiếp tục ủng hộ.",0,0,True,0.9808154530694365,0.019184546930563488
672,"Hàng đóng sơ sài, đã nhiều đánh giá về vấn đề này vậy mà không có sự thay đổi. 1 hãng lớn như thế mà không có sự chỉn chu từ khâu đóng gói, tệ lắm luôn",1,1,True,0.05306798193379958,0.9469320180662004
673,"Quài luôn , làm ăn đúng chán . Không biết bao nhiêu lần giao sữa mốp méo luôn rồi đó",1,1,True,0.2112315461326013,0.7887684538673987
674,"Gói hàng ẩu. Chỉ gói bừa 1 lớp nilon rồi bỏ vào cái thùng rộng tênh. Kết quả bể 1 bình sữa, báo hại tôi lau dọn vì sữa chảy khắp nơi.",1,1,True,0.1429073960501207,0.8570926039498793
675,"Đã nhận được hàng, đóng gói cẩn thận, miếng rửa mặt mềm. Dùng ổn sẽ ủng hộ lần sau.",0,0,True,0.9709168420990909,0.029083157900909123
676,Mẹo:loại này thì ok Bao bì:đẹp Hương thơm:bac hà  Sản phẩm đăng nói 1tặng1 mà giao có 1 chai xì bông... làm ăn gì không quy tính.né shop này nha...,1,1,True,0.48618745646605543,0.5138125435339446
677,"Hàng đóng gói không cẩn thận, bị chảy sữa rửa mặt ra ngoài lem nhem hết cả.",1,1,True,0.07222545150094573,0.9277745484990543
678,Shop giao thiếu hàng,1,1,True,0.11737882387565557,0.8826211761243444
679,Sài nguyên bộ  Da đẹp mởn mởn Mờ thâm Cũng sáng lên Da mịn Nên mua nha moi nguoi Nên kết hôp Sài nguyên combo moi hieu qua,0,0,True,0.85246591269421,0.14753408730579
680,Mua cả triệu mà không hề có 1 món quà tặng như hình Trong khi trên Live vẫn nói tặng quà,1,1,True,0.034924103789533256,0.9650758962104667
681,"nắp ọp ẹp, dởm, chai nặng tay nhưng mùi hương liệu quá nồng làm da bị kích ứng mẩn đỏ, khá thất vọng",1,1,True,0.2083903415887297,0.7916096584112703
682,Chống nắng L'Oréal đổi mẫu nhìn đẹp cực 😍. Giá ổn áp nữa! Còn được tặng quà mini size với túi nữa! Cảm ơn shop nhiều nhé 😘,0,0,True,0.8718606716059464,0.12813932839405362
683,"Mình nhìn nhầm cứ tưởng tắm gội đặt luôn 1 bình to oạch nhưng mà bù lại đc tặng 2 chai tắm gội nhỏ quá là hợp lý, tính ra lại quá rẻ. Thơm dịu nhẹ rất thích, mua shoppe mall thì lại quá là yên tâm nữa nha các mẹ nên thử 😘😘😘",0,0,True,0.6742639671196184,0.3257360328803816
684,Mình đã dùng sản phẩm được một thời gian nhưng cảm thấy chả khác gì so với ban đầu tức là tóc mình chả bao giờ sử dụng mấy cái loại như thế này nhưng dạo gần đây mình cảm thấy tóc mình khá là khô xơ được review trên top thì mua về dùng thử nhưng mà nói chung là cảm thấy chả khác cái gì đều như vậy nhé mọi người nói chung không nên mua sản phẩm này nên sử dụng những loại khác,1,1,True,0.36539948213632845,0.6346005178636716
685,"Làm đẹp:no Mẹo:no Kinh nghiệm sử dụng:no  Chưa dùng nhưng phải vô đánh giá dịch vụ tệ cho shop Mang tiếng shop mall nhưng làm ăn rất chán Lần đầu đặt đơn srm thấy ok nên mới đặt tiếp tẩy trang Mà lần 2 đặt tự nhiên mới đến kho shipper đã báo hoàn hàng về, mình cứ đổ lỗi cho shipper hóa ra nay đặt lần 3 mới biết lỗi do shop Ship từ cuối VN lên đầu VN mà K CHO 1 MIẾNG CHỐNG XÓC NÀO, vứt nguyên cái chai vô hộp rõ mỏng, đến nơi cái hộp nát như kia, đến miếng dán còn nhăn nhó, may hơn lần trước là chai k bị nứt chảy nước Đã bị 1 lần rồi nên ngay khi đặt đơn cũng đã note shop, sau đó lại gửi tin nhắn lần nữa, cskh hứa nọ hứa kia nhưng nhận đơn đâu vẫn vào đó Trong khi shop khác cùng tỉnh họ bọc cho mấy lớp chống xóc mà sản phẩm còn chả phải dạng lỏng, thì đây ship rõ xa sản phẩm còn dạng nước nhưng thấy bọc trông chán không  Shop nên xem lại nhân viên kho chứ cứ bọc kiểu này shop sẽ mất hết khách kể cả có là shop mall chính hãng đi nữa người ta cũng không quay lại điển hình là mình nhé!",1,1,True,0.031424665989366884,0.9685753340106331
686,"Shop đóng gói kỹ, giao hàng nhanh hơn dự kiến. Sản phẩm đúng mô tả, chưa sử dụng lâu nên chưa đánh giá được độ bền/hiệu quả. Nếu dùng ổn sẽ quay lại ủng hộ.",0,0,True,0.9478686960502603,0.05213130394973972
687,Đây là mấy lon sữa mà shop mall giao cho khách đây sao :))) nói thô nhưng thật nhưng nhân viên gói hàng Ng.u thật sự :))) dán băng keo 2 lon vô với nhau r giao cho khách. Trả hàng hoàn tiền thì bắt có clip khui hàng trong khi mua sữa đó giờ ai mà quay clip khui hàng. Nhắn cskh thì cứ kêu ấn thht. CON LẠY MẤY MÁ TRẢ HÀNG KHÔNG ĐƯỢC NGƯỜI TA MỚI NHỜ CSKH HỖ TRỢ MÀ TRẢ LỜI NHƯ CÁI MÁY VẬY. MUA CẢ MẤY ĐƠN RỒI NHƯNG CHƯA LẦN NÀO THẤY ĐÓNG GÓI TỆ VÀ COI THƯỜNG KHÁCH ĐẾN VẬY,1,1,True,0.005405666076713778,0.9945943339232862
688,sản phẩm ok nha hình thức khá là đẹp cách nhiệt cũng ổn đáng mua nha mng,0,0,True,0.959024318367014,0.04097568163298606
689,Hình ảnh mang tính chất nhận xu Sau 1 tháng gội thì thấy gàu lên x2. Mn mua nên cân nhắc . Gàu lên từng mảng trắng xoá luôn ấy. Mình sẽ k mua lần 2 sp này ! 🙏,1,0,False,0.6396213179640625,0.3603786820359375
690,Giao hàng nhanh. Đóng gói cẩn thận. Máy sấy sài siêu tốt rất êm,0,0,True,0.9725256269756951,0.027474373024304916
691,"Mua cho ck 1 lố. Chất vải khá mềm mịn, mặc cũng thoải mái. Nên mua",0,0,True,0.8892335851981836,0.11076641480181636
692,Mẹo:minh chua dung Kinh nghiệm sử dụng:minh su dung lan dau tien Hương thơm:dung lan dau nen chua biet  Mình dùng lần đầu tiên nếu sản phẩm ok mình sẽ quay lại ủng hộ shop tiếp ạ,1,0,False,0.9307530433344657,0.06924695666553424
693,"Cái phần mua để tặng kèm quà nó quá bé và mờ, quá tệ",1,1,True,0.03573447470657298,0.964265525293427
694,Không thấy túi giấy đâu,1,1,True,0.11289318374843493,0.8871068162515651
695,Làm đẹp:lm sạch da Hương thơm:thơm Mẹo:kết hợp cùng bông tẩy trang lm sạch da  Okkkkkkk lắm nha😻,0,0,True,0.9293868399971389,0.07061316000286107
696,"Sữa rửa mặt bung nắp, nhoe nhoét hết ra. Mong sau shop cẩn thận hơn.",1,1,True,0.2536594653191765,0.7463405346808235
697,"Sữa đổ ra hết cả bịch. nt shop, chỉ đưa phương án hoàn hàng. Sữa bê bếch vậy rồi bảo khách hàng đóng gói kiểu gì",1,1,True,0.04885460090329041,0.9511453990967096
698,"Chất lượng:giao hàng không thèm theo quà tặng, không giống quảng cáo",1,1,True,0.0872496287424449,0.9127503712575551
699,"Đóng gói sơ sài. Ko có hộp thì thôi còn lấy keo quấn lại vậy, mình ghét kiểu đó nhất ý, gỡ ra thì dính keo, để lâu bụi bám trên lớp keo nhìn bẩn chịu không đc",1,1,True,0.025620794036941064,0.9743792059630589
700,Mua 2 đôi mà sp cứng lại còn bị lỗi Bán hàng k có tâm,1,1,True,0.05364020938618563,0.9463597906138144
701,"Hàng shop mall thì chắc là hàng chuẩn rồi. Shop đóng gói cũng kĩ, nhưng mà trừ sao vì thời gian chuẩn bị hàng của shop siêu lâu. 10/10 mình mua chục đơn, đơn shop ở gần mình nhất nhưng lại nhận sau cùng. HCM ship qua Đnai mà còn lâu hơn HN ship vào Đnai do shop giao đơn chậm. Nt thì shop k trả lời luôn.",1,1,True,0.1396146907147564,0.8603853092852436
702,"Mua loại 200ml mà vẫn thấy nhỏ hơn so với tưởng tượng, giao hàng nhanh. Đóng hàng ok, nhưng ko thấy hộp đựng bao bì sản phẩm.",0,1,False,0.47329482524857835,0.5267051747514216
703,Bao bì/Mẫu mã:ẩu Hương vị:ngon  Lần này shop đống hàng ẩu nha không bọc chống sốc từng hộp mà lót đúng hai miếng túi bóng trên thùng và dưới thùng hậu quả một hộp bị phù đít rò rỉ sữa ra ướt một xíu thùng tui chấp nhận lấy hàng vì hậu quả không làm hư hởng sản phẩm quá nhiều tui nghỉ mới bị trong hôm nay nên ship họ không hoàn hàng vì chỉ nhiễu một ít thôi không loan ướt shop cần coi lại cách đóng gói của mình đi để không bị mất khách cho đơn tới do hậu quả không lớn nên tôi không quay video lại chỉ góp ý shop thôi,1,1,True,0.04725702572231205,0.952742974277688
704,"Độ tuổi sử dụng:all Chất lượng sản phẩm:ok  Dưỡng ẩm tốt, mùi thơm dễ chịu, không biết có kích ứng không, bé nhà mình 1,5 tháng tuổi dùng thử vẫn ok",0,0,True,0.975244406801426,0.024755593198574056
705,Chất lượng sản phẩm:bun  Nhìn packaging rất xịn xò nhưng dán vào bị bọt khí ko huhu rất bùn nha,1,0,False,0.5463862702677129,0.45361372973228703
706,"Công dụng:sữa tắm sạch da, giao hàng nhanh, giá hơi cao, quà tặng ít Mùi hương:dễ chịu, sử dụng êm Phù hợp với loại da:mọi loại da",0,0,True,0.9669708030282562,0.03302919697174373
707,Oke lắm nha trông xịn xò kb đi được bao lâu nma khá oke và chim ưng,0,0,True,0.9316321758711144,0.06836782412888559
708,"Tính năng nổi bật:sp tốt Chất lượng sản phẩm:10/10  giao hàng nhanh, tai nghe ổn, mẫu mã bao bì đẹp nha",0,0,True,0.9551087577905757,0.044891242209424254
709,Sữa móp còn ráng giao nữa trong khi họ thanh toán rồi Khó chịu vô cùng nha,1,1,True,0.17402623056138877,0.8259737694386112
710,"Đóng gói hời hợt, mở ra bung bét hết trơn, kem nền chưa sử dụng nhưng đầu vòi và nắp dính đầy kem, cảm giác đây là hàng đã qua sử dụng. Trải nghiệm mua hàng quá tệ",1,1,True,0.12527238722921652,0.8747276127707835
711,"Tóc mềm mượt:Chua xac dinh Giảm rụng tóc:Khong biet Hương thơm:Binh thuong  Vận chuyển rất tệ bị trào ra hết luôn, không ngờ mua gian hàng chính hãng mà đóng gói gớm tới mức như vậy",1,1,True,0.13149710378701185,0.8685028962129882
712,"Shop chuẩn bị và giao hàng nhanh, đóng gói cẩn thận.Giá tốt chất lượng.",0,0,True,0.9806233804649453,0.0193766195350547
713,Quà tẶng là nước súc miệng ko cay vị trà xanh 750ml nhưng tự ý thay đổi bằng 4 chai nước súc miệng cay 100ml,1,1,True,0.23371801900506695,0.766281980994933
714,Giao hàng rất nhanh mới đặt hôm qua nay nhận được đã mua hàng ở shop này nhiều lần rồi rất ngon nha,0,0,True,0.8416727418284591,0.1583272581715409
715,"Hãng lớn nhưng khâu đóng gói rất coi thường khách hàng, chảy tùm lum, trong khi hộp gửi đi không hề móp méo, nhưng hãng vẫn đổ cho đơn vị vận chuyển.",1,1,True,0.02284114501187373,0.9771588549881263
716,"Công dụng:hình ảnh chỉ mang tính chất nhận xu không có liên quan đến sản phẩm. Mùi hương:chất kem chống nắng này rất dễ tán.tham thấu nhanh, mỏng nhẹ.minh rất thích Dành cho da:dành cho mọi loại da.",0,0,True,0.9746821475011744,0.025317852498825556
717,"Mùi hương:Mùi dâu Độ lưu hương:2 tiếng  Mình mua body mist mới của hella, chai snow baby như mùi dâu tây ngọt nhẹ nhàng. Độ lưu hương nhẹ, nghe thoang thoảng. Sử dụng đi làm đi học khá ổn",0,0,True,0.8923583512288432,0.10764164877115683
718,Giao thiếu hàng tặng làm ăn vớ vẩn mua trên live hannaolala còn thế vui lòng shop hỗ trợ giải quyết mình gửi vd khui hàng khỏi cãi,1,1,True,0.06904944782270406,0.9309505521772959
719,"Kiểu dáng:đẹp Chất lượng:tốt Hương vị:ngon  Hàng đóng gói cẩn thận. Giao hàng nhanh. Gửi sữa cận date chỉ còn 2 tháng, thương hiệu lớn mà bán hàng nhanh hết hạn, trong khi những hãng sữa khác gửi hàng hạn sử dụng tận 6 tháng. Shop coi lại cách bán hàng ra thị trường.",1,1,True,0.46617195962615343,0.5338280403738466
720,"Đóng gói ko cẩn thận, sơ sài làm tuột đầu nhấn, dầu gội chảy ra ngoài",1,1,True,0.060546300038478496,0.9394536999615215
721,Chất lượng sản phẩm:tốt Độ tuổi sử dụng:em bé  Hình ảnh mang tính chất nhận xu thôi nha mọi người oii,0,0,True,0.973558260198406,0.02644173980159408
722,Sản phẩm rẻ kkk hình ảnh chỉ mang tính chất nhận xu thoy à săn sale oki,0,0,True,0.9628835050413138,0.03711649495868615
723,"Dầu gội mượt tóc, mùi thơm dễ chịu, shop đóng gói kỹ và cẩn thận, mua đc giá săn sale nên rẻ ghê",0,0,True,0.9737259503183519,0.026274049681648124
724,Kem dùng thích mềm da lắm . Đơn trc m mua serum và kèm 2 kem này sz nhỏ dùng thấy thích nay mua hũ to luôn. Shop gói hàng kỹ giao cũng nhanh. Túi tặng kèm nhỏ xinh xinh ra ngoài xách theo xíu đồ ok nè . Cám ơn shop nha m sẽ ủng hộ lâu dài ạ❤️❤️❤️❤️❤️❤️❤️,0,0,True,0.9456638459205741,0.05433615407942597
725,"Chất lượng sản phẩm:tốt Độ tuổi sử dụng:mọi lứa tuổi  Mùi rất thơm, nhưng hơi nồng, dưỡng ẩm tốt, nên mua",0,0,True,0.9577102074931864,0.04228979250681367
726,"Đóng gói sơ sài ,giao hàng lâu phải 1 tuần với nhận được đơn hàng ,mũ khá mỏng nhưng đội vô form ổn",1,1,True,0.20739708049615224,0.7926029195038478
727,Độ sáng:ko co Độ đều màu:kem  Dùng ko hiệu chỉnh da,1,1,True,0.35006499727768736,0.6499350027223126
728,"Công dụng:thơm Mùi hương:de chiu Dành cho da:nhay cảm  Giao hàng nhanhh, chất lượng sản phẩm ổn",0,0,True,0.9715656389919228,0.02843436100807719
729,"Dưỡng ẩm:chưa biết Màu sắc:không giống  Màu sắc ko giống như hình ảnh quảng cáo lắm, không được đổi trả hàng vì đã mở ra xem, haizzz xu cà na",1,1,True,0.16708396110406976,0.8329160388959302
730,Mình dùng một giọt nhỏ cũng bị nóng rát. Đáng lẽ ra shop phải có hướng dẫn sử dụng và cảnh báo những vấn đề không mong muốn có thể xảy ra khi dùng serum pond's bằng tiếng việt cho khách hàng. Mình là khách hàng thường xuyên dùng kem dưỡng pond's. Kem dưỡng rất ổn. Đây là lần đầu dùng serum   và đã bị kích ứng. Mình không đánh giá về chất lượng sản phẩm. Mình không hài lòng với shop về mảng tư vấn khách hàng.,1,1,True,0.1984483358278476,0.8015516641721524
731,"nhận đủ hàng, mới đắp nên kh biết chất lượng ntn nhưng thấy đắp xong da mềm ẩm",0,0,True,0.6351257760688905,0.36487422393110946
732,kem ủ tóc sài rất mượt thơm lưu hương trên tóc được rất lâu sài tốt,0,0,True,0.8000245207614697,0.19997547923853035
733,Giao hàng nhanh. Đóng gói chắc chắn cẩn thận. Sấy nóng và lạnh. Hi vọng bền hihi,0,0,True,0.9514739883466702,0.04852601165332979
734,"Bao bì/Mẫu mã:sữa có đường  Đóng gói không chắc chắn khi mở ra 1 bịch bị thủng đổ chảy tùm lum, không hài lòng",1,1,True,0.033362422481012954,0.966637577518987
735,shop lsau nên bọc thêm hộp giấy và thêm chống sốc nữa. chứ mở ra hết nửa thùng uống nỗi ji nữa trả tiền r tin tg k mở ra ktra ship đi r mở ra ối dồi ôi chẳng nhẽ gọi trả lại hic.,1,1,True,0.13112386310466262,0.8688761368953374
736,sản phẩm ok.shop giao hàng nhanh.Nên mua khi cần nha mọi người.shiper thân thiện,0,0,True,0.9417278900912605,0.05827210990873956
737,bị vỡ nắp kẹp của chai dầu xả nên là nó bị chảy ra hết,1,1,True,0.09450487182563783,0.9054951281743622
738,"Màu sắc:be Đúng với mô tả:khá Chất liệu:không biết  Giá khá rẻ nhờ mình săn sale, nón form khá đẹp. Có điều shop đóng gói sơ sài quá, không đựng được cái bọc kèm theo nón",0,0,True,0.6650552922464439,0.33494470775355617
739,"Sản phẩm chất lượng tốt, đóng gói cẩn thận, giao hàng nhanh. Sẽ mua lại. Ảnh và video minh hoạ",0,0,True,0.9801478116326037,0.019852188367396332
740,Bao bì/Mẫu mã:thiếu hàng,1,1,True,0.16618445168799467,0.8338155483120053
741,Chống nắng:chưa sd chưa biết ntn  Sao trong đơn để có 2 sp quà tặng  nhưng giao hàng không hề có nha shop,1,1,True,0.0809768289073226,0.9190231710926774
742,"Bao bì:nặng tay Làm đẹp:mềm mượt tóc  Mùi hương nhẹ không nồng thoang thoảng thoi, không làm bết tóc, giao hàng nhanh, đóng gói cẩn thận",0,0,True,0.9358952310944312,0.06410476890556885
743,ốp viền cứng op vào dễ trầy điện thoại,1,1,True,0.23150735713810333,0.7684926428618967
744,Hương vị:mua chưa thanh toán thi đơn giao rất nhanh và thùng giao tới không bị móp méo. mua thanh toán ngay thì thời gian nhà bán giao cho đơn vị vận chuyển rất lâu. đóng 2 thùng đè lên nhau. thùng dưới bị móp biến dạng và ướt. mở thùng đổ bịch sữa ra ngoài thì thấy mùi rất thối. một cảm giác rất tồi tệ khi nhận phải dịch vụ kém chất lượng và chất lượng hàng hóa cũng kém (bịch sữa ám mùi thối),1,1,True,0.10262168222450885,0.8973783177754912
745,Ship nhanh nhưng k có quà,1,1,True,0.13548621428009366,0.8645137857199063
746,Mua ở live của c Hana nhưng k có quà tặng kèn theo như live nói,1,1,True,0.04293575337933375,0.9570642466206662
747,"Bao bì:ddungs Kinh nghiệm sử dụng:oce Làm đẹp:oce  lần thứ 2 quay lại mua vì dùng hợp, dầu gội thơm mùi thảo dược dễ chịu, k ngứa gàu, oceee",0,0,True,0.7736094048804332,0.22639059511956688
748,"1 cái dán dính ổn, 1 cái thì dán k dính",1,1,True,0.20727906293608023,0.7927209370639198
749,"Hạt quá ít, không đủ để kỳ ra da chết. Bình thường xài những loại khác, sau khi tẩy da rất mịn. Còn này xài xong thấy bình thường. Quá thất vọng",1,1,True,0.15072496863048013,0.8492750313695199
750,"Quá tệ. Đã huỷ đơn còn cố tình gửi, cộng với ship không hỏi khách đã bấm nhận hàng. Cạch mặt shop. Chăm sóc khách hàng chậm chạp. Không hỗ trợ tốt cho khách. Không bao giờ mua lại.",1,1,True,0.03556086909899092,0.9644391309010091
751,Cô Mai bế Anna đi muộn chút nhé c ơi em cũng cho biết thêm chi tiết nhé mẹ ạ,0,0,True,0.8319072635012655,0.16809273649873444
752,vãi cả shop đóng góii.  :)),1,1,True,0.3812461121754167,0.6187538878245833
753,"Mùi hương:Thơm Công dụng:sạch da Phù hợp với loại da:đã mụn  Hình ảnh chỉ mang tính chất nhận xử ,shop giao hàng nhanh chóng, chưa được hfwgjvvfgjyhh",0,0,True,0.9905805533735745,0.009419446626425423
754,M mua combo 5 cái thì vừa 3 cái .còn 2 cái chật ko thể mặc đc .sẽ ko mua lại lần 2,1,1,True,0.15014969206289341,0.8498503079371066
755,Công dụng:sang da mo tham nam Mùi hương:thơm Dành cho da:mọi loại da  Giao hàng nhanh chất lượng so tốt Lần t3 mua sp bên shop zùi ạh,0,0,True,0.9625175943922261,0.03748240560777389
756,Hương vị:tho nhe ngon k ngot gat Bao bì:mau ma dep,0,0,True,0.6981748430073169,0.30182515699268303
757,"Đã mua sản phẩm này rất nhiều lần và dùng trong một thời gian dài rồi nên phải yên tâm về chất lượng, giao hàng nhanh đóng gói sản phẩm cẩn thận, còn được tặng kèm quà khuyến mãi",0,0,True,0.9101009855002544,0.08989901449974563
758,Làm sạch:Sữa tắm giúp da sạch sâu và không bị nhờn Hương thơm:Mùi hương rất dịu nhẹ và dễ chịu Phù hợp với mọi loại da:Phù hợp với nhiều loại da,0,0,True,0.9686457297018839,0.03135427029811606
759,Hàng như thế này mà vẫn giao cho khách. Đặt 2 lần lần nào cũng có 1 thùng bị lỗi. Lần đầu thì mình nghĩ chắc do vận chuyển nên thôi mình bỏ qua. Nhưng lần này rõ ràng thùng này hình như bị ngập nước bị hỏng cái thùng. Bên trong sữa bịch cũng hỏng đổ ra ngoài luôn mà vẫn giao cho khách được. Trả đi trả lại thì mất công. Mà làm ăn cái kiểu chẳng hiểu nổi,1,1,True,0.01221565120196777,0.9877843487980322
760,"2 gói nhỏ rất loảng , k thơm , 1 lần giặt cho nửa gói mà phơi lên mùi hôi rình",1,1,True,0.336530756952761,0.663469243047239
761,"Giao hàng nhanh, đóng gói sản phẩm sơ sài. Dễ kết nối, thi thoảng bị mất tiếng, k có đệm nên hơi đau tai, nghe ổn, pin trâu.",0,0,True,0.5546294524482438,0.4453705475517562
762,"Sữa bị bể, hôi rình, định quay phim lại hoàn hàng nhưng mà bực bội, khỏi , rồi ko biết có lần sau ko, cái này do quăng hàng nên mới bể Chán chả muốn nói lun",1,1,True,0.09088473376789341,0.9091152662321066
763,Lúc nào cũng để đính kèm quà tặng nhưng toàn bịp thôi,1,1,True,0.1464913905572235,0.8535086094427765
764,"Sữa bị bể. Khiếu nại shopee ko đền bù, gây khó dễ",1,1,True,0.14285754789731198,0.857142452102688
765,Mùi hương:cay Làm sạch:cay  Cay xè chảy nước mắt mà quảng cáo là không cay,1,1,True,0.3168487026684327,0.6831512973315673
766,Thiếu bộ đồ chơi rùi,1,1,True,0.2534226628783983,0.7465773371216017
767,"Bé nhà mình theo sữa này từ nhỏ trộm vía bé khỏe OK. Mua ngày sale nên dc giá rẻ hơn vài chục. Chứ sữa này ko có quà, chỉ chơi minigame trên live mà hên xui vì bame tham gia đông xác xuất trúng quà rất ít. Khi trúng nhận quà Cực Cực Cực kì lâu.",0,0,True,0.5044115743980915,0.4955884256019085
768,Bao bì:6 Làm đẹp:6 Mẹo:6  Ừ cũng được cũng được đi nhưng mà thấy giá nó cứ sao sao Ý nhưng mà nó rẻ hơn 1 xíu thì mình yêu xấu nhất thế giới luôn mà thấy chất dở hơi ấy Ý sợ nó đi nhiều lại bận rồi lại móc lại méo lại không vừa lại hỏng lại tụt này tụt nọ lên là mong shop,1,1,True,0.12203936297477858,0.8779606370252214
769,Trên hình để tặng dầu gội mà có tặng đâu,1,1,True,0.12812850925232466,0.8718714907476753
770,"Mùi hương:bình thường Đối tượng sử dụng:mọi người Chất lượng sản phẩm:bình thường  Sài chả thấy thơm gì cả, ko quét dk mã vạch ,sd voucher nên giá rẻ nhưng ko mua lần 2 nữa đau...chán",1,1,True,0.29107932617624144,0.7089206738237586
771,Làm sạch:sạch nha Độ dịu nhẹ:an toàn cho da bé  Oke mọi thứ đều ổn. Sẽ ủng hộ lần sau.🥰,0,0,True,0.975357539943716,0.02464246005628402
772,Khó thao tác trong việc thêm quà tặng vào đơn hàng,1,1,True,0.11823116479337403,0.881768835206626
773,"Độ bền màu:siêu sạch Công dụng:làm sạch da dịu nhhe, an toàn bạn nào da dầu nên mua e này mua được giá rẻ hãng codn tặng bông tẩy trang nữa! Mọi người nên mua cảm ơn nhãn hàng hiều",0,0,True,0.9691572798537151,0.03084272014628485
774,Shop giao hàng siêu mạnh chong  Hành gió đừng số lượng  Shop ở nhiệt tinh thần thuê  Sẽ quý là ủng hộ tiếp Thank you shopp See you sooon,0,0,True,0.9084264293728236,0.09157357062717646
775,Giữ nhiệt:chua xai nen chua biet Chất lượng:chua biet Thiết kế:cung dc  Bình cũng đẹp mà ko phải mẫu như hình t muốn. Tr ơi t thấy bạn t xài bình đẹp quá tr. Đi kiếm mua về xấu quắc :) xấu thậm tệ. So sánh bình b t mua như ảnh và bình t mua chắc rửa mắt,1,1,True,0.40446631129570154,0.5955336887042985
776,"Đóng gói và ship hàng nhanh. Săn sale giá rẻ còn tặng thêm nước tẩy trang nữa. Dịu nhẹ, phù hợp all da. 😌😌😌",0,0,True,0.9748310585561606,0.025168941443839448
777,Giao hàng nhanh sp đẹp lắm nhoa nên mua. Hình ảnh chỉ mag tính chất nhận xu,0,0,True,0.975806592893598,0.02419340710640211
778,Không có quà tặng kèm như quảng cáo nhé,1,1,True,0.02066976850089952,0.9793302314991005
779,Đóng gói rất chán. Trên trang thì hình ảnh mua 1 tặng 1. Đến khi nhận thì chẳng có,1,1,True,0.1936362956647668,0.8063637043352332
780,"Mẹo:lamf ddejp Lợi ích:lamf sansg da Kinh nghiệm sử dụng:binh thuong  Giao nhanh, sản phẩm rất tốt, dùng nhiều lần rồi.",0,0,True,0.9177996022580145,0.08220039774198547
781,"Chất lượng sản phẩm:nhu quang cao, xai thom lau  Mùi thơm, sử dụng dễ, giao habgf nhanh",0,0,True,0.9461373372784835,0.053862662721516553
782,Bao bì/Mẫu mã:khong dung mo ta  Vỏ hộp không đúng mô tả.,1,1,True,0.18173312521349305,0.818266874786507
783,Bao bì/Mẫu mã:ok Hương vị:ok  Rất ok mua đi mua lại kb bao lần r con mình chi thix uog sữa này thơm ngon toàn mua nhju tích uong dần,0,0,True,0.8439849200119127,0.15601507998808728
784,"Hương thơm:không mùi Làm đẹp:sạch da  Hãng lớn làm ăn nên xem lại đi nhá, k tặng quà thì đừng có ghi rồi bắt khách thêm vào, đóng gói thì như trò đùa.",1,1,True,0.24057810437422844,0.7594218956257716
785,"Tôi k đánh giá chất lượng, tôi đánh giá dịch vụ của người bán. Sp quảng cáo mua 1 tặng 1 nước tẩy trang nhưng gửi hàng về k có, lúc mua live chọn vào mua với voucher hoàn toàn k có dòng mua kèm deal sốc, khiếu nại thì nhân viên cứ nói k ấn.vào mua kèm deal sốc, chụp hình gửi cho xem mà vẫn cứ giải thích do lỗi thao tác khách hàng.",1,1,True,0.03856309963118876,0.9614369003688112
786,Dầu gội thì chưa dùng nhưng lúc mua thì thấy có tặng quà lúc mình bấm thanh toán cũng có quà đến khi giao thì ko có quà,1,1,True,0.04494764212191893,0.9550523578780811
787,Thấy tặng gói nhỏ mà ko có giao chỉ có chai lớn vậy ghi tặng làm gì.,1,1,True,0.05748965421732877,0.9425103457826712
788,"có đơn thì đc tặng ntt còn có đơn lại kco, đểu thế. ko đúng như quảng cáo",1,1,True,0.08412378128215026,0.9158762187178497
789,"Âm thanh:tot Thiết kế:dep  với mức giá này thì âm thanh ổn nha, thiết kế ngoại hình đẹp",0,0,True,0.8416308086168368,0.15836919138316322
790,Mua 2 cây đc tặng túi đựng son mini. T mua 3 màu rồi. Chất mướt okela,0,0,True,0.7051318283044955,0.2948681716955045
791,Nhỏ gọn dễ sử dụng Âm thang tốt Quan trọng giá rẻ,0,0,True,0.9468812380052436,0.05311876199475638
792,"Bao bì/Mẫu mã:đẹp Độ tuổi sử dụng:1-6 tuổi  Đóng gói cẩn thận, giao nhanh hơn dự kiến. Giá tốt hơn cửa hàng bên ngoài",0,0,True,0.8970723211894991,0.1029276788105009
793,Giao hàng nhanh đóng gói chắc chắn sp tốt sẽ ủng hộ thêm nữa hikdkc giao tới bị móp 3 hộp gói hàng cần cẩn thận hơn,1,0,False,0.9502159078143673,0.04978409218563271
794,Hiệu quả:ko nha Mùi hương:mùi khá cổ  Chắc do đầu mình k hợp 🙂 càng xịt càng bết và rất ngứa ngứa điên lên ý,1,1,True,0.2990788292088994,0.7009211707911006
795,"Mùi hương:khong Dành cho da:dau Công dụng:sang da  Xài xong thấy da siêu khô luôn, khô ráp y như bị dị ứng vậy đó mà ko dị ứng, khô rát cả mặt mà sợ luôn, sau 7 ngày thì dục luôn",1,1,True,0.4796039569970144,0.5203960430029856
796,"Sữa bị hỏng, bị phồng lên giữa 2 hộp khác nhau. Có lẽ để lâu quá, bị hỏng rồi nhé mng. Uống vào đau bụng nữa môi người. Mua rồi hối hận nhé. Shop bán hàng quá chán. Bán hàng kiểu này uống vào ngộ độc thực phẩm thì làm sao",1,1,True,0.08834171504702737,0.9116582849529726
797,"Sản phẩm dùng thích, hợp với bà nào khô, mỏng, mùi thơm, đóng gói cẩn thận",0,0,True,0.9611805292519648,0.03881947074803521
798,"Làm đẹp:toc Lợi ích:tot Hương thơm:thom  Nói về mùi thơm thì khỏi bàn r, rất thơm nha chị em, xứng đang mua về dưỡng tóc nha",0,0,True,0.9644664051142631,0.03553359488573698
799,Này bị kẹt k lấy dk..khi lấy ra thì như này sao nghe dk.nt thì shop k TL.chán shop . có 0 sao là tui chấm lun....mail mà quá thất vọng nặng nề.,1,1,True,0.01758218070392059,0.9824178192960794
800,"Đóng gói Ok, nhưng hàng bên trong nhìn rất fake, lọ serum chống nắng thì hộp bị khui ra sẵn, bên trong hộp bao bì nhìn rất cũ, chai toner bên ngoài nhìn bth nhưng lọ toner bên trong cũg bị trày trụa như hàng lỗi ( trày mảng lớn chứ k phải sướt đâu nha). Tẩy trang và dưỡng tóc hàng tặng mình k có ý kiến. Brand lớn mà ship hàng nhìn như hàng chợ làm mình rất thất vọng. Nhìn hàng như v ai mà dám dùng ????mình ra siêu thị mua hàng còn mới và bao bì còn nguyên luôn đó",1,1,True,0.04348313884056609,0.9565168611594339
801,"Bao siêu mỏng nó dùng quan hệ lâu sẽ bị rát . Khô , không nhiều gel. Lần đầu như lần cuối xài hãng này.",1,1,True,0.3688839754260954,0.6311160245739046
802,Sữa chảy hỏng gần mất trục bịch .. quá chán,1,1,True,0.1340208177713922,0.8659791822286078
803,Chưa biết dùng ntn nhưng khi cần huỷ đơn thì từ chối k cho huỷ( mình đặt 2 lần muốn huỷ 1 lần)  từ chối huỷ mặc dù mình huỳ luôn sau khi đặt nhầm. Rất bực mình,1,1,True,0.11659083763707534,0.8834091623629247
804,Độ tuổi sử dụng:ai cũng dùng đc Chất lượng sản phẩm:ok  Ủ tay chung zs nivia hộp thiếc xanh ta nói nò mềm điên,0,0,True,0.818207455944719,0.18179254405528097
805,Đối tượng sử dụng:ng lớn trẻ nhỏ Mùi hương:nhẹ nhàng Chất lượng sản phẩm:ổn  Mùi thơm nhẹ nhàng...dùng khá ổn nhó...nên mua nha mn okkkkk..hihaahiabibsj djebhweb,0,0,True,0.9863527435213699,0.01364725647863012
806,Săn sale nên đc giá mềm nha Giao hàng nhanh  Đóng gói cẩn thận Được tặng nhìu mini sample ok nha,0,0,True,0.9926818832048911,0.007318116795108893
807,Bán giá 1 thùng 24 bịch đôn giá lên bằng 48 bịch. Lúc khách mua thì hướng dẫn sai khiến k thể trả hàng?,1,1,True,0.0782139242881359,0.9217860757118641
808,Công dụng:phủ bạc Dành cho tóc:bạc  Đã nhận được hàng. Shop giao hàng nhanh. Đóng gói rất kỹ. Đã mua hàng ở đây nhiều lần rồi. Nay được thêm hàng tặng nữa. Cái ly đẹp và chai serum nữa. Ưng nha. Ủng hộ nha mn.,0,0,True,0.9794249276584868,0.020575072341513234
809,"Mùi hương:thơm Phù hợp với loại da:mọi loại da Công dụng:dưỡng ẩm , trắng da  Sản phẩm được rv nhiều nên mua về dùng thấy ok , không bị bết rít . Bôi lên cảm thấy da căng mướt hơn",0,0,True,0.9663003138228989,0.03369968617710108
810,"Bao bì/Mẫu mã:bao bì ko cẩn thận  Tháng nào mình cũng đặt sữa nhưng mà  Đây là lần thứ 2 shop giao cho mình bị bể sữa ướt hết. Lần trước mình đánh giá 1 lần shop kêu đổi trả vì mình lười nên ko làm. Mà lần này cũng vậy, shop ko rút kinh nghiệm, đóng gói ko kĩ dẫn đến bể sữa đổ ra ngoài. Ẩu thật sự",1,1,True,0.027762396447552407,0.9722376035524476
811,Công dụng:duong da Phù hợp với loại da:ok Mùi hương:ok  Sản phẩm tốt Săn sale đc giá rẻ hơn bt Hình ảnh mang tính chất nhận xu thôi  Sẽ mua lại nếu cần,0,0,True,0.9937118618341625,0.006288138165837508
812,Mùi hơi kinh Mình thấy bình thường,1,1,True,0.2756412636001122,0.7243587363998878
813,"Hàng dễ vỡ mà giao cỡ đó đó, bể sữa đổ ra tùm lum Giao hàng vừa lâu vừa ko chất lượng",1,1,True,0.10781329495747327,0.8921867050425267
814,Hương vị:cô gái Hà Lan  Sữa ngonn sạch sẽ đáng để uống. Sẽ ủng hộ lần sau..,0,0,True,0.8315852885431642,0.16841471145683581
815,Bao bì/Mẫu mã:ok Hương vị:ok  Ko hiểu bên vận chuyển gói hàng kiểu gì mà khi nhận hàng thì sữa rách mấy gói lận. Lần đầu đặt cũng như lần cuối :)) bực k chịu đc,1,1,True,0.04362734655205791,0.9563726534479421
816,"Thời gian giao hàng nhanh, đóng gói cẩn thận, chắc chắn",0,0,True,0.9777029702851808,0.02229702971481919
817,"Thường mình mua hàng hiếm khi complain lắm và cũng đã mua hàng của shop 3,4 lần rồi. Nhưng lần này shop giao cho mình 1 chai thì vỏ chai trầy xước, rất bẩn, đã đem rửa rồi mới được thế này, 1 chai còn lại thì hsd còn lại mấy tháng thôi",1,1,True,0.18510382128615566,0.8148961787138443
818,Bao bì:nho gon tien hang kh bi nhop meo Kinh nghiệm sử dụng:may test khoe  Su dung ok cong suat phu hop voi nhu cau,0,0,True,0.7431617946268065,0.2568382053731934
819,"K có tác dụng phồng tơi tóc mấy đâu cả nhà, xog xịt n còn đọng vân trắng trông kinh lắm nc là k thích bằng xịt tơi tóc nhà spes đâu t dùng 4 chai rùi xog thấy cái này rv nên mua thử nhưng hơi thất vọng",1,1,True,0.3529817760770968,0.6470182239229032
820,"Sản phẩm đẹp màu sắc như mô tả, hình ảnh mang tính chất nhận xu, mọi người thông cảm",0,0,True,0.8967533196672595,0.10324668033274054
821,Hương thơm:khá ok nha mùi hương cũng thơm Làm sạch:đã dùng nhiều và ok,0,0,True,0.9863252468588861,0.013674753141113927
822,Nước hoa thơm lại mát nữa. Mua của mall nên yên tâm. Mong sẽ có nhiều ưu đãi hấp dẫn nữa để tiếp tục ủng hộ. Yêu thương,0,0,True,0.8840259830733914,0.11597401692660857
823,"Bao bì:ok Lợi ích:rửa mặt  Đóng gói và giao hàng nhanh. Đặt lúc 8h tối 9h.30 thấy giao vc rồi. Nhanh như gió Sản phẩm dùng ổn,cảm giác sạch,khô thoáng",0,0,True,0.8894150912506801,0.11058490874931991
824,"Giao hàng mhanh, đóng gói kĩ, săn sale giá tốt được tặng thêm quà",0,0,True,0.874216805174048,0.125783194825952
825,"Mua 2 hộp cả 2 hộp đều móp, chứng tỏ trước khi đóng gói không kiểm tra hàng",1,1,True,0.053846355289007386,0.9461536447109926
826,"Hàng shopee mall mà làm ăn óc chó như này, móp méo mó. Ko thấy quà tặng đâu, bọc ko chắc chắn vớ vẩn",1,1,True,0.016082247999994803,0.9839177520000052
827,"Sữa hỏng , vỡ khi rao , nhân viên ko trả lời thắc mắc",1,1,True,0.04466886133472703,0.955331138665273
828,Mua nhiều lần rồi nhưng lần này đánh giá không được xu nên cho 1sao,1,1,True,0.35891387398120655,0.6410861260187934
829,"Đóng hàng quá ẩu tả. Quay video nhận hàng giới hạn video 1phút mà đòi lật tới lật lui 6 mặt trong khi hàng to và nặng. Quay 5 mặt rõ ràng lúc khui hàng vẫn không cho trả hàng. Video khui hàng thì quay bình thường chưa lật tới lật lui kiện hàng đã hơn 1 phút, đằng này yêu cầu quay rõ lật đủ 6 mặt kiện hàng to nặng và không quá 1 phút. Xử lý kém. 1*",1,1,True,0.07143841460542,0.92856158539458
830,Đặt hàng có quà tặng nhận hàng k có quà.treo thịt heo bán thịt chó.không dám mua lần 2,1,1,True,0.019849361301857993,0.980150638698142
831,Lợi ích:sạch gầu Hương thơm:mùi thảo dược Làm đẹp:giúp sạch gầu  Sản phẩm sài cũng được mùi thơm dễ chịu,0,0,True,0.8844689452461827,0.11553105475381725
832,"Mua không biết bao nhiêu lần rồi, lần này thấy có quà mà nhận không hề có quà, nhắn tin shop mấy ngày ko thèm rep",1,1,True,0.06957246302445774,0.9304275369755423
833,"đây lần 2 mk bị lấy hàng boom trc đó gửi lại cho mk lun toàn dán lại thông tin ko á, sp nắp mở ra thấy lỏng rồi may còn có cái giấy bạc ở đó",1,1,True,0.09453100596927255,0.9054689940307274
834,"Giao hàng khá nhanh, đóng gói kĩ càng, nên mua hàng nha, shop tư vấn nhiệt tình",0,0,True,0.9138446747185932,0.08615532528140676
835,"Ha mang tchat nhận xu, sp ko có gì để chê. Vẫn ủng hộ shop, vote 5s",0,0,True,0.5794344981761974,0.4205655018238026
836,Thiếu phụ kiện nhắn tin không trả lời,1,1,True,0.04620427758166712,0.9537957224183329
837,Hương thơm:hang chuan,1,0,False,0.8343319654210207,0.16566803457897925
838,"Giao hàng nhanh, đủ sản phẩm chính và hàng tặng kèm. Mall nên cũng yên tâm hàng chính ngạch. chưa sử dụng thử nên chưa rõ kết quả",0,0,True,0.8933145760502578,0.10668542394974226
839,"Kinh nghiệm sử dụng:lắc ddeeuf truocws khi sử dụng Hương thơm:dịu nhẹ  chân ái của mình  chai thứ n luôn gòi shop đóng hộp giấy chống sốc thân thiện môi trường , chim ưng 10đ",0,0,True,0.8800296679803112,0.11997033201968871
840,"Hương vị:tạm Bao bì/Mẫu mã:tạm  Giao hàng nhanh, đóng gói sơ sài, túi sữa bên trong bị bục chảy ra các túi sữa khác. Lại ngồi lau sữa chảy và cất hết trong tủ lanh. Tiếc voucher săm dc giá rẻ và khâu trả hàng cồng kềnh. Đợi hàng hoàn về shop chắc cả thùng sữa bốc mùi lên men theo rồi",1,1,True,0.11392875968286043,0.8860712403171396
841,Vẫn vân tay bình thường nhé các bạn,1,1,True,0.19782870487422233,0.8021712951257777
842,Làm sạch:sach Hương thơm:mui thom de chiu Chất lượng:chat luong on dinh  Giá tốt chất lượng ổn nhưng k thơm lâu phải xài thêm nước xả,0,0,True,0.9641052975794056,0.035894702420594476
843,"Mình đã yêu cầu cần op có màng bọc tất cả cam lại , shop ok mình mới đặt, nhận hang thi thấy ko co che cam nào cả, thất vọng",1,1,True,0.14479803709565353,0.8552019629043465
844,Ko có  qua tang j het,1,1,True,0.004700599743477363,0.9952994002565226
845,Đóng hàng không có tâm. Không có chống sốc sản phẩm. Sản phẩm gãy vòi. Hộp hàng méo mó. Không chấp nhận được,1,1,True,0.07266096842326286,0.9273390315767371
846,Cần shop giải thích . Vì sao sữa bị bục vẫn đóng gửi cho khách . Trong khi 1kiện gửi cùng đóng gói sơ sài thì ko bị bục . Đây đóng gói rất kỹ càng lại bị bục ra đổ hết sữa ra ngoài .,1,1,True,0.021597682220510506,0.9784023177794895
847,Mùi hương:sua gao Chất lượng sản phẩm:tốt. Dịu nhẹ Đối tượng sử dụng:trẻ em  Sữa tắm thơm. Chai to đùng. Shop đóng gói rất cẩn thận. Nhận hàng không bị đổ tràn. Mình vừa tắm cho bé trưa nay. Thơm dịu nhẹ. Mình khá thích. Không phải kiểu mùi hương như sữa tắm dnee. Mùi này nhẹ nhàng và không bị kiểu thơm ảo nhiều. Chai to 1L chắc ba mẹ bé tắm chung luôn quá trời nhiều sữa tắm. Áp mã giảm nữa giá siêu hời. Date xa 2026. Mình rất hài lòng,0,0,True,0.9356828594564622,0.06431714054353778
848,"Giao thiếu bàn chải điện, báo giao bù thì nói là ko bù thêm được vì ko tự ý gửi thêm hàng cho khách. Giờ bắt tôi phải hoàn trả đơn thì tôi mất luôn đơn hàng sữa có voucher. Làm ăn tệ hại.",1,1,True,0.02238032224916442,0.9776196777508356
849,Lần đầu mua sử dụng hi vọng sẽ phù hợp với tóc của mình. Nếu ổn định sẽ sử dụng và ủng hộ lâu dài. Sản phẩm giao hành nhanh. Shipper thân thiện,0,0,True,0.9718939830727276,0.02810601692727239
850,"Shop uy tín, sản phẩm chất lượng tốt, y hình y mô tả. Mình rất hài lòng, sẽ quay lại ủng hộ.",0,0,True,0.9165547205438358,0.0834452794561642
851,"Lúc mình mua hàng là có quảng cáo tặng quà kèm, nhưng lúc nhận hàng lại không có quà tặng",1,1,True,0.018136378316260027,0.98186362168374
852,Mua 2 đơn 1 đơn đi còn 1 đơn hạn nhận 11/8 nhưng tới 14 t8 ms đi hàng đã trễ lại còn giao thiếu,1,1,True,0.1354675755586029,0.8645324244413971
853,"Đúng với mô tả:đúng Chất liệu:vải thun thấm hút Màu sắc:đen trắng  Đẹp vải thoáng mát mặc rất đẹp , đóng gói kỹ , giao hàng nhanh chóng .",0,0,True,0.9517610052755192,0.04823899472448078
854,"Hàng giao chỉ quấn màng co thông thường, bị bể mấy bịch sữa, ướt nhẹp thùng như hình, đây là lần thứ 3 mình mua bị như này, vỏ thùng đã mỏng mà Mall ko chịu đóng túi bóng, trong khi hãng Vinamilk thùng rất dày, đóng rất kỹ, chưa bao giờ bị bể, thực sự phải suy nghĩ cho lần mua sau.",1,1,True,0.08968830642552661,0.9103116935744734
855,"Xem livetream trực tiếp làm theo hướng dẫn nhưng k có quà,nhắn hỏi shop thì shop đổ thừa làm k đúng hd nên k có quà .",1,1,True,0.05309865311853279,0.9469013468814672
856,Đã nhận được hàng. Chưa dùng nên không biết tốt không. Nếu tốt sẽ quay lại mua thêm.,0,0,True,0.8860671343435282,0.11393286565647173
857,Nhận hàng không biết bịt nào bể mà nó Thúi chịu không nổi quá là thấy vọng,1,1,True,0.058548701931870784,0.9414512980681292
858,Lem sơn lấy tem che lại,1,1,True,0.3068839837449726,0.6931160162550274
859,hàng bị móp hộp hết móp 2 lon sữa,1,1,True,0.025130627541387285,0.9748693724586127
860,"Vặn mãi k mở nổi lắp, định up video mà nặng quá 60mb",1,1,True,0.1384806496316907,0.8615193503683093
861,"Sp chỉ dùng để dưỡng ẩm chứ bôi kích ứng thì k ăn thua, bé nhà mình bị mẩn đỏ li ti nhưng dùng hơn tuần k đỡ. Chán",1,1,True,0.3128655608301235,0.6871344391698765
862,"cho 1 sao vì phần đóng gói quá là ẩu đoảng, lọ thuỷ tinh không bọc chống sốc, lọ mình nhận trong tình trạng vỏ và hộp rời rạc nhau",1,1,True,0.14333660357155542,0.8566633964284446
863,"Công dụng:tranhs thai  sản phẩm như hình, giao hàng đóng gói cẩn thận, dùng rất mê nên đã mua nhiều lần, ai sài nhiều thì nên mua hộp 10c cho tiện nhé!",0,0,True,0.9308204009789902,0.06917959902100973
864,"Ghi rõ 11/11 tặng quà nhưng ko có. Rất nhiều người giống mình vì thấy có quà tặng mới mua.   Shop mall mà lạ lắm, nhắn tin hỏi ko có đc 1 câu trả lời thì cho 1*",1,1,True,0.02926244221826757,0.9707375577817324
865,Bao bì:giooống mẫu Hương thơm:chx mowr neen chx bt  hàng ok. vận chuyển nhanh nhưng shop gửi hàng rất lâu,1,1,True,0.49281602525304447,0.5071839747469555
866,"Lần đầu cũng như lần cuối mua shop này , mau gần 100 gói , hạn sử dụng 8 tháng , mà giao toàn tháng 1 k còn , còn 1 tháng ăn gì hết , vậy mà cũng shop mail dc , mọi người k lên mua mhes, gói thì nhỏ ít hơn",1,1,True,0.09475342032884171,0.9052465796711583
867,Mua của enfa gần 2 năm rồi nhưg thỉnh thoảng vẫn bị những đơn như này. Sữa bị bung lớp siu nhưng thôi con mình cũng đang hết sữa nên nhận luôn,1,1,True,0.1636171942967748,0.8363828057032252
868,Hộp k bọc không dán gì sao biết dùng rồi hay chưa  Đơn nhiều toàn đồ dễ vỡ mà k cho bọc xốp?,1,1,True,0.0756138503675492,0.9243861496324508
869,"Mình bị kích ứng nhẹ sau khi dùng retinol, nên thử kem dưỡng phục hồi này. Chất kem mỏng nhẹ, thoa lên thấy mát và dễ chịu. Sau khoảng 3–5 ngày, da giảm bong tróc, phục hồi độ ẩm, cảm giác hàng rào bảo vệ da được củng cố rõ. Rất phù hợp cho da nhạy cảm hoặc sau peel, laser.",0,0,True,0.8248455555607328,0.17515444443926725
870,"Giao thiếu đồ, nhắn tin cho shop k thấy tl. Hàng thì giao cực kỳ lâu, ngày nào cũng thấy live mà đơn hàng báo nhận hàng k thành công tận 10 lần! Quá chán !!",1,1,True,0.027688770573861765,0.9723112294261382
871,Đã nhận được hàng rồi nhé ạ. Mua nhiều lắm rồi nên yên tâm lắm nhé. Săn được sale nên giá rẻ hơn mua ở cửa hàng. Nhà mình chuyên dùng nước giặt này.,0,0,True,0.9481110517263359,0.051888948273664075
872,Cố tình giao lon sữa bị móp. Tặng quà ko đồng nghĩa với việc là coi thường khách hàng như v,1,1,True,0.026150163789748104,0.9738498362102519
873,"Mùi hương:nhẹ nhàng  Cám ơn shop nhé , shop giao hàng nhanh , sản phẩm đẹp , cầm chắc tay , màu hồng xinh yêu lắm , da mình là da hỗn hợp thiên dầu nhạy cảm có mụn , mình bôi lên da có châm chích ạ , nhưng không bị mụn nên không biết da bị châm chích là sao nữa , bạn nào biết chia sẻ cho mình được không , đây là nước hoa hồng chứa AHA 5% ạ , mình cám ơn shop và các bạn nhé ☺️",0,0,True,0.863945814645424,0.136054185354576
874,"Shop đóng gói k cẩn thận làm đổ rất nhiều xà phòng một cách uổng phí,còn lại thì giao vẫn đủ và đúng",1,1,True,0.30512853179587063,0.6948714682041294
875,Không có quà tặng mà ngoài thùng vẫn để có quà,1,1,True,0.014157293831682627,0.9858427061683174
876,Lợi ích:dầu gội Clear thảo dược sạch gàu mượt tóc hơn mềm mượt hơn Giao hàng nhanh,0,0,True,0.9198290960487752,0.08017090395122485
877,Máy sấy này chỉ có gió là mạnh thui ko có nhiệt nóng :((((( sấy mãi ko đc cái tóc nên suy nghĩ kĩ trước khi mua 🥹Giá cx 300 mà độ nóng còn ko bằng cái máy vài chục quá thất vọng,1,1,True,0.09266423490679676,0.9073357650932032
878,Mang tiếng shop mall lớn như vậy nhưng chăm sóc khách hàng thua mấy shop nhỏ. Mình mua tại đây cả trăm lon sữa xong đổi lại được cách tiếp đãi như này nha mọi người. Tui vẫn còn mua và nếu các bạn còn làm việc cho có lệ như này nữa thì ăn 1 ⭐ dài dài nha :)),1,1,True,0.11605639238356569,0.8839436076164343
879,"Giá khá rẻ, màu xanh vải dày hơn màu đen, nói chung mua đc nha",0,0,True,0.8127833831428739,0.18721661685712612
880,"Dán keo lên các bịch sữa, gỡ ra sẽ dơ, dính rất khó chịu!",1,1,True,0.12220727295247702,0.877792727047523
881,"Trời ơi bôi lên mặt h nát bét mụn lên banh chành mặt, rất thất vọng về hãng lần này",1,1,True,0.13660160323331616,0.8633983967666838
882,Hình ảnh chỉ mang tính chất nhận xu thôi ship cũng nhánh chóng. Hi vọng dùng tốt lần sau sẽ mua lại,1,0,False,0.9753463214836657,0.02465367851633425
883,"omo nhãn hiệu việt nam ko có gì để chê ạ, thương hiệu tin dùng của người việt.mua giá rẻ nên mua dùng dần ạ. hình ảnh chỉ mang tính chất nhận xu ạ",0,0,True,0.8534415212227795,0.14655847877722053
884,"Độ dịu nhẹ:đỉnh Làm sạch:khá sạch, nên mua nếu da đang mụn nhạy cảm đỏ  lâu lắm mua mới có cái tem này, bx mua ko có. đánh giá 1sao để mấy bạn biết và nên mua nha.",1,0,False,0.8974370471282639,0.10256295287173614
885,Nó mỏng lét à kh có dày dặn như hình đau,1,1,True,0.26621015319324093,0.7337898468067591
886,"Đóng gói kém, sữa bị móp mấy hộp, bể hết 2 hộp",1,1,True,0.12247464071261316,0.8775253592873868
887,Đối tượng sử dụng:moi người Chất lượng sản phẩm:tốt Mùi hương:thơm  Sản phẩm chất lượng tốt sẽ mua lại lần sau moi người nên mua nhé,0,0,True,0.9706964474358131,0.029303552564186958
888,"Hàng thì tạm ok, mà lần nào mua hàng thấy bọc hàng cũng rất tệ, hộp ngoài thì xước hết cả",1,1,True,0.07101442780881151,0.9289855721911885
889,Bao bì/Mẫu mã:be vo Hương vị:it dương  nhận hàng bị bể sữa tùm lum . đóng gói k cận thận,1,1,True,0.10024408100011384,0.8997559189998862
890,Thấy ghi mua 2 chai lớn tặng 1 chai cùng loại 450ml mà không thấy,1,1,True,0.0777629520629255,0.9222370479370745
891,"Công dụng:dưỡng thể Mùi hương:thơm Phù hợp với loại da:hong biết  Đây là chai thứ ba rồi á=)) mình mua cho mẹ mình sài, mẹ nói thấy ok nên mình đặt típ ắ=)) app xu dô cộng voucher có 48k thôi rẻ hơn so với với bách hoa xanh nhìu",0,0,True,0.9438924417091248,0.056107558290875215
892,"Hàng thì ok nhưng hộp đựng hàng nát như thùng rác , nhìn rất mất thẩm mỹ.",1,1,True,0.3150604079789926,0.6849395920210074
893,"Hương thơm:không Bao bì:Bình thường  Riêng cảm nhận của mình thấy nó không hề thơm một tí nào luôn, mà cảm thấy mùi nồng:(((. Sản phẩm không hề như mong đợi luôn. Hạn sử dụng thì in mờ không biết phải chính hãng không. Đóng gói khá là cẩn thận. Giao hàng nhanh. Mọi người nên suy nghĩ trước khi mua.",1,1,True,0.28087775559162187,0.7191222444083781
894,Đơn không đg biet dat lon đã huỷ rồi đặt lại có đg vẫn k cháp nhận - ng nhà k biet nhận đon không đg bể - mac công đổi toi đổi lui - cho cháu uống luôn. Mong shop chú ý hon - đóng gói thấy cũng kỹ lm mà  bị bể .,1,1,True,0.09171598336050346,0.9082840166394965
895,Gói kĩ quá ship bể hết 3 bịch thày lầy,1,1,True,0.30786888459495765,0.6921311154050424
896,Làm sạch:ok Dịu nhẹ:ok Hương thơm:ok  Rẻ tẩy trang sạch dịu ok rẻ giao nhanh okila la lá lô lắm lun,0,0,True,0.9763110263181588,0.02368897368184124
897,"Bao bì:đẹp Hương thơm:hương thơm dịu nhẹ tự nhiên Làm đẹp:tọc mịn  Shop đóng gói kỹ, giao hàng nhanh, mùi thơm dễ chịu, shiper giao hàng vui vẻ, có tặng phẩm cho shop 5 sao",0,0,True,0.9805211157132855,0.019478884286714553
898,Màu sắc đẹp ý mih sài nhìu máy sấy  thấy loại đc lắm ý,0,0,True,0.6691190313640316,0.3308809686359684
899,Bao bì:ok Làm đẹp:o Hương thơm:bth  Trải no của mình thấy chống nắng = 0 í :(( mình thoa kem và bạn mình ko thoa đi biển cháy nắng ngang ngang nhau lun 😢,1,0,False,0.5876220170666969,0.4123779829333031
900,Xơ bông:raats xow  tưởng rẻ chứ cũng k hề rẻ bông gì vừa mỏng vừa xơ chê,1,1,True,0.49431977547389416,0.5056802245261058
901,Da mềm mịn:da mềm mịn và sáng Mùi hương:thơm nhẹ hương cafe  Dùng nhiều lần ròi và săn đc deal hời nữa,0,0,True,0.9633118389702193,0.03668816102978067
902,tặng cái chai ko đc nữa chai nữa,1,1,True,0.15369262547362272,0.8463073745263773
903,"Bao bì:clear  Không biết có phải chính hãng không. Mình mua trên clear Việt Nam, dùng mùi đúng clear. Ở đây mùi bạc hà hắc và ít bọt hơn",1,1,True,0.38525924123337274,0.6147407587666273
904,"Mua nhiều lần rồi ạ, hết lại mua thui ạ. Rất ưng ý luôn nha. Rcm mọi người nên thử nhaaaaaaa",0,0,True,0.9054918692663612,0.09450813073363885
905,"Hương vị:tốt Bao bì/Mẫu mã:tốt  Shop giao hàng nhanh, gói hàng cẩn thận, giá hợp lý sẽ ủng hộ thêm ạ",0,0,True,0.9767459850558076,0.02325401494419244
906,Mùi hương:Thơm mát phù hợp mùa hè Độ lưu hương:2-3 tiếng  Không hiểu sao 2 chai cozy vanilla với chai after hours cùng mua từ 8-9 tháng trước nhận hàng siêu ưng mà 1 thời gian chai after mất màu còn chai cozy thì không  Màu chai after hiện tại siêu xấu sợ 1 thời gian chai matcha cũng mất màu quá huhu. Shop có giải thích là do oxy hoá khi tiếp xúc với không khí nma 2 chai có mỗi 1 chai mất màu thì không hợp lí lắm,1,1,True,0.36840767527755414,0.6315923247224459
907,"Mua về tg đc quà tặng ai ngờ là mỗi cái dầu gội ko có tặng kèm ,mọi người chú ý nha ,shop để nguyên hình có quà tặng nhưng mà chữ mua kèm deal sốc thì bé, những hãng khác ghi quà tặng là tặng luôn ,hãng này còn phải mua kèm ,1 số ng ko bt là mất luôn,săn live nên thấy ms mua vậy ,chán quá mn chú ý .Gói hàng cũng hơi sơ sài ,co 1 miếng sốc duy nhất.",1,1,True,0.03188333772568619,0.9681166622743138
908,"Hình ảnh chỉ mang tính chất nhận xu, sữa rẻ ,ngon, giao hàng nhanh",0,0,True,0.9810892143039743,0.01891078569602571
909,"Đúng mẫu qc, đóng gói đẹp, nhìn rất chất lượng, xài thử cũng rất ok luôn, nên mua nha mng ơi",0,0,True,0.932639003187391,0.06736099681260901
910,Vận chuyển làm bể sữa,1,1,True,0.17393170996473228,0.8260682900352677
911,Hình ảnh mang tính minh hoạ thôi son dùng ok nha màu lên môi xinh nhưng là mầu 02 Còn màu 24 bôi lên k ăn môi lộ van môi bôi 1 lúc là tợt toạt hết dù k ăn uống j  Hoàn hàng thì k chịu chấp nhận đổ lỗi do cơ địa ủa sao mài 02 k bị vậy vô lí,1,1,True,0.2212971152466654,0.7787028847533346
912,"Giao hàng nhanh, đóng gói không cẩn thận, chưa dùng thử nên chưa biết có tâc dụng tốt k",1,0,False,0.8809441449935537,0.11905585500644637
913,"Có mùi thơm nhẹ, tán nhanh khô",0,0,True,0.9084714955752617,0.09152850442473824
914,Giá giảm rồi mà còn đắt hơn ngoài tiệm. Thật sai lầm khi mua.,1,1,True,0.15283330252169525,0.8471666974783048
915,"Bao bì:mop meo  Săn live c H 12.12 đc giá tốt, mà nhận hàng thấy bực mình luôn. Móp méo hộp kinh khủng khiếp",1,1,True,0.15139867150042352,0.8486013284995765
916,Hương vị:ngon Bao bì/Mẫu mã:đẹp  Hạt ăn ngon giòn giad rẻ phải chăng sau lại ủng hộ hạt mới,0,0,True,0.890060075431962,0.10993992456803807
917,Đóng gói ổn hơn mọi lần. Hộp vuông vắn ko bị móp méo. Mua hãng sữa này nhiều rồi mà mãi không thấy sale hic,0,1,False,0.22578278954944786,0.7742172104505521
918,Nón mới dữ chưa.  bán hàng bớt toxic lại,1,1,True,0.2105920760741108,0.7894079239258892
919,"Mùi hương:thơm nha Công dụng:sáng da Dành cho da:nhạy cảm  Giao hàng nhanh nè , shiper thân thiện , còn lần đầu dùng nên ko bt châtd lượng á",0,0,True,0.9811160000348242,0.018883999965175813
920,Nhận được hàng mà hộp móp méo trông mất thiện cảm quá,1,1,True,0.09508597505132599,0.904914024948674
921,Shop giao hàng nhanh chóng. Shop đóng hộp cẩn thận nên hộp thuốc nhuộm tóc phủ bạc màu đen tự nhiên nguyên vẹn không bị móp méo. Sản phẩm thương hiệu L' Oréal nên yên tâm sử dụng.,0,0,True,0.877238800924456,0.12276119907554395
922,"Bất ngờ về cách gói hàng và sản phẩm. Không biết có phải hàng real không mà vừa mở hộp, cầm loh dưỡng tóc trên tay mà đầy nhớt. Không hiểu sản phẩm bị sao mà băng dính dán quanh nắp.  Mình từng dùng lọ Serum mua tại cửa hàng, lôi lọ cũ và lọ vừa mua rs so sánh. Lọ cũ có mùi thơm, đậm đặc hơn lọ mới này rất nhiều. Không biết có phải hàng trộn không nữa. Shopee mall chắc không có hàng giả chứ??? Hoang mamg quá vậy",1,1,True,0.09686095922179827,0.9031390407782017
923,"Nước giặt thơm lưu hương lâu giặt sạch mọi vết bẩn , hình ảnh mang tính chất nhạn xu vì ngại lên phòng giặt chụp ảnh",0,0,True,0.8427854344935137,0.15721456550648627
924,"Mùi hương:thơm mùi bạc hà  Giao hàng nhanh, đóng gói cẩn thận, thơm, mát,",0,0,True,0.9830533639591623,0.016946636040837668
925,"Làm đẹp:tham tot,thom,ok,on,nenn muaaaaaaaaa Kinh nghiệm sử dụng:buoi sang ban ngay Hương thơm:thomm  10đ khong có nhưng",0,0,True,0.8583425692227242,0.14165743077727577
926,Sữa tươi tiệt trùng không có đường uống rất ngon nha 🥲 mà sao nhiều bạn hông uống được dị,0,1,False,0.48244344119803706,0.5175565588019629
927,Quà tặng ghi không rõ ràng,1,1,True,0.04632727217089938,0.9536727278291006
928,"shop gói hàng cho khách thì bọc chống sóc giúp mình ,nhận hàng về móp hết hộp bên trong",1,1,True,0.06251466810259743,0.9374853318974026
929,"Shop giao hàng nhanh, đóng gói cẩn thận, giao đủ hàng không thiếu. Chai màu xanh lá thơm hơn chai màu tím nha",0,0,True,0.795275676271956,0.204724323728044
930,Hương vị:ngon Bao bì/Mẫu mã:đẹp  Sữa thơm ngon uy tín 10₫ không có nhưng. Nên mua nên mua.,0,0,True,0.826365782833649,0.173634217166351
931,"Giao hàng nhanh chóng và tiện lợi, shipper thân thiện và dễ thương",0,0,True,0.9436061521061979,0.05639384789380204
932,Mùi rất là thơm và dịu á gội thì mình cảm giác đầu mình mọc tóc và bồng bềnh hơn rất thích mình mua nhiều lần r,0,0,True,0.8930097420694408,0.10699025793055915
933,Shop giao hàng nhanh đóng gói bảo quản sản phẩm ko tốt sơ sài hộp bị rách,1,1,True,0.37731002855667384,0.6226899714433262
934,"Bao bì:đóng gói quá tệ  Quá thất vọng vì cách đóng hàng, săn sale của c Hannah và VHL họ gộp luôn đóng gói 3 đơn vào 1. Không chống sốc, kể cả các sản phẩm serum dung dịch. Chưa biết chất lượng ra sao nhưng đóng gói âm điểm",1,1,True,0.15316845343086027,0.8468315465691397
935,"Dầu gội như bị pha nước lỏng vào, gội có rất ít bội, ko có tinh chất bạc hà. Quà tặng đi kèm thì ko có. Nói chung là chất lượng rất tệ, các bạn nên cân nhắc kĩ khi mua nha",1,1,True,0.07099566160369086,0.9290043383963091
936,Lần 2 mình nhận hộp sữa móp. Đóng gói cẩn thận thì không có cách nào hộp bị móp cả. Shop hãy trả lời phản hồi của mình,1,1,True,0.051412806270416445,0.9485871937295836
937,"Hàng ship lâu hơn các shop khác Ảnh quảng cáo là có quà tặng mà cuối cùng chỉ có 2 chai nước súc miệng, nghi vấn treo đầu dê bán thịt chó!  Nên nghiên cứu trước khi mua nha",1,1,True,0.09721219486741384,0.9027878051325862
938,Báo sh ko nhận dc hàng nh ko nhận dc hỗ trợ,1,1,True,0.12151481014963195,0.878485189850368
939,"Dùng được 1 tuần ngoi lên đánh giá, mình ở trong nhà thôi nên không test mồ hôi đc, thoa lên ráo",0,1,False,0.4883787991565134,0.5116212008434866
940,"“Sản phẩm nhận được đúng như mô tả, đóng gói cẩn thận, giao hàng nhanh chóng. Chất lượng tốt so với giá, rất hài lòng khi mua sắm trên Shopee. Shop nhiệt tình, phản hồi nhanh. Sẽ ủng hộ thêm lần sau.”",0,0,True,0.9699289189626995,0.030071081037300475
941,Bao bì:đẹp Làm đẹp:19 tuổi Hương thơm:k thơm lắm ạ  giao hàng nhanh sữa rửa mặt dạng gel ạ chưa sử dụng chưa biết ạ,0,0,True,0.9373446728514047,0.06265532714859533
942,Mùi hương:thom Dành cho tóc:khô xơ Công dụng:tạp nếp và dưỡng tóc  Shop đóng hàng khá cẩn thận sản phẩm được bọc vào túi chống shock bằng chai thủy tinh trong khá lịch sự và sang trọng mùi thơm nhưng mình thấy thành phẩm này phù hợp cho việc tạo nếp tóc hơn là dưỡng tóc,0,0,True,0.884057447635725,0.11594255236427503
943,"Hàng tặng làm dối trá, có 70g mà rút ruột của khách hàng còn có 10g trong chai, tặng như không tặng  Cty nên xem lại, quá thất vọng, lần nào cũng vậy  Bán hàng quá dối trá với khách hàng",1,1,True,0.011427155538905387,0.9885728444610946
944,"Đúng với mô tả:cos Màu sắc:hong phan Chất liệu:nhua eva  dép siu xinh, chân mình 25,to và bè nên mang bị khít quá , shop có hỗ trợ đổi size lun nma mình làm 7749 cách nên nó dãn ra dc=) mua charm về gắn thêm siu xinh luôn áy dth",0,0,True,0.7088446215458091,0.29115537845419087
945,"Kiểm soát dầu:không tốt lắm  ôi tại sao làm bao bì lại kém như vậy nhỉ ? đóng hẳn vào rồi nhưng nắp hộp phấn không được chặt , t để trong túi xách bị đổ ra hết túi với đồ đạc luôn",1,1,True,0.055055426344141956,0.944944573655858
946,"đóng gói ọp ẹp, hàng nhận bị móp nát rất mất thiện cảm. 1 sao cho dịch vụ",1,1,True,0.18399199923757925,0.8160080007624207
947,Giao hàng nhanh Đúng mẫu Shop nhiệt tình Vì đặt giúp nên không có hình ảnh ở đây Nếu chất lượng tốt sẽ ủng hộ tiếp,0,0,True,0.9688966709456236,0.031103329054376426
948,"Đóng gói sản phẩm kĩ càng , giao hàng nhanh chưa dùng nên chưa biết sp như thế nào",0,0,True,0.8759257701137175,0.12407422988628242
949,"Giao hàng nhanh, đủ đúng số lượng Chưa dùng nên không biết chất lượng ntn",0,0,True,0.8516346464134994,0.14836535358650058
950,"Đóng gói ẩu hộp sữa bị méo, hộp giấy rách tả tơi. Đặt mẫu mới giao hàng mẫu cũ",1,1,True,0.1305825375435533,0.8694174624564467
951,Hương vị:vani  Dịch vụ giao hàng quá chậm. Giao hàng chậm trễ hẳn 1 tuần. Bấm hoàn hàng thì mới lại có sự cập nhật giao hàng. Wtf? Chán không tả nổi,1,1,True,0.110011956903182,0.889988043096818
952,"Làm đẹp:chong nang Kinh nghiệm sử dụng:chưa sd Hương thơm:bà nào từng dùng pond sẽ biết mùi này. thơm nhẹ ok  sp mới nên k có đánh giá gì. mua của pond cũng yên tâm. Nhưng 1 sao hcho sự cẩu thả khi đóng hàng, k bỏ hàng khuyến hmãi như qc. hàng km là mẫu thử nhưng 1 khi đã live và thông báo kèm nhưng khách k nhận được thì vẫn phải đánh 1 sao",1,1,True,0.29372216071658874,0.7062778392834113
953,"Bông mềm, mình dùng mấy năm rồi. Nay trộm vía săn trên live nên giá rẻ",0,0,True,0.880975469824028,0.11902453017597202
954,Rất bực mình với cái nắp của dầu gội. Mình mua mấy lần xoay nắp đều bị gãy. Không hiểu có vấn đề gì với cái nắp đấy. Đề nghị nên xem lại cách thức làm cái nắp chai đấy,1,1,True,0.09516853043281082,0.9048314695671892
955,Sữa thơm ngon bổ rẻ. Giao hàng nhanh chóng. Có kèm quà tặng. Chất lượng,0,0,True,0.8691826837634246,0.13081731623657541
956,"Sản phẩm giống y hình, hàng chính hãng nên yên tâm khi sử dụng, đóng gói oke nha",0,0,True,0.9296120456329018,0.07038795436709816
957,"Công dụng:sạch sâu  Muaa ngayy salee nên đựt nhìu quà lắm tr oi. Nma nước tẩy trangg vẫn xịn nhaa, dùng mấy chaiii rùi đó trrrr 😌🥰",0,0,True,0.6984268616712086,0.30157313832879135
958,"Gói hàng chán không chịu được, lần nào cũng mua số lượng nhiều mà thùng gói tạm tạm, thùng thì kinh khủng, bị vài lần rồi mà giờ bực quá mới đánh giá",1,1,True,0.14767694016775723,0.8523230598322428
959,"Giao hàng rất nhanh, shop đóng gói rất cẩn thận. Đã mua của shop rất nhiều lần, shop uy tín là địa chỉ mọi người nên mua.",0,0,True,0.8437606460061318,0.15623935399386826
960,"Mình đã mua bông tẩy trang này nhiều lần, nhưng đây là lần đầu tiên mình gặp trường hợp đóng gói tệ đến vậy. 6 hộp bông tẩy trang đựng trong túi bóng, không 1 hộp nào lành lặn.",1,1,True,0.29775751123711147,0.7022424887628885
961,Thiếu quà tặng nước tẩy trang,1,1,True,0.12226632063695386,0.8777336793630461
962,"xài gần 1 tháng thì nghe mùi khét nên sợ quá k dám xài tiếp dù k làm rơi rớt gì, cứ mở lên sấy thì nghe mùi khét, sợ cháy nổ nên k dám xài",1,1,True,0.18344543883805953,0.8165545611619405
963,"Mua 1 combo mà giao 1 hộp số 1, 1 hộp số 3. Mọi người mua cẩn thận kiểm tra kĩ, tin tưởng mua xong vừa mở ra thấy cây muỗng khác xem lại thấy nhầm thì đổ thừa do mình khui rồi nên giờ bỏ chứ ko giải quyết hay hỗ trợ gì cả. Từ giờ ko bao h mua trên đây nữa cũng may chưa cho con uống.",1,1,True,0.08094575326702402,0.919054246732976
964,Hương thơm:ko Lợi ích:ch biet Mẹo:ko  thiếu quà tặng. giải quyết vấn đề quá lâu nt giải quyết rất lâu mới tl,1,1,True,0.13267591711980442,0.8673240828801956
965,Trả hàng còn nguyên mà dám bảo khách dùng ra bóc rồi bảo cung cấp bằng chứng trước khi vận chuyển thì không cung cấp được,1,1,True,0.05624119127072802,0.943758808729272
966,sản phẩm dùng không có cải thiện hay gì đâu  mn đừng nên mua vì sẽ thất vọng shop lớn nhm cskh kém  buồn,1,1,True,0.26797936264202815,0.7320206373579718
967,"Bao bì/Mẫu mã:ok Hương vị:ok  Mình săn dc giá hời, shop đóng hàng chắc chắn giao hàng nhanh chóng. Sẽ mua lại khi cần",0,0,True,0.9357498270918313,0.06425017290816872
968,Bị bục 1 bịch. Shop nên đóng chống sốc dày hơn.,0,1,False,0.25336200148680343,0.7466379985131966
969,Chất liệu:.. Màu sắc:..  Rõ ràng là mình bỏ thêm tiền gần 100k để được thêm hộp và túi vậy mà shop giao cho mình cái hộp bị rách để mình mang tặng? K giao được cái hộp đẹp đẹp thì đừng thu thêm tiền được không? Bực quá mà gần đến ngày 8/3 r nên cũng trả được hàng nữa. Mn nên né nha,1,1,True,0.29185015749465615,0.7081498425053439
970,lúc giặt có mùi thơm mà phơi lên chả có tí mùi nào,1,0,False,0.5171945484395044,0.4828054515604956
971,"Shop v/c nhanh, gói hàng đẹp. Mua sale giá tốt, sữa ngon. Mong có nhiều ch.tr k/m cho khách có s/p tốt giá hợp lý để s/d. Tặng shop 5* nhé.",0,0,True,0.8905155106391012,0.10948448936089882
972,Công dụng:lam sach mieng Mùi hương:k cay  Mua lần thứ n săn sale chứ bt mắc hic mua lần 6-8 chai cho đã cái nư,0,0,True,0.7466491509480566,0.25335084905194344
973,Kinh nghiệm sử dụng:tẩy bụi bẩn trên mặt  Tẩy êm không bị rát da không bị kích ứng tại vì da mình là da dầu mụn thuộc dạng nhạy cảm nên thường chọn sản phẩm lành tính mới sài được,0,0,True,0.7792941198805198,0.22070588011948022
974,"Mềm mượt:c Hương thơm:thom  thơm lắm,vuốt vao thơm xíu mới bớt ,có mượt,không bị bết tóc,e gai mình nó xài nó chỉ mua xài cho toc uốn,vuốt vào ra lọn đẹp",0,0,True,0.8920206772017303,0.10797932279826974
975,Ko biết hàng chuẩn ko nhưng ko thấy tem phụ như 2 lọ trước mình mua chỉ thấy cái lọ tinh chất tặng kf là có tem phụ còn cái này ko có chỉ thấy chữ tiếng anh và chữ thái thôi nên ko hài lòng lắm,1,1,True,0.15059988859843698,0.849400111401563
976,"Màu sắc:đen, xanh Đúng với mô tả:đúng với mô tả của sản phẩm  Hàng chuẩn size, dễ mặc, giá cả dễ tiếp cận",0,0,True,0.8816449585062668,0.11835504149373326
977,Bao bì/Mẫu mã:đẹp Hương vị:ngon  Gh nhanh . Sp tốt. Giá thành rẻ. Shop uy tín. Ship nhiệt tình.. ngon,0,0,True,0.9562415565589841,0.043758443441015926
978,"Công dụng:dưỡng ẩm, làm dịu da Mùi hương:thơm lắm lắm luônn  Shop giao hàng nhanh đóng gói chắc chắn ạ, da mềm mượt hơn vị cíu tinh...",0,0,True,0.9928179817912591,0.007182018208740819
979,Sữa nhà dùng gần như là của Dutch Lady... thay đổi bao bì sản phẩm thấy dễ nhầm lẫn với hãng khác. Mình vẫn thích hình cô gái vắt sữa bò cơ kkk,0,1,False,0.4186074326216196,0.5813925673783804
980,"Shop giao hàng nhanh, gói hàng kĩ và hàng nhận giống hình nha ❤️",0,0,True,0.8711347752943606,0.12886522470563944
981,Tệ. Giao hàng thiếu. Móp méo. Ntin ko tloi. Hàng giá trị đồ ăn đồ uống mà quăng như nùi giẻ,1,1,True,0.040543893487458904,0.9594561065125411
982,Chất lượng sản phẩm:ok la phết Độ tuổi sử dụng:từ bé tới lớn  nên mua sdung nha mấy bạn thơm với lại là sp dành cho ebe nên khong bị kích ứng đâu,0,0,True,0.8855017984800188,0.11449820151998126
983,Dành cho da:dầu Công dụng:làm sạch da Mùi hương:thơm nhẹ  Mk thấy cũng ổn áp  Rửa xong mà ko bị rít da,0,0,True,0.9353800162060985,0.06461998379390159
984,"Shop giao hàng đúng mẫu, nhận hàng chất lượng không như quảng cáo. Giá cả ok",0,1,False,0.33837047061126835,0.6616295293887317
985,Giao hàng nhanh.sản phẩm cũng ok .sẽ tiếp tục ủng hộ shop.bwh,0,0,True,0.9776691922049028,0.022330807795097267
986,"Đơn hàng gần 3 triệu. Đặt 3 hộp to tặng kèm 1 hộp nhỏ. Giao hàng nhận được có 1 hộp to và 1 hộp nhỏ. Thiếu 2 hộp to, khiếu lại mà giải quyết như trên, bắt chấp nhận mất ko tiền 2 hộp, mất gần 2 triệu như không.",1,1,True,0.07986888187651342,0.9201311181234866
987,đẹp nha mn nên mua nè xin lắm thơm nữa,0,0,True,0.9628472570424832,0.03715274295751676
988,Sữa đóng gói rất kém v sơ sài.  Tung sua ra ngoài hôpk méo mó ảnh hưởng chất lượng sữa,1,1,True,0.12000249595012413,0.8799975040498759
989,"Mình vừa nhận hàng nên không thể đánh giá chất lượng sản phẩm ra sao, nhưng thái độ của bên CSKH thì vô cùng tệ. Bao bì sản phẩm có lỗi, có hiện tượng bị rò rỉ tinh chất ra ngoài ở phần vòi xịt khi lắc sản phẩm hoặc để sản phẩm nằm xuống. Mình có nhắn với shop, nhưng shop chỉ xin lỗi rồi bảo mình nhấn trả hàng hoàn tiền để bên Shopee xem xét. Shop xin lỗi cho có, rồi để hết cho Shopee với khách hàng tự giải quyết với nhau. Mình chờ tận 2 tuần mới nhận được hàng, hàng quốc tế lại cận Tết, rồi bên vận chuyển này kia nên mình cũng đành chờ. Vì tin tưởng hãng nên mình cũng không quá để ý, mình dùng serum, kem dưỡng bên hãng trộm vía hợp nên mua hàng của shop cũng hơn 5 lần rồi, thế mà đến lần này bao bì sản phẩm có lỗi thì shop lại giải quyết như vậy. Trả lời tin nhắn lâu nữa chứ. Chất lượng sản phẩm của hãng mình đánh giá rất cao, các tháng trước hãng có sale mình còn mua sản phẩm của hãng để tích trữ đến nay vẫn còn cơ mà, nhưng thái độ CSKH như vậy nên mình xin phép đánh giá 1 sao. Mình thật sự vô cùng thất vọng với trải nghiệm mua hàng lần này ở shop.",1,1,True,0.061804080338168976,0.938195919661831
990,Bao bì/Mẫu mã:móp méo hết,1,1,True,0.10053614622770912,0.8994638537722909
991,"Chất lượng:oke, dày dặn ko bị quăn Thiết kế:Thiết kế hologram siêu óng ánh lun  Lần đầu tiên đu tiểu thuyết và gặp được shop chân ái, ahihi🥰",0,0,True,0.6876941707349886,0.3123058292650114
992,Chất lượng phù hợp với giá rẻ mạt cho người sử dụng   kiểu Nhật Bản là một ok,0,0,True,0.8832749186375896,0.11672508136241047
993,Mùi hương:thom xiu Công dụng:làm mềm tránh khô tóc Dành cho tóc:khô xơ gãy rụng  mùi thơm xĩu giá săn sale hạt dẻ giao nhanh làm tóc đỡ khô😍,0,0,True,0.9517383266862735,0.048261673313726515
994,"Thật sự! Mình đã mua loại bông tẩy trang này rất nhiều lần, nhưng lần đầu tiên “bị” trải nghiệm tệ đến vậy! Không 1 hộp nào còn lành lặn khi được vận chuyển! đựng 6 hộp bông tẩy trang chỉ đựng trong 1 cái túi bóng ???",1,1,True,0.20429371893823378,0.7957062810617662
995,Bao bì:nhựa  Rất rất ổn sử dụng tầm 4-5 phút là máy nó nóng hổi,1,0,False,0.5791328157894016,0.4208671842105984
996,Chất lượng sản phẩm:tốt Bao bì/Mẫu mã:con mình u từ trước đến giờ thấy đóng hàng cẩn thận mà sao đợt hàng vừa rồi loại 800g nữa cơ có hộp bị bóc nắp inox ra rồi vừa mở nắp ra sữa rơi ra đầy.. vì mỗi lần mình mua nhiều hộp u hộp nào mới mở hộp đó nhưng bữa nay mở đến hộp thứ 3 ra thì bị như vậy... vì nhận hàng lâu rồi nên ko thể trả lại buồn thật chứ giá thì tăng suốt thôi  Chất lượng sản phẩm:tốt Bao bì/Mẫu mã:con mình u từ trước đến giờ thấy đóng hàng cẩn thận mà sao đợt hàng vừa rồi có hộp bị bóc nắp inox ra rồi vừa mở nắp ra sữa rơi ra đầy.. vì mỗi lần mình mua nhiều hộp u hộp nào mới mở hộp đó nhưng bữa nay mở đến hộp thứ 3 ra thì bị như vậy... vì nhận hàng lâu rồi nên ko thể trả lại buồn thật chứ giá thì tăng suốt thôi,1,1,True,0.09788581063880608,0.9021141893611939
997,"Gói bọc hàng rất tệ, mua 2 thùng chồng chất lên nhau mà không thấy có mút xốp gì để lót, khui hàng ra bể tè le, lại mất công dọn",1,1,True,0.05308324844938905,0.946916751550611
998,"Hàng ship đến bị gãy vòi, dầu gội thì bị chảy ra ngoài. Gói hàng thì cẩu thả. Mùi dầu gội thì k thơm, khó chịu",1,1,True,0.038920983683941146,0.9610790163160589
999,"Chất lượng sản phẩm:tot Bao bì/Mẫu mã:móp Độ tuổi sử dụng:6-12M  Lần này mình sử dụng nick mới để mua thì nhận được lon móp. Khá lâu rồi mình mới gặp lại lon móp kể từ lần đánh giá đầu tiên ở nick cũ. Có vẻ như hãng rất thích gửi lon móp cho khách hàng mới trải nghiệm, và vẫn ko có hướng xử lí triệt để cho các lon móp như này nhỉ. Không giảm giá và cũng ko có phương án khắc phục giống như hãng sữa khác. Con hợp sữa nên mình mua, và nếu vẫn nhận lon móp thì cứ tiếp tục 1-3sao thôi ạ",1,1,True,0.14065461679339752,0.8593453832066025
1000,"Công dụng:nước súc miệng Mùi hương:dâu thơm  Chốt combo 3 chai có 130k, còn nhận đyọce quà thêm 1 chai nữa ahihi. Cảm ơn ạ",0,0,True,0.8231303169384652,0.1768696830615349
1001,Đúng với mô tả:dung mo ta Màu sắc:ghi Chất liệu:cotton  Quần chất liệu tốt mang lại cảm giác thoải mái thoáng mát cho người mặc!,0,0,True,0.8198383133918943,0.18016168660810578
1002,Hương vị:thơm ngon Bao bì/Mẫu mã:đẹp mắt  Má chồng thix ăn màu này nên lần nào mua cũng chỉ mua duy nhất màu này thôi hjhj,0,0,True,0.7433111125284634,0.2566888874715366
1003,Kinh nghiệm sử dụng:thowm Hương thơm:thowm Mẹo:thowm  Mua trúng đợt sale lơn nên đc giá ưu đãi lắm cả nhà. Hàng dùng bao chất lượng rồi,0,0,True,0.8602708147346456,0.13972918526535433
1004,Không có quà tặng như trong mô tả,1,1,True,0.03509354549279187,0.9649064545072081
1005,"Giữ nhiệt:giu nhiet kha tot Chất lượng:on va dang tin cay de su dung Thiết kế:xinh xan, dthw, de cam  recommend mn nên mua, hang re ma chat luọng",0,0,True,0.9587924846308333,0.04120751536916666
1006,"Công dụng:tránh tideeee  Giao nhanh, 24h có rùi, bao bì sặc sỡ, chưa xài nên chưa biết ra sao hết, hi vọng là tốt Có nt báo shop che tên, siêu có tâm luônnnn 💕",0,0,True,0.715763487402113,0.284236512597887
1007,"Hộp cũ, móp méo, như đã bị bóc ra rồi, không biết là lọ này đã qua sử dụng chưa",1,1,True,0.11235527592370098,0.887644724076299
1008,Chất liệu:đẹp  Giao hàng nhanh. Chất lượng phù hợp giá tiền. Nên mua nhé.,0,0,True,0.9780993641799722,0.021900635820027783
1009,"Mùi hương:th Dành cho da:da dau Công dụng:chong nang  Giao hàng nhanh, săn được giá khá hời. Sản phẩm chất lượng. Rất ok sẽ ủng hộ in",0,0,True,0.9929838111141903,0.007016188885809714
1010,"Hàng móp méo quá nhiều,",1,1,True,0.14017358890208798,0.859826411097912
1011,Mua 2lon có 1 lon bị móp quá,1,1,True,0.10443360634195109,0.8955663936580489
1012,Bình luận chỉ mang tính chất nhận xu shop đóng gói cẩn thận nhé anh đi shop đóng gói cẩn trọng khi sử của mình để làm cho chi,0,0,True,0.7749129609178678,0.2250870390821322
1013,"Kinh nghiệm sử dụng:dưỡng da  Giao hàng nhanh , đóng gói cẩn thận , mua để tặng nên chx bt chất lượng bên trong của sản phẩm",0,0,True,0.9176195045261146,0.08238049547388542
1014,"Lợi ích:rửa mặt Hương thơm:ko có Kinh nghiệm sử dụng:chà sạch mặt, ko dùng sữa rửa mặt cũng đc  Rửa mặt sạch hơn. Tại da t ko hợp dùng sữa rửa mặt nên mua cái này về rửa mặt cho sạch. 10đ nha",0,0,True,0.7175880929702738,0.28241190702972613
1015,Shop chuan bi dong goi can than giao hang nhanh san pham nhu anh mieu ta💯,0,0,True,0.9142116518685616,0.08578834813143844
1016,"Dành cho da:mình thấy da dầu hợp hơn Công dụng:trắng da  Sản phẩm có vẻ seeding hơi lố, không như loại cũ… da dễ bị xót, dùng mặt banh mụn mặc dùu là tín đồ của loreal từ nước hoa hồng cũ đến cấp ẩm, kem dưỡng… tóm lại quá tệ… phí tiền… đã dùng một thời gian mới vt đánh giá nha",1,0,False,0.5701761996293906,0.42982380037060947
1017,"Bao bì/Mẫu mã:Bad Độ tuổi sử dụng:5 Chất lượng sản phẩm:Bad  Rất không hài lòng với cách bán hàng của shop/shopee Cảm giác như shop/shopee sử dụng câu chữ loằng ngoằng để lừa gạt người mua Trên hình ảnh thể hiện rõ tặng lon 1,7kg thì đúng ra người mua chỉ việc click mua và thanh toán, còn việc hàng khuyến mãi có thể hiện trong giỏ hàng hay không đâu phải trách nhiệm của người mua, đây là việc giữa shop và shopee Trên hình ảnh cũng chẳng có dòng chữ “hình ảnh chỉ mang tính chất minh hoạ” Còn cái lưu ý “hàng khuyến mãi ở trong giỏ hàng” là cái gì? Có lưu ý trong hình ảnh cho người mua là vào giỏ hàng không thấy thì phải liên hệ với shop hay gì không? Đằng này nhận hàng xong xuôi hỏi shop mới phản hồi như vậy, rồi còn thêm cái lý do chương trình chạy ngày 1/11 đã hết, nếu đã hết chương trình sao còn thể hiện combo sản phẩm? Sao không thể hiện combo sản phẩm này đã hết?",1,1,True,0.07572958109184935,0.9242704189081506
1018,"Đóng gói như không, trong khi video thì có cái khung form giữ hộp đàng hoàng.",1,1,True,0.08107247823673414,0.9189275217632659
1019,Mẹo:u toc khoang 30 phut xa sach voi nuoc Kinh nghiệm sử dụng:su dung 30 phut Lợi ích:giup toc suon muot,0,0,True,0.7978744090742063,0.20212559092579377
1020,"Kinh nghiệm sử dụng:Ms mua dùng thử lần đầu Làm đẹp:Mọi loại tóc Bao bì:Đẹp  H.ảnh và video chỉ mang tính chất nhận xu thôi nha mn  Theo mik thấy thì chất kem đc nha, thơm mùi đào lắm mn, cần t/gian dài ms thấy rõ hiệu quả của sp 🤗",0,0,True,0.9536400896923248,0.046359910307675216
1021,Gửi sai hàng so với đơn đặt Nhắn tin thì shop chơi kiểu phản hồi theo gợi  Không chủ động hay có ý support Tóm lại làm ăn như lộn què mà cũng đăng kí shoppe mall =))),1,1,True,0.05046367403171059,0.9495363259682894
1022,Giao hàng nhanh lắm ạ đóng gói hàng kĩ mua cho mẹ xài ổn sẽ ủng hộ tiếp ạ,0,0,True,0.9861681853283027,0.013831814671697201
1023,"nước giặt đóng gói hẳn hoi,có quà tặng đủ,săn sale giá hời. mình thấy giặt sạch ở mức khá,mùi dịu nhẹ,nên dùng cùng nước xả",0,0,True,0.8674387346959803,0.13256126530401968
1024,Giao nhanh đóng gói cẩn thận giao đúng số lượng đúng mẫu mã đã chọn giá rẻ,0,0,True,0.9439338124833444,0.056066187516655625
1025,"Bao bì thiết kế nhìn xinh xỉu, bao bên trong xài ok, chắc chắn sẽ mua lại",0,0,True,0.8193520961834724,0.18064790381652757
1026,"Giao hàng nhanh chóng, sản phẩm tốt. Sẽ quay lại ủng hộ shop ..",0,0,True,0.9876128080626381,0.01238719193736196
1027,"Chất liệu:cotton Màu sắc:đúng Đúng với mô tả:đúng  Lần này là lần t2 mình mua của shop, do ny mình ưng nên lần này mình mua 6c, shop có tặng cho 1c. Cả 2l mình đều đặt dạng quần ngang. Vậy mà shop tặng cho mình 1 cái tam giác. Mình cũng kh đánh giá gì vì thấy đây là hàng tặng, nma cho đến khi mình nhìn size, lớn hơn bth mình đặt 1 size. Rồi quần lót mà rộng thì vừa mặc vừa sợ nó tuột hay sao nhỉ 😐",1,1,True,0.2536083549375203,0.7463916450624797
1028,"Lợi ích:công dụng dưỡng ẩm, giảm mụn rõ rệt Làm đẹp:cấp ẩm cho làn da, làm dịu da",0,0,True,0.9064475871128566,0.09355241288714343
1029,Hình ảnh chỉ mang tính chất nhận xu Nhận đủ hàng nhưng chỉ cho shop 2 sao vs cái thái độ tặng quà Tôi mua hàng t cũng k quan tâm quà tặng kèm đâu chỉ quan tâm chất lượng sp ntn  Mà shop gửi cái hộp khăn ướt km bẩn thỉu như kiểu bố thí cho khách tôi đây k thèm,1,1,True,0.11999027813189467,0.8800097218681053
1030,"Âm thanh:Âm thanh rõ ràng Thiết kế:Nhỏ gọn, đeo lâu thì hơi nhức tai  Ngon, bổ , rẻ, highly rcm",0,0,True,0.6877056182525783,0.3122943817474217
1031,"Đúng với mô tả:đúng Màu sắc:đen  Đồ của shop thì chất lượng khỏi bàn rồi , mình sử dụng dòng boxer của shop từ thời gian đầu còn thử nghiệm sản phẩm , rất ưng và ủng hộ đến bây giờ",0,0,True,0.8813968929774773,0.11860310702252275
1032,Mẹo:săn sale Làm đẹp:đẹp Hương thơm:nhe  Săn sale giá siêu hời luôn còn được tặng quà rât nhiều nữa,0,0,True,0.9410314374260084,0.058968562573991586
1033,"Kênh lừa đảo khách hàng, ship hàng k thấy kèm quà tặng, đóng gói sơ sài bị rách khi đến tay khách hàng, chất lượng chai rất mỏng, nên k dám sử dụng. Ai muốn mua nên tránh shop này ra. Kẻo mất tiền còn ôm cục tức",1,1,True,0.03398894870479896,0.966011051295201
1034,"Khi mk nhận hàng, 2 thùng bìa đều bị ướt, và bung ra, các gói sữa trong thùng cũng bị rơi ra.",1,1,True,0.0658615713862103,0.9341384286137897
1035,"Giao hàng nhanh, shipper dễ thương, đóng gói chắc chắn, hàng như quảng cáo, đủ số lượng, date còn xa, shop có chú ý đọc lời nhắn của khách. Sẽ tiếp tục ủng hộ shop.",0,0,True,0.7839556218966999,0.2160443781033001
1036,Sp khác với sp munhf đặt,1,1,True,0.38180585351108354,0.6181941464889165
1037,"Màu ko đúng thực tế như ảnh. Ship lâu. Nhận hàng về thấy ko đúng màu trả lại ngay sau 5p nhưng shop ko hỗ trợ. Mua ol các bác để ý cẩn thận chứ màu trên này 1 đường nhận 1 nẻo, như màu này thấy nhìn ngoài vỏ và mở cây son là nâu nhiều hơn hồng",1,1,True,0.05712436621964889,0.9428756337803511
1038,"Mình đã nhận đủ hàng. Shop đóng gói cẩn thận, giao hàng nhanh lắm ạ. Chất lượng sản phẩm tuyệt vời, mình đã tìm hiểu sp này và rất an tâm sd. Sẽ ủng hộ shop dài dài nha.",0,0,True,0.9734215452581881,0.026578454741811815
1039,"Đặt ly về để uống nước mà mỗi lần uống là hoá điên luôn, cái bình bật ra hút đôi khi k lên, đôi khi thì rút kêu rít rít trong khi bình đây nước, ống hút uống 2 ngụm phải mở ra gắn dô lại, uống nước ngọt là auto đi rửa tay hoài luôn chưa bh mình mua bình nước mà bực như vậy phải lên đánh giá liền, mình uống 2 ngày bực bội qá, chỉ đc cái đẹp vs giữ đá lâu còn lại thì k uống đc cx như k mỗi lần uống mở hẳn nắp bình ra thấy mệt mà ống hút thì bị hư",1,1,True,0.03405042134021774,0.9659495786597823
1040,"Giao hàng nhanh hơn cả dự kiến. Săn sale nên giá ổn áp lắm, không có gì để chê cả. 5 sao cho shop nha",0,0,True,0.802056169072797,0.19794383092720308
1041,"Mẹo:ok Kinh nghiệm sử dụng:ok Bao bì:ok  nên mua nha máy êm ngon lắm dùng thích lắm tôi dùng máy này là máy thứ 2 r, sài bền dữ lắm",0,0,True,0.954149580606773,0.045850419393226954
1042,"Giống hàng thải, cận date. Sản phẩm dính bẩn",1,1,True,0.29652118871129574,0.7034788112887043
1043,"thấy bth, k có công dụng gì lắm số đo chân kia mình để bừa nha :)))))))",1,1,True,0.3557258990586244,0.6442741009413756
1044,"Làm đẹp:toc Lợi ích:sangs da Bao bì:dep  Giao hàng và chuẩn bị hàng rất nhanh, đặt 2 hôm là giao tới rồi , chưa dùng nên không biết tốt không",0,0,True,0.8673484636689393,0.13265153633106072
1045,"Đây là sữa tắm, k phải tắm gội như tên sp và live chia sẻ",1,1,True,0.2726799110143179,0.7273200889856821
1046,"Đóng gói hàng Oke, ship rất nhanh, mình xài thử thì thấy có mùi hương thơm nhẹ, mình rất thích điểm này, tóc cũng có mềm thôi, chứ chưa được suôn mượt",0,0,True,0.9478937469503119,0.0521062530496881
1047,Mua về chưa đụng tới nay đụng tới thì mũ lỗi k cài được :))),1,1,True,0.152975701962081,0.847024298037919
1048,"Hết tím thì báo hết đây đặt tím giao hồng mà hồng đậm này cg chả có trong phân loại hàng mình đặt luôn! Đang cần chứ k là t trả hàng rồi nha , shop làm ăn chán 👎🏻",1,1,True,0.06309331423302478,0.9369066857669752
1049,"Dầu gội trị gàu hiệu quả, mùi thơm thảo dược dễ chịu,  tóc mềm mượt ko bị khô. Đã mua nhiều lần. Shop giao hàng nhanh.",0,0,True,0.9530292852302248,0.046970714769775226
1050,Sản phẩm thì OK Nhưng link thì để mua 1 tặng 1  mà nhận hàng thì k có quà tặng.,1,1,True,0.017439269132528357,0.9825607308674716
1051,Ghi trên trang mua hàng là tặng 1 chai dầu gội nữa nhưng khi nhận thì không có,1,1,True,0.03772686716295692,0.9622731328370431
1052,"Dành cho da:thích hợp cho mọi loại da Công dụng:chống nắng Mùi hương:không mùi  Kem chống nắng dạng sữa, rất dễ thẩm thấu vào da, chất lượng ok, nên thử nha mn.",0,0,True,0.9590698563513069,0.04093014364869307
1053,"Để có quà tặng nhưng mua về k có quà nha mn, chưa hài lòng lắm nha.",1,1,True,0.16709120033308744,0.8329087996669126
1054,"Không hề có quà tặng kèm, chỉ gửi đúng 6 hộp bông tẩy trang. Mua deal tặng kèm quà, quá thất vọng",1,1,True,0.03968175495405368,0.9603182450459463
1055,"không bọc gói chống sốc, vận chuyển gỡ tùm lum hết ca đổ lênh láng chả lẽ trả về thì chắc chảy hết toàn bộ thì mình lại ác quá, 1 sao cho bọc gói vô trách nhiệm",1,1,True,0.03714164906162032,0.9628583509383797
1056,Hương vị:chưa uống Bao bì/Mẫu mã:đẹp  Săn giá rẻ có 230k thôi giao nhanh ship nhiệt tình nên mua nha,0,0,True,0.9621046299958091,0.03789537000419084
1057,Dành cho da:mọi da Công dụng:giảm thâm mắt. Bọng mắt. Nếp nhăn  Chưa sài nên chưa biết hiệu qả như nào. Nhưng phần đóng gọi qá xịn xò. Dễ thg😍 cho shop 10*,0,0,True,0.7587696260045911,0.24123037399540898
1058,"Chất lượng:không đảm bảo  dùng đến cái t2, lúc cho ít ước vào test (cho ít, không cho căng phồng) thì bục đứt đôi, không bền. :)",1,1,True,0.13175719506112593,0.8682428049388741
1059,"Ko biết do sản phẩm hay do vận chuyển. Sữa hư lủng bịch chảy hết ,chua lè. Bỏ rác hết",1,1,True,0.04344126406319837,0.9565587359368016
1060,Shop bảo được tặng tui mà nhận k thấy j,1,1,True,0.08449205493121714,0.9155079450687829
1061,"Phần quà tặng cho khách hàng không rõ ràng, khiến khách hàng hiểu sai và cũng không nhận được sản phẩn như mong muốn.",1,1,True,0.02469611551415063,0.9753038844858494
1062,"Kinh nghiệm sử dụng:Sử dụng rất hiệu quả Làm đẹp:da nào cũng xài được, phù hợp Hương thơm:Chất thấm sau",0,0,True,0.9284633142126989,0.07153668578730109
1063,Công dụng:dưỡng da Phù hợp với loại da:tất cae Mùi hương:thơm  Da mình kén mấy loại khác dùng hay bết dính kiểu gì nhưng loại này xài được chai thứ 4 rồi,0,0,True,0.8936906134231243,0.10630938657687568
1064,Công dụng:trắng da mờ thắm Mùi hương:thơm Dành cho da:mọi loại da  Shop gói hàng cẩn thận ghê. Chưa xài nên chưa rõ . Chỉ biết là ưng.Mua hàng của shop lần đầu lên mình chưa biết rõ đc kết quả. Hi vọng là sẽ như mình mong muốn.,0,0,True,0.8212546729654021,0.17874532703459786
1065,Đóng gói cẩn thận. Giao hàng tương đối nhanh. Nhưng đơn hàng này giao thiếu quà tặng.,1,1,True,0.2919556217911823,0.7080443782088177
1066,"Chất liệu:thun Màu sắc:5 màu Đúng với mô tả:tốt  Quần lót coolmate mặc rất là êm luôn, có độ co giãn tốt, mà chất liệu vải mặc k bị hằn lên da 💯",0,0,True,0.8320306236883244,0.16796937631167558
1067,"ms test thử , da mình nhạy cảm và dầu nhm ko bị kích ứng  ,chất dễ tán và ko bết bí da nha khá tốt ,mình muốn mua cả hũ mà ko bt mua đâu",0,0,True,0.685761322226137,0.31423867777386305
1068,đóng hàng không cẩn thận hàng bị trào ra ngoài nhiều đây là ảnh mình lau bớt rồi chứ lúc đầu bầy nhầy muốn vứt đi,1,1,True,0.1366288945262909,0.8633711054737091
1069,"Túi hãng mà bộ phận chăm sóc khách hàng rất tệ , nhắn tin toàn trả lời tự động, còn đã hỏi trên live có kèm túi giấy HK shop  bảo có mình mới đặt , mà nhận hàng thì không kèm túi giấy , ôm cái hộp đi tặng HK có túi giấy xách bên ngoài kì lắm luôn. Bực hết cả mình luôn ý.....Lần đầu tiên đánh giá 2*",1,1,True,0.03783212641732436,0.9621678735826756
1070,Hiệu quả:ok ok duoc do Mùi hương:lam nha  Hình ảnh chỉ mang tính chất nhận xu thôi henn,0,0,True,0.9735723169282343,0.026427683071765722
1071,"Mẫu mã đẹp, sữa ngon",0,0,True,0.8048888168867727,0.1951111831132273
1072,Lợi ích:Làm sạch da mặt phù hợp cho làn da dầu dễ nổi mụn và nhạy cảm và không gây bít tắc lỗ chân lông Hương thơm:Mùi thơm dịu nhẹ an toàn lành tính Bao bì:Đẹp đơn giản,0,0,True,0.9325810558510286,0.06741894414897144
1073,"Shop giao hàng nhanh, sp bao bì nhìn chỉn chu, đẹp. Ủ khoảng 2,3 lần đầu tóc rất đẹp, mượt, bóng. Nhưng sp chứa silicon nên sau những lần đó tóc trở nên khô xơ, cứng. Nói chung ai mua sp thì tóc cũng đều sẽ có vấn đề là khô, xơ hoặc rụng. Nhưng sp dùng về lâu dài ko hiệu quả. Tiền nào của đó thôi ạ. Mình mua 120k nhé",1,0,False,0.7229392438929323,0.2770607561070677
1074,Viết sản phẩm k rõ ràng,1,1,True,0.16951601298972574,0.8304839870102743
1075,"Thơm ngot, dễ uônhs ,,ung hộ sho lâu dài shhdhdjkvhhhhjhghjjjjjjjhgvbbbhuji",0,0,True,0.9513242607569217,0.048675739243078275
1076,"Kem chống nắng này đeo khẩu trang bị dây dính đầy khẩu trang, cảm thấy ko hài lòng",1,1,True,0.2812916133390163,0.7187083866609837
1077,"Sai lầm lớn nhất là mua hàng mà k ktra cẩn thận, hàng hỏng, hàng lỗi, hàng méo mó... Không thiếu phát nào, mua 6 hộp, hỏng 2 hộp, méo 5/6 hộp, mà giá cả dù có voucher nhưng vẫn k rẻ hơn so với tạp hoá gần nhà 1k/hộp. Tác hại của lười ra hàng tạp hoá nên trả giá k hề kém là đây. Mình quên mất k chụp lại hộp hỏng hoàn toàn đã vứt đi rồi... Thật choáng với nhân cách người bán hàng....",1,1,True,0.06502418063344151,0.9349758193665585
1078,"Mặc dù chai sữa tắm đã gãy vòi rồi mà shop cố tình gói hàng đem đi giao, lần này lần thứ 3 tôi bị vậy rồi,không hiểu tại sao shop lại như vậy nữa",1,1,True,0.0681876451820016,0.9318123548179984
1079,Bon nay bán hàng khg có tâm bảo là sản phẩm tặng. mẹ nó bảo khg bấm nút tặng 0 đồng..bấm mẹ  tụi mày..sản phẩm khg tốt rồi mọi người thận trọng khi chọn shop này..,1,1,True,0.1054350575299623,0.8945649424700377
1080,"Nhà mình shipper quen toàn vất hàng vào trong cổng vì sợ mất hàng giá trị cao nên mình đã note : CHE TÊN SẢN PHẨM + và còn nhắn tin riêng cho shop nhưng nhận về vẫn như này đây, đây là lần thứ 2 mua bị ntn rồi ( lần trước shop nt kêu sửa đánh giá nhưng lần này thÌ KHÔNG NHÉ)",1,1,True,0.10402991676215745,0.8959700832378426
1081,"Đúng với mô tả:dep Màu sắc:dep Chất liệu:dep  Giao hàng đủ, giao đến mình rất nhanh, đóng gói cẩn thận có bọc chồng sốc đầy đủ, nên mua ạ 😘",0,0,True,0.9578359694723333,0.042164030527666665
1082,gói hàng quá sơ sài . họp móp méo đủ kiểu mà ko có nổi 1 miếng chống sốc. mang tiếng mua sale 15/8 mà đắt hơn ngày thường,1,1,True,0.04738423725244556,0.9526157627475544
1083,Hương thơm:mùi quá hơi ghê 😃 dính lên da dăm dăm rát vùng da nhay cảm cánh mũi các thứ siêu rát đỏ  Ko nên dùng 🥲,1,0,False,0.7924907159891275,0.20750928401087257
1084,Giao hàng nhanh. Đóng gói cẩn thận. Xài rất thích. Thơm. Da mềm.,0,0,True,0.9971267398171981,0.002873260182801882
1085,"Bao bì/Mẫu mã:quá tệ, cực kì tệ Hương vị:đóng gói kém nên bị vỡ sữa  Thật sự là mình nhận hàng trong tình trạng giống như những người mua đáng giá 1* ở đây.  Không được gói trong thùng sữa như bình thường, mà chỉ là lấy bìa cotton quấn qua loa với 1 lớp túi bóng quá sơ sài, đồ dễ vỡ nhưng k đóng được hẳn hoi như mua quần áo. Về đến nơi thì bị vỡ sữa hết ra ngoài, mùi kinh khủng. Rồi đến vài hôm sau thêm 1 bịch nữa bị lọt khí r hỏng tiếp. Và sữa là sữa ít đường bình thường,  KHÔNG PHẢI LÀ LOẠI BỔ SUNG CANXI NHƯ TRONG ẢNH.  Không biết cái này có được gọi là '' treo đầu dê bán thịt chó "" không nữa. K nghĩ 1 shoppe mall của 1 hãng sữa quá phổ biến mà lại làm ăn theo kiểu này. Nên mình khuyên mọi người không nên mua. Nên mua trực tiếp bên ngoài, tính ra cũng k rẻ thêm được bao nhiêu mà còn cảm thấy k hài lòng một chút nào.  K hiểu sao rất nhiều đánh giá 1* về việc đóng gói nhưng shop cũng không cải thiện một chút nào?  1* cũng thấy k hài lòng để đánh giá với việc bán này của shop.",1,1,True,0.012536621561169081,0.9874633784388309
1086,"Hiệu quả:ok Mùi hương:thom  Giaonhang nhanh, bọc ok. Xịt vào thấy phồng tốc lên luôn. Sau mua 2 tuần xịt vào lại bết la tnao shop 😳",1,0,False,0.7351143785932025,0.2648856214067975
1087,Độ bền:ko Chống bụi:ko Khả năng dán:dan ko vo man hinh lun nhé  giao hàng ổn đồ đầy đủ nhưng dán theo vid eo hướng dẫn thì ko áp dc kính vào máy nch là ko ổn kiểm tra kĩ trc khi mua nhé,1,1,True,0.2455462623009771,0.7544537376990229
1088,Bọc kĩ nhận hàng nhanh lần sau sẽ mua quay lại ủng hộ shop đúng sữa,0,0,True,0.9026684846962947,0.09733151530370537
1089,"Sản phẩm chất lượng vượt mong đợi, dịch vụ chu đáo, giao hàng siêu nhanh.",0,0,True,0.7693364818685725,0.23066351813142752
1090,Xài thử ok sẽ ủng hộ lần sau. Bôi thử ra tay thì mát mát thơm thơm,0,0,True,0.9170253219252609,0.0829746780747391
1091,"Chưa biết chất lượng sản phẩm như thế nào nhưng không có quà tặng, trong phiên live của Chị HaNa mấy bạn mua hàng coi kỹ trước khi đặt hàng chứ không dễ mắc lừa như mình, chơi chiêu với khách hàng, nếu đã không còn tặng quà nữa thì nên gỡ thống tin xuống chứ, à mà quên gỡ xuống thì ai mua nữa ai còn bị mắc lừa nữa😆",1,1,True,0.04651695383770216,0.9534830461622978
1092,Pass lại 180 màu 110 mới test da chưa sử dụng thấy để da sáng mua test lên da thấy xuống cở 2 tone 🥲 mấy bạn da trung bình sài màu này chắc ổn hơn á  Dép : ko 358874701,1,0,False,0.6402143990472094,0.35978560095279055
1093,K hiểu shop làm ăn kiểu j mà bọc hàg bị tug hết ra Mọi lần thì nát vỏ hộp ngoài rồi Lần này thì bị bóc hàg xog thiếu hàg K hiểu shop ngĩ j,1,1,True,0.027307485769905937,0.9726925142300941
1094,Báo là có tặng phẩm nhưng không gửi hành tặng phẩm. Khá thất vọng. Làm ăn k uy tính,1,1,True,0.0554946817290739,0.9445053182709261
1095,"Kinh nghiệm sử dụng:xài sau buo2sc dầu gội Hương thơm:mùi thơm nhẹ Làm đẹp:tóc khô rối  Mùi thơm nhẹ, xài thấy ưng có điều hơi nhớt đi dễ trơn nên gội xong xả nước lại",0,0,True,0.9448860563530008,0.05511394364699919
1096,Hương vị:rất ngon phù hợp pha cà phê sữa nhé Độ béo:beso nhieu  Sữa rất ngon pha cà phê sữa nhé,1,0,False,0.7260047226725957,0.27399527732740425
1097,"Viết mượt:muc deu, muot Độ đậm:dam vua phai Thân bút:hoi dau tay vi k co dem",0,0,True,0.5767721565822131,0.42322784341778685
1098,"Chất lượng sản phẩm:bt  Đã nhận được hàng rồi nhưng không như mong đợi sữa kém chất lượng, không thơm pha sữa bị lắng cặn.",1,1,True,0.12271272030689717,0.8772872796931028
1099,mua lần thứ N... rồi nè giao hàng nhanh  sữa chính hãng  Giao hàng nhanh  ok nha,0,0,True,0.9820714431466153,0.01792855685338463
1100,Lợi ích:sh ghi tặng 3 hũ nhỏ mà ko có??? lừa,1,1,True,0.08241761735194097,0.917582382648059
1101,Son không ăn môi. Đánh xong trôi luôn,1,1,True,0.19170071513706233,0.8082992848629377
1102,"Shop đăng ảnh mẫu kèm quà, nhưng thời gian khuyến mại tặng quà đã qua nhưng shop vẫn k gỡ hình ảnh xuống để khách hàng nhầm lẫn tưởng là vẫn có quà, shop làm ăn k chuyên nghiệp, nhân viên tư vấn cũng giải quyết vấn đề chẳng ra sao Trước đó mk cũng đặt 1 đơn 2 lon sữa nhưng chờ đợi cả tuần k giao, nhắn tin nhờ shop giải quyết cũng chẳng thấy giải quyét gì xong mấy hôm sau tự dưng thấy báo bị huỷ trên ap, chẳng hiểu như nào Mà shop cũng k nói lại gì và cũng chẳng giải quyết cho khách hàng Shop làm ăn quá TỆ!",1,1,True,0.007942004121116564,0.9920579958788834
1103,"Giao hàng nhanh chóng. Đã mua và sử dụng nhiều lần. Rất thơm, được tặng kèm thêm chai 200ml nữa",0,0,True,0.9443810932592992,0.055618906740700844
1104,"chưa dùng thử, do tui không đọc kĩ cách mua nên không có quà đi kèm:(",0,1,False,0.17141751983234843,0.8285824801676516
1105,"Hương vị:ngon Bao bì/Mẫu mã:dep  Sữa thơm ngon oke hợp khẩu vị, rất oke nhé. Giao hàng nhanh. Sữa ngon",0,0,True,0.9612733475347279,0.03872665246527202
1106,"Mình đã đặt hàng nhiều lần, nhưng lần này nhận hàng rất thất vọng, bao bì móp méo, chưa mở ra sản phẩm đã bị rơi ra rồi. Sản phẩm cũng bị trầy xước chứ không mới như mọi lần.",1,1,True,0.04374520386392766,0.9562547961360723
1107,"Sản phẩm đóng gói rất cẩn thận, shop hỗ trợ nhiệt tình sản phẩm chính hãng",0,0,True,0.8430343530647864,0.15696564693521362
1108,bao lần cái cách đóng gói kh ra thể thống gì,1,1,True,0.07380425243132305,0.926195747568677
1109,Giá sp cao hơn cả giá ngoài.dù áp mã.ảo giá,1,1,True,0.49698224640501065,0.5030177535949893
1110,Lợi ích:sạch da Làm đẹp:ổn Kinh nghiệm sử dụng:ổn  nói chung lần này mua rất thất vọng về cách đóng gói và bao bì sản phẩm rất tệ:))),1,0,False,0.5153388582439784,0.4846611417560216
1111,"Chất lượng sản phẩm:mùi hắc kinh khủng  Lọ nhỏ được tặng thì dùng ok không mùi kem đặc dùng thích, lọ to mùi ghê kem lỏng. Mùi kinh như vậy sao dám dùng cho trẻ con được.",1,0,False,0.5055240503320242,0.49447594966797576
1112,1 sao cho cách đóng gói cẩu thả của shopee Nhìn hàng chán không muốn nhận luôn,1,1,True,0.09621602804468254,0.9037839719553175
1113,"Kinh nghiệm sử dụng:sử dụng ban ngày Hương thơm:ko bt Mẹo:cứ dùng bth thoi  bao bì xinh xinh màu hồng, chắc chắn",0,0,True,0.7967343855650562,0.20326561443494387
1114,Làm sạch:ok Hương thơm:ok  Thấy review quá nên mua thử xài xem thế nào vì da mình da khô,0,0,True,0.946816310535276,0.053183689464724015
1115,"Bao bì/Mẫu mã:siêu đẹp Công dụng:sấy tóc  ê xinh vá luôn cả nhà, hốt liền i nè trời ơi, được tặng lược cũng xinh luôn",0,0,True,0.8829030062835556,0.11709699371644448
1116,Mua của shop mấy lần rồi lần nào cũng săn qà tăngh kèm.dầu xả mùi dầu dừa thơm còn vaselin kia k biết có chống nắng ổn k.mua cho mẹ xài nữa nch okila,0,0,True,0.773891970136427,0.226108029863573
1117,Mua 1 thùng bể 7 bịch 🙂,1,1,True,0.2654860814824004,0.7345139185175996
1118,"Độ mềm mịn:min nhe nhang che khuyet diem ranh moi Màu sắc:mau hong và mau nude Hiệu ứng làm đẹp:lam tuoi mong moi  Màu D03 lên môi ra hồng sen không thích, D06 dùng cuốn oke",0,0,True,0.8968310012779522,0.10316899872204777
1119,ủ tóc bị khô hơn lúc chưa ủ :((,1,1,True,0.2612344354305729,0.7387655645694271
1120,Quảng cáo là tặng serum và tẩy trang mà hàng lại ko có,1,1,True,0.05959524669103489,0.9404047533089651
1121,Đối tượng sử dụng:con người Mùi hương:thơm  Chất lượng sản phẩm tốt nhưng shop k giải quyết vẫn đề mình thắc mắc shop nói là kiểm tra lại nhưng sau hơn 1 ngày vẫn chưa có phản hồi với mình,1,1,True,0.18040641844605254,0.8195935815539475
1122,thơm giá rẻ mà chai to quá chèn nhe ns chung là dưỡng ẩm tốt đáng để muaaaaaa,0,0,True,0.7943694797296738,0.20563052027032627
1123,"Giao hàng nhanh, đóng gói cẩn thận, săn trong live nên được giá hời mà còn được tặng nhiều quà, xem nhiều review nên lần này đặt về dùng thử, sẽ tiếp tục ủng hộ shop",0,0,True,0.9331566886617659,0.06684331133823404
1124,"Mùi thơm là ưu điểm duy nhất Xịt lên rất khô tóc nhen, nó khô như rơm á, ko làm phồng tốc, chỉ là xịt cồn lên cho bớt dầu bết thôi Ko nên mua",1,1,True,0.34010370256292477,0.6598962974370752
1125,Hộp bị móp méo. Gói chống sốc rùi mà vẫn k ăn thua. Giao hàng thì nhanh,1,1,True,0.08180265392142017,0.9181973460785798
1126,"Sản phẩm ok,giao hàng nhanh, hình ảnh, video chỉ mang tính chất nhận xu",0,0,True,0.9652070570347571,0.034792942965242886
1127,"Dùng thích, thẩm thấu nhanh trên da!  Nhưng hôm đấy được tặng quà mà shop quên ko gửi",0,0,True,0.5069974830246515,0.4930025169753485
1128,Đóng gói quá tệ chưa kể sữa bị bể và đỗ ra tùm lum luôn quá cẩu thả,1,1,True,0.03078329279962888,0.9692167072003711
1129,"Lợi ích:bthg ủ xong tóc vẫn vậy Hương thơm:mùi dễ chịu  Đóng gói đc mỗi cái hộp ko cho bọc chống sốc hay j, mở hàng ra sốc luôn. Nhắn tin hỏi shop thì thái độ vòng vo ko giải thích",1,1,True,0.13324219352986055,0.8667578064701394
1130,"đóng gói rất tệ, chỉ chèn vào hộp mỗi 1 túi khí",1,1,True,0.20138920844938246,0.7986107915506175
1131,"Hình ảnh chỉ mang tính chất nhận xu. Sản phẩm chất lượng , giá cả hợp lý, chắc chắn sẽ mua lại",0,0,True,0.9676993129747702,0.03230068702522977
1132,"Độ tuổi sử dụng:mọi độ tuổi  Mk đọc và xem nhiều review về lọ dưỡng ẩm của trẻ em này, thấy có nhiều công dụng ,đặc biệt như trị thâm hoặc trị mụn đầu đen, mk cx mua về dùng thử, ok thì mk sẽ quay lại mua tiếp",0,0,True,0.903009169032068,0.09699083096793203
1133,"Kinh nghiệm sử dụng:thoa body Làm đẹp:seeding cho nhiều vào , nếu có âm sao âm sao luôn nhé, dùng thì vón cục, tưởng người bẩn b nhiều ghét , nhiều như da chết , mẹ tổ sư dùng như cc, ngứa, nổi mẩn",1,0,False,0.533661908796585,0.4663380912034149
1134,"Sản phẩm giao đến bị thủng sữa, sữa chảy ra có mùi chua. Không biết do bên đóng gói hay do bên vận chuyển.",1,1,True,0.05684448240822593,0.9431555175917741
1135,Mẹo:Mọi người đừng nên mua ở shop này vì bị nó lừa mua 1 tặng 1 nó đâu có tặng nên đắt hơn shop khác  đóng gói còn sơ sài,1,1,True,0.1311979333991642,0.8688020666008358
1136,"Chống nhìn trộm với góc 160 chứ k phải 45 nha, kính quá kém, chất lượng k tương xứng với giá tiền",1,1,True,0.2914285547646167,0.7085714452353833
1137,Gói hàng đổ hết của khách là sao?,1,1,True,0.10355168639796386,0.8964483136020361
1138,"vừa xịt chưa tới 15p thì bay sạch mùi, không nên mua nha đúng phí tiền luôn á, lần này brand làm tệ hơn những lần trước. Mình nghĩ brand nên tìm hiểu và update độ lưu hương nhé. Những mùi trước rất thơm và bám cũng dai nhưng mùi này chỉ bám chưa tới 15 phút là bay sạch luôn í, rất mong chờ và giờ thì thất vọng về matcha latte",1,1,True,0.27354471189327123,0.7264552881067288
1139,Hương thơm:ok Lợi ích:sach gau Bao bì:ok  Mua cho ck dùng được mấy bữa rùi nay mới vào đánh giá được. Giá rẻ hơn mua ngoài lại chính hãng nữa nên yên tâm nha,0,0,True,0.949818789444769,0.050181210555230955
1140,Săn được giá tốt giao hàng nhanh chóng,0,0,True,0.9844121784527915,0.015587821547208516
1141,"Giao hàng nhanh chóng, đóng gói cẩn thận và chắc chắn, mùi thơm",0,0,True,0.9900557585427635,0.009944241457236437
1142,"Công dụng:cạo râu Mùi hương:thơm  nên mua nha mọi người, giao hàng nhanh shop tâm lý tư vấn hàng",0,0,True,0.9612404623512443,0.038759537648755775
1143,"Hàng đóng gói cẩn thận , không bị bóp méo , mua lần thứ 2 , sữa khá thơm , bé mình hay bị đau bụng nhưng uống sữa này thấy có cải thiện tiêu hóa . Sữa ổn",1,0,False,0.5840736585716604,0.4159263414283396
1144,Đặt dòng matte giao dòng hydrate? Cũng chẳng có quà tặng như mô tả,1,1,True,0.14100987595530257,0.8589901240446974
1145,Bao bì/Mẫu mã:tốt Độ tuổi sử dụng:tốt Chất lượng sản phẩm:kém,1,0,False,0.82440369201107,0.17559630798893003
1146,"Son chính hãnh, chất lượn 3CE thì mọi người đều thấy rồi.  Màu này mình ko ưng lắm, hơi hồng quá đối với mình",0,1,False,0.3840944646991896,0.6159055353008104
1147,"Sản phẩm dùng ổn phù hợp giá tiền, ảnh và video chỉ mang tính chất minh hoạ, mình thích mùi huyền diệu nhất, thơm",0,0,True,0.968703881021036,0.03129611897896399
1148,Hinha änh mang tinhchat nhab xuhang giao nhanh chingdog goi can than á,0,0,True,0.9781870751550481,0.02181292484495192
1149,Bao bì/Mẫu mã:mới Hương vị:ngon  Mua nhiều mà không thấy có mã giảm giá cho khách hàng bao giờ cả trong những lần lần này ẩu nhất bị bục mấy vỉ sữa sữa bục dây ra các hộp khác có mùi chua hôi chán,1,1,True,0.08073087566722481,0.9192691243327752
1150,rất chi là tệ . bắt thì nỏ bắt đc blt . mua về 3 ngày thử cả trăm lần mới 2 lần đc . loa thì rè . síp thì lâu quá thất vọng . biết hàng điện tử thì tuỳ nhưng mà shop cũng phải tét trước khi giao cấy,1,1,True,0.04520827831027807,0.9547917216897219
1151,"Công dụng:tot  Sản phẩm tốt, bao bì đẹp rất thích hợp để sử dụng kajanxbs xínnanxnb",0,0,True,0.9668441360573731,0.033155863942626936
1152,Hương vị:bình Bao bì/Mẫu mã:xấu đau đớn  Rõ ràng mua của Mall mà vỏ ngoài của hộp sữa in xấu tới mức nghi ngờ chất lượng bên trong luôn. Dù thế nào cũng sẽ ko quay lại. Chắc chắn.,1,1,True,0.14685966105719506,0.8531403389428049
1153,Đây là lần đầu tiên mk mua hàng trên live chị Hana  mà khi nhận hàng về rất thất vọng Shop đăng ảnh hàng có kèm quà tặng nhưng khi mk nhận về lại ko có quà  Mk nhắn tin hỏi shop thì trả lời vòng vo hỏi một đằng shop trả lời một nẻo  Thông thường khi shop khác đi đơn thiếu quà sẽ gửi lại nhưng shop này thì ko nhất quyết ko chịu giải quyết ko tôn trọng khách hàng  Xưng tên hết ng nọ ng kia nhưng vde ko đc giải quyết nhất quyết ko chịu bồi thg cho khách hàng,1,1,True,0.0026080259389885674,0.9973919740610114
1154,"Bao bì:k dep, giao hang bo bop meo. Hương thơm:bthg Lợi ích:k bt  khó tán, hơi bết, kbt hàng đã qua sử dụng chưa. đơn giao đến hộp bị móp rất nhiều. hình ảnh mang tính minh hoạ.",1,1,True,0.3873891654313494,0.6126108345686506
1155,"Độ tuổi sử dụng:5 tuổi Chất lượng sản phẩm:tốt Bao bì/Mẫu mã:bao bì mới  Mình rất hài lòng với đơn hàng này. nhưng mình có phần không vui, bạn mình gửi link qua zalo để mình đặt đơn để tham gia KOC affiliates ,nhưng bên affiliates báo đơn hàng đã huỷ không hợp lệ ,vậy bạn mình nghĩ thế nào về mình ?? Yêu cầu các bạn liên hệ bên tiếp thị liên kết đừng có làm trò bẩn như vậy ,có mấy trăm ngàn mà mất uy tín của mình . Mình xin lỗi shop ,shop mình đánh giá 5*, nhưng bên shoppee mình đánh 0*.",1,1,True,0.17128973038662354,0.8287102696133765
1156,"Giao hàng nhanh, đóng gói kỹ càng, mua của mall nên cũng yên tâm hơn chút, giá thành ổn hơn so với nhiều mall khác",0,0,True,0.9286872144193927,0.07131278558060725
1157,Làm đẹp:mềm tóc Hương thơm:thơm  giao nhanh. sản phẩm tốt,0,0,True,0.9902706426108818,0.009729357389118225
1158,Tin tuong hana thấy c hana live mua luôn k tìm hiểu sp mà thấy live kêu có quà giao thì không có quà E ks shop 1sao,1,1,True,0.06289018923411249,0.9371098107658875
1159,"Giao sai hàng mua combo số 2 mà giao số 2 và số 3, số 3 rẻ hơn thành ra mất công săn sale. Hoàn thì ko kịp sữa cho con poa tay",1,1,True,0.20195537090475635,0.7980446290952437
1160,"Đó giờ t xài màu taupe là tone đỏ nâu cam mà bản này đánh lên hồng tím, thất vọng vô cùng, ib cho shop thì kêu tuỳ nền môi? tuỳ tới mức cái màu taupe nó ra thành màu hồng tím? t xài màu taupe bản cũ nhiều rồi rất hợp còn bản này bị vậy.",1,1,True,0.1551476821989458,0.8448523178010542
1161,Giao hàng nhanh chóng đóng gói cẩn thận tẩy da chết ok mịn da hjj,0,0,True,0.9848148862029971,0.015185113797002952
1162,Cảm giác không giống với sữa mua ỏ siêu thị ms uoonhs 1 gói nhưng bị anh tào đuổi đánh mẻ đúyt chưa dám uống tiếp nữa,1,1,True,0.33555948302195815,0.6644405169780419
1163,"Seeding lố vừa thôi. Săn seo peel hồng này giá 300k mà chất lượng thì như qq, như bôi nước lã có màu hồng trên mặt. Thua xa ordinary săn seo 180k. Thua xa cái peel hàn quốc nacific nữa. Có âm 100 điểm cũng cho. Quảng cáo nói lố còn hơn chữ lố. Sợ hãi!",1,1,True,0.27452300552612974,0.7254769944738703
1164,Hỏng mất 2 túi mặc dù bọc hàng cẩn thận  Shop chuyển hàng nhanh va có quà tặng  Giải quyết vấn đề nhanh chóng,1,1,True,0.41279824109598207,0.5872017589040179
1165,"rất tệ, thiếu quà tặng, giải quyết ko thoả đáng , dù mua rất sớm",1,1,True,0.0646081007794892,0.9353918992205108
1166,"Shop giao đúng sản phẩm đã đặt hàng. Đóng gói rất kĩ lưỡng, mặc dù cây son nhỏ xíu. Màu son ok",0,0,True,0.6835921894867736,0.3164078105132264
1167,Shipper làm bể 2 bịch,1,1,True,0.4104611107208481,0.5895388892791519
1168,"Shop giao thiếu cái túi giấy để đựng hộp túi xách, nt thì ko thèm trả lời sao cho nghe lọt lỗ tay, im luôn 😵‍💫",1,1,True,0.11423519628740175,0.8857648037125982
1169,"Đóng gói rất sơ sài nhé, xem lại cách đóng gói",1,1,True,0.2536145782064114,0.7463854217935886
1170,Kết cấu:diu nhẹ phù hợp mọi loại da Làm sạch:tay trang sach ko gây khô da Hương thơm:diu nhe  Giao hàng nhanh và đóng gói cẩn thận. Sản phẩm chất lượng,0,0,True,0.9790239537626537,0.020976046237346266
1171,"Nhìn cái hộp là cũng đủ biết rằng sản phẩn bên trong có bóp méo hay ko , mk quên ko chụp lon . Ôi trời t thề luôn là n méo như méo vành xe đạp , chưa kể là chuẩn bị hàng và giao quá là lâu luôn , chưa bh mà mua hàng thất vọng như lần này . Vì t mua rất nhiều hàng trên sàn",1,1,True,0.14629707429814465,0.8537029257018554
1172,"Giao hàng rất nhanh, đóng gói cũng siêu kỹ luôn, ủng hộ shop nhiều",0,0,True,0.9601225678208515,0.03987743217914852
1173,"Bao bì:dep, sach  shop nhiệt tình , chu đáo, săn trong live nên được nhiều quà",0,0,True,0.7072530680843836,0.2927469319156164
1174,"Sản phẩm phù hợp với giá tiền, hình ảnh mang tính chất nhận xu do chưa có tg chụp lại dc",0,0,True,0.8401056438699843,0.15989435613001562
1175,"Nói tặng Vaseline mà có tặng đâu, ghét nhất là mấy cái shop xạo l",1,1,True,0.10115936950149995,0.8988406304985
1176,Ghi chú có kèm hàng tặng mà k có. Buôn bán kiểu gì kì cục,1,1,True,0.050317365564359284,0.9496826344356407
1177,"giao hàng trễ, hoàn hàng thì k hỗ trợ",1,1,True,0.07643257820542304,0.923567421794577
1178,"Hương thơm:mui thom Kinh nghiệm sử dụng:diu nhe  Nước tẩy trang dịu nhẹ, mình đã mua lần 2, shiper nhiệt tìnhh, đánh giá shop 5 saoooooooooooo",0,0,True,0.9542262394128707,0.04577376058712931
1179,trên ảnh ghi có tặng hàng về thì lại không lừa dối làm ăn chi lạ tệ,1,1,True,0.030948183447898847,0.9690518165521012
1180,"Mẹo:ok Kinh nghiệm sử dụng:ok Lợi ích:ok  *hình ảnh và video chỉ mang tính chất nhận xu Hàng oke, nên mua",0,0,True,0.9620296357505317,0.037970364249468286
1181,"Mùi nào cũng siêu thơm và lưu hương lâu, chất đặc nữa. Mua hai lần lần nào cũm ưng",0,0,True,0.8354286580929235,0.1645713419070764
1182,"hình ảnh đính kem được tặng , đặt hàng ngày 15 ( km từ 14-17) vậy khi hết hàng KM shop không có cảnh báo để khách hàng biết ? ghi chú là ktra giỏ hàng trước khi đặt hàng , k kèm cảnh báo thì những khách hàng mới làm sao biết được là hết KM?",1,1,True,0.024544082929283784,0.9754559170707162
1183,"Công dụng:tẩy trang Độ bền màu:ok  Shop giao hàng ok, đóng gói ổn, mua ở shop cũng nhiều lần r nên tin tưởng, hi vọng sẽ có nhiều ưu đãi trong tương lai hơn",0,0,True,0.8553470738004475,0.1446529261995525
1184,"Chất son:. Màu sắc:.  Mình đặt 1 cây son kem và 1 cây son dưỡng, nhận về ko còn nhu cầu sử dụng nữa nên mình bấm trả hàng. Các shop hay thông báo là lúc trả hàng vấn đề gì cũng để lí do ko còn nhu cầu sử dụng để shop khỏi bị điểm xấu đúng ko? Nhưng ko, shop này ko cho trả hàng với lý do phải có hộp carton hoặc bì nhựa như ban đầu, lý do rất vớ vẩn, mình đâu có nghĩ là sẽ mua và trả hàng nên mình k giữ lại hộp như ban đầu, mình gói vào bì nhựa và trả hàng. Shop ko đồng ý và hoàn lại cho mình, chỉ hoàn lại cây son chứ mất luôn cây son dưỡng🙂 nhắn tin xin video gói hàng của shop thì shop nói nhắn với shopee. Lần đầu mua 1 đơn hàng mà cảm thấy khó chịu như vậy luôn. Xin phép thêm vô blacklist.",1,1,True,0.037686676220170856,0.9623133237798291
1185,"Chất lượng sản phẩm:cũng cũng  Lần đầu dùng bản mới, mình thấy k bằng dạng hộp nhỏ nhỏ. Dưỡng ẩm cũng tốt, nói chung dùng dc. À mùi thơm lắm, bôi lên cảm thấymát",0,0,True,0.8857854038919667,0.11421459610803333
1186,Hàng săn sale nên giá tốt lắm ạ. Shop đóng gói kĩ càng chống sốc và vận chuyển nhanh. Loại này mình dùng mấy năm nay rất tốt nhé mn nên mua nhé,0,0,True,0.9660336784904706,0.03396632150952943
1187,Mua hàng chính hãng nhận được đúng chai kem nền k có hộp là sao má ?,1,1,True,0.14550565867832543,0.8544943413216746
1188,"Hương vị:ngon Bao bì/Mẫu mã:date mới  Shop đóng gói hơi ẩu ,chỉ chêm mấy tờ lót chống sốc ,lúc vận chuyển tới nhà mk bị vỡ 2 bịch ko biét có phải shiper cẩu thả hay lúc vận chuyển bị vỡ rồi",1,1,True,0.15804045938242128,0.8419595406175787
1189,tui chưa dùng nên chưa biết sp như nào nm shop đóng gói sieuu chắc chắn luonn tặng kèm 2 mặt nạ nua cơ,0,0,True,0.6859181982809597,0.3140818017190404
1190,"Đội ngũ tư vấn cskh vô cùng tệ, toàn trả lời những câu vớ vẩn, 1 đoạn chat mà 3-4 nhân viên nhảy vào chỉ nhắn xin chào r kêu đợi, đợi mấy ngày luôn vẫn k giải đáp đc thắc mắc của kh về việc kiểm tra hàng chính hãng, cảm thấy nghi ngờ về chất lượng.",1,1,True,0.04204113069765181,0.9579588693023482
1191,"Chất lượng sản phẩm tuyệt vời, đóng gói tốt, giao hàng nhanh.",0,0,True,0.9712975367545369,0.028702463245463064
1192,Độ mềm mại:ổn Hương thơm:nhẹ  Chất lượng sản phẩm ổn. Giao hàng nhanh. Đóng gói cẩn thận chắc chắn.,0,0,True,0.9876994789944502,0.012300521005549795
1193,Đặt sản phẩm mình nhận không được luôn Á chứ queo queo huhu buồn lắm,1,1,True,0.23364810555978754,0.7663518944402125
1194,"Hình ảnh chỉ mang tính chất minh hoạ. Giao hàng nhanh, đủ số lượng",0,0,True,0.9530617598624067,0.04693824013759331
1195,"Date xa, có khuyến mãi đầy đủ, mua sale nên giá rẻ, hàng mall nên yên tâm",0,0,True,0.9144341484262735,0.08556585157372652
1196,Trong quá trình vận chuyển đảo lộn làm muỗng nằm ở đáy,0,1,False,0.1810770904458341,0.8189229095541659
1197,"Trên đơn shop có để kèm quà, khi giao đến thì không có quà, quá tệ",1,1,True,0.01985315726662007,0.9801468427333799
1198,"Thumnail ghi mua được tặng quà mà gửi hàng thì không có, nói chung không hài lòng",1,1,True,0.03427344063170279,0.9657265593682972
1199,"Chất lượng sản phẩm:ok Đúng với mô tả:đúng  Lần đầu mua ở shop. Đóng gói kĩ, sản phẩm chất lượng, dễ dán. Nên mua nha. Mình sẽ quay lại ủng hộ.",0,0,True,0.9738063433681462,0.026193656631853846
1200,"gói hàng quá tệ , không chống sốc quá  sơ xài làm hỏg hàng hết",1,1,True,0.0505139829309883,0.9494860170690117
1201,Quảng cáo mua 1 tặng 1 để cho vui thôi chứ có thấy tặng đâu,1,1,True,0.18140820578605876,0.8185917942139412
1202,Ảnh khong lien quan lắm để nhận du hí hí  San pham dung ok nha moi nguoi mua duoc gia sale nua qua ung,0,0,True,0.8980748491614831,0.10192515083851698
1203,đắp dc 1 ngày lên 1 ề mụn,1,1,True,0.39103108086039184,0.6089689191396082
1204,Sản phẩm chất lượng nha giao hàng nhanh shop chuẩn bị hàng nhanh,0,0,True,0.9781314972174313,0.021868502782568664
1205,"Không biết gen nào làm CSKH mà tệ không tưởng. Mình đã nhắn tin hỏi trước khi mua sàn phẩm có dùng được cho vùng da khác không thì bạn trả lời có ạ, sau đó mình mua và làm theo hướng dẫn thì da sần sùi và ngay lập tức mọc rất nhiều mụn bự đến giờ chưa hết. Mình nhắn tin cho sốp thì lật lọng kêu không được dùng cho vùng da khác?!!!, trong khi sản phẩm cũng không hề ghi chỉ dành riêng cho da mặt. Sử dụng vùng khác còn bị kích ứng vậy đưa lên mặt chắc banh cái mặt. Vậy mà một chị gái kia rất nổi tiếng quảng cáo sản phẩm như đúng rồi nữa đó.",1,1,True,0.09854912852953246,0.9014508714704675
1206,"Cấp ẩm:ok Kết cấu:nhẹ Hương thơm:thơm  Mình dùng thấy okie nha, chống nắng êm, che khuyết điềm, lót nền siêu ok luônnnnn nên thử nha",0,0,True,0.9797609203741349,0.020239079625865082
1207,Chỉ giao 2 hộp kem chống nắng mà ko có quà đi kèm. Trong khi đó sản phẩm có quà đi kèm,1,1,True,0.07772892788916552,0.9222710721108345
1208,Bao bì/Mẫu mã:đẹp Hương vị:tự nhiên  Giao hàng nhanh sữa rất thơm ngon shop  tuyệt vời uy tín,0,0,True,0.9424043534761424,0.05759564652385758
1209,"Đắp oke phết, bằng 1 thế lực nào đấy mà miếng mask vừa khít vs mặt mình luôn :))",0,0,True,0.6853113647779441,0.31468863522205587
1210,"Hàng đẹp, sẽ ủng hộ shop lần sau , sẽ ủng hộ shop lần sau, ship nhiệt tình",0,0,True,0.9558983790989282,0.04410162090107185
1211,"Mình mua hàng của shop 3 lần, hết 2 lần giao hàng móp méo. Mặc dù là Shopee Mall nhưng cách giải quyết cực kì tệ. Mình mua combo 2 lon sữa, shop đóng gói bọc chống sốc rất kĩ nhưng khi mở ra thì có 1 lon bị móp thì liệu là shop cố tình gửi sữa móp cho mình, mình nt báo cho shop thì bắt mình đợi 5 ngày không hề phản hồi không giải quyết và đến khi mình nhắn lại hỏi thì chỉ nói do mình không có video khui hàng nên không giải quyết. Shopee mall nhưng cách làm việc chậm trễ, bỏ sữa móp vào giao cho khách sau đó không bồi thường để khách phải chịu trách nhiệm vì không có video, quá tệ.",1,1,True,0.005926922791843814,0.9940730772081562
1212,"Mình mua đơn hàng rất nhiều sản phẩm. Nhưng khi nhận về brand đóng gói vô cùng sơ sài, ko chống sốc kĩ cho từng sản phẩm trong khi toàn bộ sản phẩm đều là hộp thủy tinh dễ vỡ. Nhận về tay các hộp serum bị rách hộp giấy, cầm lên là tuột luôn chai serum hẳn ra bên ngoài. Ngoài ra, mình ở nội thành HCM nhưng đặt đơn từ t2 đến t6 mới nhận được. Liên hệ shop thì ko nhận đc bất kì sự hỗ trợ nào. Mình rất thích chất lượng của brand nhưng lần này trải nghiệm mua sắm quá tệ so với danh tiếng của brand.",1,1,True,0.06411587631809712,0.9358841236819029
1213,Lợi ích:sach da dau  Shop có lót chống sốc và dán băng dính cho ko bị tràn sản phẩm,0,0,True,0.5065235339720443,0.4934764660279557
1214,"Kinh nghiệm sử dụng:thom ,sach gau Bao bì:cung Làm đẹp:mem toc  Giao hàng nhanh,shipper nhiệt tình Đóng gói cẩn thận Giao hàng hộp hơi móp méo",1,0,False,0.9339858906846319,0.06601410931536815
1215,"Xl vì hình ảnh và video kp của sp, nhưng lần mua thứ 3 này mình bực quá. Sữa chảy thối cả ra từ bao giờ, bục nhề hết vỏ catton. Mình phải kiểm tra từng túi 1 xem bục ở đâu để vất túi đó đi, phát hiện 1 túi bục còn 1 nửa, rửa lại 1 loạt những túi còn lại vì thối hoắc ấy. Hôm sau mình uống thì vớ đc 2 túi sữa uống thì hỏg chua lòm, giờ những túi còn lại ko biết sao nữa, ko dám uống vì ám ảnh túi sữa hỏng đưa lên uống chua thối ra.  1 là do shop đóng góp sơ sài ko đủ chống sóc 2 là sữa đóng bị hở nên chua hỏng từ bao giờ Thất vọng tràn trề, quá tệ",1,1,True,0.03358907233088704,0.966410927669113
1216,Mùi nồng quá. Trời nắng gắt ngửi thêm mùi này khó chịu,1,1,True,0.4599491299881706,0.5400508700118294
1217,"Đợt này hàng cũ lại còn bị móp méo, nhờ shop kiểm tra lại ,đóng hàng cẩn thận hơn trước khi gửi đi ạ",1,1,True,0.08463025576297023,0.9153697442370298
1218,"Giao hàng nhanh, săn sale giá 175k rẻ nè. Giặt đồ cho con thơm nhẹ, nhanh sạch",0,0,True,0.9879050553121274,0.01209494468787268
1219,"Thấm hút tốt, mềm mịn, mỏng nhẹ, k bị hăm, thoáng mông, bỉm đêm chống tràn tốt Sữ xịnh",0,0,True,0.9253718714839645,0.07462812851603547
1220,Không có khuyến mãi đi kèm. Pr ảo,1,1,True,0.12434734165688954,0.8756526583431105
1221,"Kinh nghiệm sử dụng:mong là nó bền lần đầu xài của hãng này Bao bì:màu sắc đẹp như hình  Shop đóng gói cẩn thận , màu sắc đẹp tuyệt vời",0,0,True,0.8565902083693074,0.1434097916306926
1222,"Mình mua để chuẩn bị đi sinh nên chưa biết chất lượng thật sự ntn, hi vọng bé hợp tác",0,0,True,0.6879356463452313,0.31206435365476864
1223,"Dành cho da:sáng da Công dụng:trị thâm quầng mắt Mùi hương:thơm mùi cam  Chờ giao hàng mãi.hihi. Shipped thân thiện. Sp đóng gói cẩn thận, còn thêm quà tặng. Mùi thơm dễ chịu. Sẽ thử ạ.",0,0,True,0.989872508331057,0.010127491668942995
1224,Sữa chính hãng giao hàng nhanh mà giá rẻ hơn ở con cưng nhiều lắm nên mua ở đay nha mọi người hàng chất lượng lắm nha,0,0,True,0.9558470597665755,0.04415294023342449
1225,hộp rách toe toét. mở ra bên trong như bị xới tung lên. máy và phụ kiện sứt sát bụi bặm như dùng rồi,1,1,True,0.0905217609509088,0.9094782390490912
1226,Mua trikenol plus quét mã ra muối tắm ????,1,1,True,0.24066972502682105,0.759330274973179
1227,"Mình đặt 2 thùng được vận chuyển bằng xe oto, tuy nhiên 2 thùng được đặt trong một thùng carton không có loại nilong hình trụ chống va đập như mọi khi thì cũng như không bảo vệ. Kết quả là một thùng sữa có 2 túi bị vỡ và chảy hết ra ngoài.",1,1,True,0.025800919045178672,0.9741990809548213
1228,"Chất lượng sản phẩm:ổn  đúng mô tả, âm thanh nghe ổn, tai nghe khá nhạy, các chức năng cảm ứng đều ổn, nhưng tai nghe khá to, ai tai nhỏ thì nên cân nhắc vì rất dễ tuột rớt. sau khoảng gần 1 tháng thì nó đã bị hư một bên, rất bức xúc",1,0,False,0.5596795837809072,0.44032041621909285
1229,Luôn tin tưởng hết mk vào shop này. Từ lúc bé 6thg đổi sang sữa này trv lắm các mom ạ. Kp cứ sữa đắt tiền là tốt đâu. Qtrong hợp với bé nhà mk,0,1,False,0.41856809058063515,0.5814319094193648
1230,"Mẫu mã đẹp giao đúng hàng, giao hàng nhanh rất đánh mua. Sản phẩm ok, lần sau sẽ úng hộ típ. Đánh lên rất tệp da",0,0,True,0.9608799384028708,0.03912006159712918
1231,"Sản phẩm này mình đánh giá không cao, mình da dầu. Nhược điểm: Sau hai tuần sử dụng da mình thêm mụn ẩn, da vẫn bị châm chích và hơi rát khi dùng, tác dụng trắng không rõ rệt Ưu điểm: Thiết kế đẹp, sang, dùng lên da vẫn còn độ ẩm nhất định Tựu chung: 5/10, nhãn hàng quảng cáo hơi quá",1,0,False,0.5698815040112257,0.4301184959887743
1232,"Kinh nghiệm sử dụng:chưa Bao bì:Bình thường  quà tặng của shop dường như hết hạn dán bao bì mã qr mới , mình k quan trọng quà tặng nếu shop tặng dây thun mik cũng cảm ơn .sp tặng như k thể sd đc mùi hăng như rượu!!",1,1,True,0.0747017852182571,0.9252982147817429
1233,"Mẹo:kbt Kinh nghiệm sử dụng:kbt Làm đẹp:cho da bth  Nước tẩy trang dịu nhẹ , k bị kích ứng da , làm sạch sâu . Ncl nên mua nha",0,0,True,0.924702201788812,0.07529779821118793
1234,Chất lượng sản phẩm:bt Độ tuổi sử dụng:trẻ nhỏ Bao bì/Mẫu mã:xấu móp  Mình rất k hài lòng về cách đóng gói hộp sữa của shop. Bao bi thì móp méo. Ở cuối hộp sữa còn bung đáy vậy mình rất nghi ngờ về chất lượng sữa có bị tráo đổi hàng khác vào hay k nữa. Là sp dành cho trẻ em shop nên xem lại cách đóng gói cũng như bao bì để ng mua có thể yên tâm về chất lượng,1,1,True,0.16411261709182823,0.8358873829081718
1235,"Mùi hương:rất KHẮM  Lần đầu tiên phải đánh giá 1 sao.  Mua combo 2 chai: trắng và vàng. Chai vàng chưa dùng, chai trắng ( hình) mùi hương rất KHẮM. Các bà mẹ ông bố sẽ biết cái mùi khắm từ nước bọt của con mình trên cái gối ghiền của con nhỏ như thế nào thì cái mùi của chai trắng này y chang. Đặc biệt là khi cho sữa tắm lên khăn bông, rất khắm nhá; cho sữa tắm lên bông tắm thì đỡ hơn nhưng mùi hăng.  Phòng R&D coi lại cái mùi này trên body nó như thế nào chứ đừng tạo ra rồi hửi hửi sương sương thấy cũng được là được.",1,1,True,0.3408450497555646,0.6591549502444354
1236,Hương thơm:thơm Kinh nghiệm sử dụng:1 tháng Lợi ích:đẹp da  Mua để trải nghiệm. Nghe mọi ng review khá ổn.giao hàng nhanh đóng gói cẩn thận. Lần sau sẽ mua ủng hộ shop. Hi vọng shop phát huy thêm,0,0,True,0.9850794226617977,0.014920577338202255
1237,"Mùi hương:Dễ chịu Tính năng:Tốt  Sản phẩm đúng như mô tả, giao hàng nhanh, sẽ ủng họi shop lần sau!",0,0,True,0.9723223849392747,0.027677615060725354
1238,"Mùi hương:thơm Dành cho tóc:bạc Công dụng:phủ bạc, màu.  Dùng rất thích.",0,0,True,0.9651509154469055,0.0348490845530945
1239,"Shop giao hàng nhanh đóng gói cẩn thận nma hơi thất vọng với mùi này. Thích mùi matcha nma chai này thật sự mình k ngưit ra đc mùi matcha, thêm nuẫ là mùi cồn thực sự quá nặng. Nó có mùi giống mấy chai nc hoa mấy năm trc ý, k như mong đợi Mong shop nên cải thiện lại",1,1,True,0.49889519332996124,0.5011048066700388
1240,"Dùng hơn 1 tuần mới vào Shop đánh giá. Thật sự lúc đầu mình cũng nghĩ không nghĩ kem chấm mụn lại hiệu quả đến vậy. Hiệu quả nhanh, với những nốt mụn mới nổi chỉ bôi vài lần là xẹp. Kem không bết rít, nhanh khô. Nói chung rất hài lòng và sẽ mua tiếp",0,1,False,0.36957756406686815,0.6304224359331319
1241,Hàng bị móp nhiều rách các góc của hộp nhưng may chưa đổ sữa. Giao hàng chắc hơi mạnh tay,0,1,False,0.18156840231568627,0.8184315976843137
1242,hàng ok nhưng đặt 1 đen 1 xám gửi 2 cái đen khá là bức xúc,1,1,True,0.31784282360848226,0.6821571763915177
1243,"sản phẩm vỡ khi nói chuyện với nhân viên thì nhận được phản hồi nửa chừng, thật sự không hài lòng với thái độ đấy",1,1,True,0.11630831169732181,0.8836916883026782
1244,Hương vị:?? Bao bì/Mẫu mã:?? méo mó  đóng gói vận chuyển kiểu gì đây ? làm ăn quá chán nhé,1,1,True,0.18487639373887077,0.8151236062611292
1245,Công dụng:duowxn da Dành cho da:dầu Mùi hương:ok  Đã nhận hộ hàng và chưa cảm nhận. Muốn đánh giá nhưng chưa dùng thử ok ok ok,0,0,True,0.9482817763571758,0.051718223642824204
1246,"Đặt 1 thùng không đường, lại đi giao có đường. Chán",1,1,True,0.18901334356591748,0.8109866564340825
1247,"Lợi ích:ok Mẹo:ok Bao bì:ok  Hình ảnh chỉ mang tính chất minh họa, sản phẩm tốt. ín ó",0,0,True,0.9420687512046994,0.057931248795300615
1248,đã mua lần 2 đầy đủ dụng cụ lên màu khá dống hình khoảng 80% có găng tay có dầu gội xã tóc sau khi nhuộm giá cả hợp lý nên mua nha cả nhà,0,0,True,0.910456227123922,0.08954377287607793
1249,"Công dụng:dưỡng ẩm Dành cho da:da khô Mùi hương:thơm  Đóng gói cẩn thận, thân thiện môi trường, đã dùng hết 1 hộp, oke",0,0,True,0.9737306501627155,0.026269349837284475
1250,"Kinh nghiệm sử dụng:Gàu nát da đầu  Sau khi sử dụng thì gội cái đầu GÀU ko.  Hàng ko phải của Clear, ko hề mát lạnh.  Ko nên mua. Trải nghiệm thực tế và quăng thùng rác. Mua mất tiền mà KO PHẢI DẦU GỘI TRỊ GÀU, đổ dầu khác vào chai Clear.",1,1,True,0.06808354995019683,0.9319164500498032
1251,"Chất liệu:tốt Màu sắc:đúng Đúng với mô tả:tốt  Sản phẩm chất lượng ổn so với giá thành, ship nhanh và shiper thân thiện. Các bạn nên mua, hình ảnh và video mang tc nhận xu",0,0,True,0.9799256623681011,0.020074337631898958
1252,"Máy sấy êm, màu xinh, tốc độ sấy thì nhanh khỏi phải bàn rồi, có nhiều chế độ để sấy",0,0,True,0.7903069750695875,0.20969302493041256
1253,"Mới vừa nhận hàng khui xem sợ gãy vòi, shop đóng gói cẩn thận, săn sale siu hời 300k tậu 4 món",0,0,True,0.6586992543530912,0.3413007456469089
1254,"Bao mỏng, co giãn tốt không dễ rách, mua của shop nhìu rồi Rẻ, mỏng, dùng siêu thích luôn ạ CSKH cũng tốt nữa Rẻ, uy tín chất lượng cao ạ",0,0,True,0.8920824971081978,0.10791750289180223
1255,Mình chưa xài sp nhưng quà tặng bị hư và bẩn nên bực mình. Cho 1 sao để shop chú ý quà tặng cũng phải chỉnh chu,1,1,True,0.13566425611901656,0.8643357438809834
1256,Săn sale 11.11 nhận hàng ko thấy quà tặng đi kèm,1,1,True,0.10100944289477187,0.8989905571052281
1257,Công dụng:tốt  Shop siêu tâm lý khi che tên sản phẩm giao hàng siêu nhanh chóng chất lượng tốt mà giá thành lại rẻ còn có thư tay và có quà tặng kèm nữa quá tâm lý rồi sẽ ủng hộ shop nhiều lần nữa,0,0,True,0.9428300139704555,0.0571699860295445
1258,Công dụng:Mọi người đừng mua Phù hợp với loại da:Mọi người đừng mua Mùi hương:Mọi người đừng mua  Lần 1 mình đánh giá 3* vì sản phẩm cũ và trầy xước .shop đã sửa lại đánh giá của mình. Khi tối mình dùng lọ hồng thấy mùi ko  thơm như lọ cũ và mùi cx  khác luôn. Mình vào định đánh giá thêm và phát hiện shop sửa lại đánh giá của mình thành 5* . Hahhaha buồn cười. Mong Mn thấy được đánh giá trân thật của mình. Mình đã chụp hình lại lần đánh giá bày nếu shop còn sửa mình xẽ bóc phốt shop hết sức . Hi    vọng    shop   làm    ăn    Có   Tâmm.....,1,1,True,0.3707069640374331,0.6292930359625669
1259,Hương vị:ngon Bao bì/Mẫu mã:ok  Hình ảnh chỉ mang tính chất nhận xu giao hàng nhanh nah dnxjhz,0,0,True,0.9783406525166063,0.021659347483393654
1260,"Đóng gói sơ sài ,,k cẩn thận thỉ mỉ gì cả ,,k hài lòng",1,1,True,0.18662039283746845,0.8133796071625315
1261,"Bao bì:Vòi thiết kế khi sử dụng nhìn k được vệ sinh  Không tem nêm phong nắp trong lẫn vòi chai,trong khi người tiêu dùng khó có thể phần biệt được sản phẩm đã mở ra hay như thế nào,trong quá trình vận chuyển thì tinh chất lại chảy ra ngay vòi",1,1,True,0.08294639523115044,0.9170536047688496
1262,"Giao hàng siu nhanh. Máy cầm chắc tay, dc tặng kèm giá đỡ nhưng dán ko chắc lắm. Có 3 chế độ gió + 3 mức nhiệt. Gió siu mạnh nha như clip mình quay thổi bay luôn hai cái chai trên kệ lun. Còn nhiệt độ có cả nóng và lạnh nhưng sấy lạnh mình thấy lâu khô hơn.  Tóc mình khá dày nên sấy 5p vẫn chưa khô hoàn toàn, nên ai tóc ngắn mỏng sẽ nhanh khô hơn á. Mình mua sale 8/8 áp mã còn 301k nói chung thấy chất lượng cũng ok 👌",0,0,True,0.8486722035695493,0.15132779643045063
1263,Mua lần thứ n tại shop. Hình ảnh chỉ mang tính chất nhận xuuuuuu,0,0,True,0.8394673836105383,0.16053261638946173
1264,"Dành cho da:mọi loại da Công dụng:chống nắng  Chống nắng tốt, không bị nặng mặt, bôi lên da thấm nhanh, k bị trôi bởi nước không bị cay mắt, date tới 2027",0,0,True,0.8641693198204975,0.13583068017950248
1265,"Đối tượng sử dụng:mọi người Mùi hương:ngày hè Chất lượng sản phẩm:tốt  Đóng gói hàng cẩn thận,mùi thơm kiểu tươi mát nha, xịt trên da để tầm 1 chút ngửi lại thơm lắm á",0,0,True,0.9582775816603524,0.04172241833964759
1266,"giao hàng nhanh, nhân viên ship thân thiện, hộp đựng to , khá thơm, dùng mềm mượt",0,0,True,0.9573758242844209,0.04262417571557908
1267,Kinh nghiệm sử dụng:sd dc 1 tuan ma rung toc kinh khung khiep Lợi ích:lam rung toc rat rat nhieu  Hên cho shop là t k hoàn hàng được nữa chứ t gội xong rụng k còn gì mà tới tết cmnr :),1,1,True,0.16700191041076484,0.8329980895892352
1268,"Hương vị:ít đường Bao bì/Mẫu mã:đúng  Đã nhận được hàng, shop đóng gói cẩn thận, giao đúng mẫu đặt. Hình ảnh chỉ mang tính chất nhận xu",0,0,True,0.8885773047300869,0.11142269526991314
1269,"Độ tuổi sử dụng:u30 Chất lượng sản phẩm:chưa biết  Mình dùng dưỡng ẩm hay bị kích ứng nên dùng thử của em bé xem ntn, chưa dùng nên chưa biết chất lượng. Lọ 200ml bé xíu đáng yêu, giá cũng rẻ có mấy chục. Nếu dùng tốt sẽ mua lại. Giao hàng nhanh.",0,0,True,0.9732531249458423,0.02674687505415773
1270,"Đúng với mô tả:ok Chất liệu:ok Màu sắc:ok  Chất khá ổn, tuy nhiên kích thước mn nên đặt rộng ra chút vì form khá nhỏ",0,0,True,0.9309853205828806,0.06901467941711932
1271,"Nếu bạn nào rơi vào hoàn cảnh như mình sẽ hiểu. Đặt sữa cho con vì k có thời gian, xong đến lúc con hết sữa thì lại giao sữa người cao tuổi. Bây giờ hoàn hàng sẽ ngồi lại đóng gói quay video rồi chờ người đến lấy rồi chờ shoppe giải quyết rồi mới trả tiền. Nên tốt nhất các bạn đừng nên mua shop này. Chẳng may các bạn cũng xui và cũng mang tâm trạng khó chịu như mình.",1,1,True,0.17601572456171743,0.8239842754382826
1272,"Bao bì/Mẫu mã:mới Độ tuổi sử dụng:1-6y Chất lượng sản phẩm:ok  Shop ghi có quà tặng kèm nhưng khi giao ko có , có trao đổi thì đổ lỗi ng mua quên ko cho quà vào giỏ , nhưng mình mua của shop 5 năm nay rồi có phải ko biết đâu , khi mua của enfa thì ko cần cho quà vào giỏ vì nó là tự động . Đã mua đắt hơn mọi lần để lấy quà cho con rồi mà , tệ hết sức",1,1,True,0.06387759907727264,0.9361224009227274
1273,"sữa dưỡng mùi thơm, bôi lên da ko bị nhớp dính, dùng cho cả bé và mẹ nhé,",0,0,True,0.8148667505185847,0.1851332494814153
1274,"Hộp đã móp méo, sữa có dấu hiệu ẩm vào vẫn gửi khách",1,1,True,0.11415174859792632,0.8858482514020737
1275,"Phù hợp với loại da:phù hợp với mọi loại da Mùi hương:mùi thơm nhẹ Công dụng:dưỡng sáng, dịu da  Làm mát da",0,0,True,0.9764847448894081,0.023515255110591993
1276,"Đóng gói quá chán, móp hết hộp",1,1,True,0.10644027273317158,0.8935597272668284
1277,Lợi ích:dau goi Mẹo:m Bao bì:mua thì 840g nhưng shop giao 600g. Mjk lười trả lại shop nên cũng đành để nhận. Không ưng tý nào cả.,1,1,True,0.18837683699504393,0.8116231630049561
1278,Bao bì/Mẫu mã:bao bì. mẫu. ma.  dep.  dong.   gói.   chac.   chan. Hương vị:thom ngon. gion. béo,0,0,True,0.8457643406880107,0.15423565931198938
1279,"Máy xài khá tốt so với giá tiền. Máy mạnh không quá nóng sấy tóc chưa tới vài phút là khô rồi. Đóng gói kỹ càng, giao hàng nhanh.",0,0,True,0.8309879272945375,0.16901207270546248
1280,Đặt từ 21/12 âm lịch mà 9/1 mới giao. Ko có hộp,1,1,True,0.11569754909926622,0.8843024509007338
1281,sản phẩm có mùi thơm nhẹ nhàng trên da màu sắc bắt mắt sử dụng để peel,0,0,True,0.9258391544748317,0.07416084552516834
1282,"Công dụng:Tay trang Độ bền màu:ko  Nước tẩy trang dễ dùng cho mọi loại da, giá bình dân, mình hay dùng hằng ngày rất tiện. Ko makeup gì thì cũng phải dùng nước tẩy trang này để yên tâm da mặt sạch.",0,0,True,0.7650096796221613,0.23499032037783874
1283,"Bao bì:đóng gói thấy gớm  Giá hợp lý,,, nhưng mình mua để tặng bạn gái mà cá hợp tơi tả,,, khui ra hết hồn,,, cứ nghĩ đồ củ sài ròi ko á",1,1,True,0.09848708101430848,0.9015129189856915
1284,Trên phân loại có quà nhưng khi nhận lại k có,1,1,True,0.04339994214878795,0.956600057851212
1285,dù mình là đứa dễ mồm rồi mà cái sữa này vị socola nhưng mặn mặn chua chua rất khó uống,1,1,True,0.18012256321581332,0.8198774367841867
1286,Kinh nghiệm sử dụng:thường xuyên Bao bì:đẹp Lợi ích:ok  Dầu gội thảo dược mình đã sử dụng đến chai thứ 3 chất lượng tốt thơm dịu nhẹ,0,0,True,0.9438673429385139,0.05613265706148608
1287,Đã sử dụng nên giờ mới đánh giá.  Mình thực sự nghi ngờ khi mua đồ gia dụng hay mỹ phẩm trên shopee mặc dù mua từ mall nhưng hàng sử dụng thấy chất lượng k giống như mua ngoài cửa hàng. Tóc rụng khủng khiếp nên phải dừng sử dụng ngay. Trong khi cùng hãng mua ngoài siêu thị thì hoàn toàn không bị. Chừa,1,1,True,0.3608144564219531,0.6391855435780469
1288,Công dụng:dưỡng tóc Mùi hương:thơm  Bao bì đẹp thơm nha không bếch như lời đồn dưỡng tóc ok mua được tặng chai nhỏ nên mua nha mọi người,0,0,True,0.9536180497183788,0.04638195028162115
1289,"Hương thơm:chưa dùng Mẹo:không có Bao bì:bình thường  Thấy bảo mua 1 tặng 1 mà khui ra không thấy quà tặng, nhắn tin với người bán không thấy phản hồi, cho shop 1 sao thôi vì cái thái độ phục vụ không được",1,1,True,0.026685402964729543,0.9733145970352705
1290,Mùi hương:thơm  Mua deal tặng gửi hang k tặng quà,1,1,True,0.15892122775897566,0.8410787722410243
1291,"Mình săn được giá rẻ, nên mình  mua thui. Mà shipper k thân thiện tẹo nào cả",0,0,True,0.7908297736717852,0.20917022632821478
1292,"Gói hàng cẩn thận, giao hàng nhanh, máy hoạt động tốt, không rõ có bền không",0,0,True,0.7386261613918352,0.2613738386081647
1293,Chất lượng kém.  Nhận hàng ngày 02/12 dùng xịt đúng 1 lần. Hôm nay ngày 11/12 mở ra để xịt lần thứ 2 thì hết sạch. Xịt ko ra 1 tí gì.,1,1,True,0.13220496729516718,0.8677950327048328
1294,Bao bì/Mẫu mã:xấu rách  Giao hàng lâu đã vậy hàng còn bị móp méo. Nhìn khá là cũ ko như hộp nhà còn. Khui ra mình cứ nghĩ mình đã mua nhầm hàng giả luôn ấy,1,1,True,0.09862341965055121,0.9013765803494488
1295,"Cấp ẩm:cap am tot Kết cấu:min Hương thơm:huong kem  nen mua nha moi nguoi, ne thu va trai nghiệm sản phẩm này , tui đã mua lại 3-4 lần rồi",0,0,True,0.9107138141886478,0.08928618581135218
1296,Độ tuổi sử dụng:sua  Kêu tặng quà r quà tặng đâu v ??? Để chỗ nào mà có mỗi hộp sữa là sao . Không có thì đừng để lên chứ để chi v shop ?,1,1,True,0.05885611957268566,0.9411438804273143
1297,Mẹo:máy yếu gió yếu không sử dụng cho tiệm cắt tóc dc,1,1,True,0.3999194536624411,0.6000805463375589
1298,"Độ tuổi sử dụng:duong am Chất lượng sản phẩm:oke  thơm lắm nha, thấy review nên mua về dưỡng ẩm thử xem.",0,0,True,0.9724236459636931,0.027576354036306875
1299,Sp có quà tặng kèm mà shop k gửi 😡,1,1,True,0.018988731919507784,0.9810112680804922
1300,"Chăm sóc khách hàng tệ hại nhất nhì trong các hãng sữa mình từng mua qua. Tư vấn vòng vèo, lươn lẹo.",1,1,True,0.10244515366263607,0.8975548463373639
1301,"Shop giao hàng nhanh, đóng gói cẩn thận, giá cả hợp lý, dùng rất ok, đáng mua nha",0,0,True,0.985127019031277,0.014872980968723002
1302,chất lượng sản phẩm tuyệt vời đóng gói sản phẩm chắc chắn sản phẩm rất đẹp chất mịn,0,0,True,0.9306202820582983,0.06937971794170172
1303,Chất lượng sản phẩm:ok Bao bì/Mẫu mã:đẹp Độ tuổi sử dụng:2-6 tuổi  Ok lắm nha. Cảm ơn shop nhiều nha,0,0,True,0.9805562943297494,0.019443705670250548
1304,"Ok lắm nhaaaa tui sử dụng thì ổn đấy, tạo bọt nhiều. Nói chung giá tui săn ổn áp, sạch nữa.",0,0,True,0.8869235060616983,0.1130764939383017
1305,"Mới test thử thấy ok lắm, âm thanh êm, to rõ, còn lâu dài như nào thì chưa biết nhưng trc mắt thấy là rẻ ngon vô cùng",0,0,True,0.6782901409506628,0.3217098590493372
1306,"Chất lượng sản phẩm:ko ổn  Hình ảnh mang tính chất minh hoạ để nhận xu, uống 3 lần đều bị đi phân lỏng, sữa pha ra ko tan có các hạt trắng li ti",1,1,True,0.4496047836685937,0.5503952163314063
1307,"Khong có sơ rum, chán. Qua tic tóc mua cho khoẻ",1,1,True,0.26777546796901874,0.7322245320309813
1308,Chất liệu:ddusng Đúng với mô tả:giao nhanh Màu sắc:vải  Nên mua nhé mọi người mình k có mẫu chụp r rẻ đẹp hhehe,0,0,True,0.941312297410181,0.05868770258981901
1309,"nhận hàng rất thất vọng, mình mua trên live của chị Lucie nhưng không ngờ hàng nhận về lại ntn. Đồ mình như hàng tồn kho vậy, không hộp, không bao bì, đã thế còn mốc, bẩn, vỏ bị bẩn không rửa trôi được. Cực kì buồn khi mình đã nt cho shop nhưng shop ko có phản hồi hồi nào cho việc này, mình chỉ nhận được các tn tự động của hệ thống",1,1,True,0.017327918994538782,0.9826720810054612
1310,"không nhận dc sản phẩm tặng, sản phẩm thì bị bể, khiếu nại thì ráng kéo dài thời gian, lần đầu cũng như lần cuối mua shop này",1,1,True,0.10808112022421101,0.891918879775789
1311,"Nhắn hủy nhưng shop k cho hủy, shiper thì tự giao k gọi trước, cuối cùng vẫn phải nhận hàng",1,1,True,0.03001980493692702,0.969980195063073
1312,"Shop đóng gói rất sơ xài, ko bọc chống sốc gì luôn, mở hộp ra thì nắp lọ kem ủ đã bị mở, ko có seal gì luôn? Hên là ko bị đổ. Chứ shop đóng gói rất sơ xài, chắc ko dám mua lần sau",1,1,True,0.10244124965157386,0.8975587503484261
1313,Bao bì/Mẫu mã:ko móp mếu Hương vị:ko ngon lắm  Shop giao hàng nhanh. Đóng gói cẩn thận. Con mình thích uống sữa tươi ít đường dạng hộp. Mình tưởng loại này cũng giống như dạng hộp nên mình mua. Ko ngờ mùi vị tệ. Ít đường nhưng quá ngọt. Sữa ko béo như sữa tươi,1,0,False,0.5652289904094043,0.4347710095905957
1314,hàng đẹp thời gian giao hàng nhanh chóng sẽ tiếp tục ủng hộ vào lần tới nhé,0,0,True,0.9793481497969064,0.02065185020309358
1315,"Siêu chuẩn vị, shop timh tế, mãi yêu shop, sẽ mua lại tỉ tủ lần. Shop chân ái của tuii",0,0,True,0.5420121943861316,0.4579878056138685
1316,Đã nhận đc hàng. Shiper ok. Chất lượng thì phải đợi dùng mới biết đc. Hy vọng ổn.,0,0,True,0.7617299224399984,0.2382700775600016
1317,"k tặng nước tt, tn k phản hồi",1,1,True,0.0801080945612197,0.9198919054387803
1318,"Giao hàng nhanh nhưng nhận dk hàng bị vỡ 1 bịch, ngấm ướt tùm lum, hôi mù luôn",1,1,True,0.21907875366794805,0.780921246332052
1319,"Màu sắc:mau son lên tự nhiên Kết cấu:son min dễ phối đồ Hiệu ứng làm đẹp:hieu ứng căng mọng, màu D06  Dễ trôi",0,0,True,0.8132267167805725,0.1867732832194275
1320,Sp tốt date mới giao hàng nhanh nhân viên tv nhiệt tình sẽ ủng hộ tiếp khi có nhu cầu!,0,0,True,0.9427689821947264,0.05723101780527365
1321,"Kinh nghiệm sử dụng:ok Làm đẹp:ok Lợi ích:ok  Hàng đóng gói rất đẹp. Quả nhiên người bán đã gửi gắm rất nhiều tâm tư và tình cảm trong lúc gói hàng. Hộp không có dấu hiệu bị móp, chứng tỏ bộ phận vận chuyển đã nâng như nâng trứng, hứng như hứng hoa. Xin nghiêng mình cảm ơn vì tất cả.",0,0,True,0.6458138952538108,0.3541861047461892
1322,"Dầu gội siêu thơm, lưu hương lâu. Về giảm gãy rụng thì mình sử dụng chưa đánh giá được. Quá trình vận chuyển có bị đổ ra chút",0,1,False,0.38659020589797655,0.6134097941020235
1323,Mn mua bấm vào chọn cẩn thận mua tặng kèm nhưng K có đâu,1,1,True,0.1957738795895687,0.8042261204104313
1324,Dưỡng ẩm:okk Căng bóng:10/10 Xịt khoáng:tia mịn  mình rất là thích nha  tuy nhiên bn nào da tối màu da oliu chắc chắn là k sáng màu hay làm đều nha tuy nhiêm cấp ẩm rất ok nên mua vì độ tiện lợi,0,0,True,0.9464695095313662,0.05353049046863377
1325,"Hộp phấn không có miếng seal nên phấn đổ ra đầy hộp, nói 8g chứ đổ ra chắc hết phân nửa hộp. Đóng gói xấu tệ. Không mua lại.",1,1,True,0.05526747235436191,0.9447325276456381
1326,Hương vị:bình thường Bao bì/Mẫu mã:ônr  Ngày sản xuất tận 29/4 đến nay 11/11gần hết hạn vẫn giao cho khách .ăn liệu đảm bảo sk k ạ,1,1,True,0.08960154128318931,0.9103984587168107
1327,"miếng mút mềm lắm, dùng thích, mua được qua kol cũng rẻ nữa, nên dùng nhé ạ",0,0,True,0.9241881052962447,0.07581189470375524
1328,"Hàng được bọc không cẩn thận, gói sữa bị xì bên trong, ướt hết từ thùng đến gói sữa",1,1,True,0.07425513132223227,0.9257448686777677
1329,Hương thơm:tot Lợi ích:tot Bao bì:tot  Ncl oke la cảm ơn spp nh nhe Cảm lưn sop  Oke nha tot Giao hna nhanh  Ca mơn jfjf,0,0,True,0.9800842306664359,0.01991576933356414
1330,Hộp sữa như này mà gửi cho mình. Không hài lòng chút nào,1,1,True,0.08519801974968833,0.9148019802503117
1331,Mua 11/11 giá bằng ngày thường mà gửi thiếu quà,1,1,True,0.15162951606555586,0.8483704839344441
1332,Hương thơm:mua 1 tặng 1 mà sao có 1 chai gội đầu vậy,1,1,True,0.18841764335101552,0.8115823566489845
1333,"Cover chất liệu cứng, tháo ra vệ sinh rất khó, trầy đt và nứt luôn cover",1,1,True,0.24152208041553047,0.7584779195844695
1334,"Giao hàng nhanh, shipper thân thiện, ưng ý lắm nha, có dịp sẽ ủng hộ thêm",0,0,True,0.9871963604087644,0.01280363959123566
1335,"Dùng thích mùi thơm mua lại nhiều lần. Rồi sẽ ủng hộ thêm nhiều lần, khôgng thấy quà tặng",1,0,False,0.9583332050111659,0.04166679498883408
1336,Sữa bị bục mất 4 bịch,1,1,True,0.1434809717805915,0.8565190282194085
1337,"Đóng gói kĩ càng, chắc chắn. Mình dùng thấy da cũng gọi là trộm vía, săn sale nên được giá hời. Nên mua nha mọi người",0,0,True,0.958241746054252,0.04175825394574792
1338,"Sữa ngon thơm béo, con trai mình rất là thích luôn, ngày nào cũng uống mấy bịch",0,0,True,0.7609204576101782,0.23907954238982182
1339,Shop nhiệt tình nhắn tin nhanh Gửi hàng cho mình cực sớm luôn Lần sau mình ghé lại,0,1,False,0.4901443019966939,0.5098556980033061
1340,"Mua lần 2 đóng gói ko cẩn thận, họp móp méo",1,1,True,0.16958886452720712,0.8304111354727929
1341,phấn đổ hết ra ngoài luôn  nhinf phát chán :)))))) không biết nói gì luôn,1,1,True,0.12810988528269796,0.871890114717302
1342,Giao hàng nhanh siêu tốc luôn,0,0,True,0.9878103877100132,0.012189612289986823
1343,"video và ảnh k lquan, tại mình ngại chụp. sp ok nha. mọi ng nên mua nhá. rất tốt.",0,0,True,0.9320454830199418,0.06795451698005811
1344,"Kinh nghiệm sử dụng:kh bt Mẹo:kh bt Bao bì:kh bt  Sản phẩm tốt, giao hàng nhanh, hình ảnh và video mang tính nhận xu",0,0,True,0.7563932867455138,0.24360671325448624
1345,"hãng lớn mà đóng gói sơ sài không chịu được,nhận gói hàng không vui nổi luôn :)))",1,1,True,0.03439978859519166,0.9656002114048083
1346,"Bao bì cũ kỹ, nhàu nát, các góc cạnh móp méo, chưa kê đáy hộp có dấu hiệu dán băng keo. Bao bì mất seal. Mình đã mua của shop trên dưới 10 lần, sau lần này có lẽ sẽ không tiếp tục ủng hộ.  - Sản phẩm là sữa bột dành cho bé nhỏ nhưng kiểm soát chất lượng như thế này là không thể chấp nhận",1,1,True,0.1769116091445867,0.8230883908554133
1347,Khui ra như bị dùng rồi ý nhể,1,1,True,0.21103457213974297,0.788965427860257
1348,"Công dụng:serum Dành cho da:moi loai da Mùi hương:khong mui  đã dùng nhiều lần. đợt này thấy quảng cáo loại 8% mua, shop lại gửi 1%, quên ko quay khi mở. đánh giá 1 sao",1,0,False,0.6242568945721783,0.3757431054278217
1349,"Đóng gói hàng chắc chắn ko bị móp méo , giao hàng nhanh",0,0,True,0.6545378042710582,0.34546219572894177
1350,"Chất liệu:êm ái Màu sắc:ôk Kích cỡ:vừa  Sản phẩm ok, chăm sóc khách hàng tốt   郭光明郭光明郭光明郭光明郭光明郭光明郭光明郭光明郭光明郭光明郭光明",0,0,True,0.6895055099216443,0.3104944900783557
1351,Xịt lên vẫn bết k như quảng cáo,1,1,True,0.06076213796760721,0.9392378620323928
1352,"Kiểm soát dầu:tóc bết dã man bết Làm sạch:công ty coi lại công thức với ạ, sp mới mà xài chán ơi là chán, tóc mau bết, mau ngứa, mua xong xài vài lần phần còn lại để đó ngó",1,1,True,0.36604991463095826,0.6339500853690417
1353,Bao bì:1thùng bị thiếu 1 vỉ . thùng tự dính lại băng dính ko nguyên vẹn,1,1,True,0.09442307547535855,0.9055769245246414
1354,"Mua rất nhiều sản phẩm của shop rùi nhưng lần này thất vọng thật sự, đơn hàng 3 món thì ok nhé mn, nhưng dc tặng 1 chai dầu gội nhỏ thì khi mình nhận đã bị chảy và ướt hết cả ra thùng carton,nhưng nt cho shop nói giải quyết nhưng 3 tuần ko có hồi âm,nên thui vậy.",1,1,True,0.04836164932578235,0.9516383506742176
1355,Có hàng tặng quá trời mua cũng chưa dùng hàng tặng mới dùng kem này rất ok ổn áp,0,0,True,0.5757095002855744,0.42429049971442556
1356,"Độ tuổi sử dụng:17  Kem rất thơm, thấm vào da rất nhanh , sẽ mua lại vào lần sau  Kem chống nẻ",0,0,True,0.9132459363363129,0.08675406366368713
1357,"Độ bền:hanfg như fake ko dán đc Chống bụi:chưa dán vào đã dính hẳn vào khung ko dán được vào đt Khả năng dán:ko dans được đưngf mua  Shop bán hàng vừa mắc vừa dỏm ko dùng dc, ko hỗ trợ KH",1,1,True,0.08065047831094985,0.9193495216890502
1358,Nhận hàng sữa bị thủng chảy ra thùng,1,1,True,0.056448627453160816,0.9435513725468392
1359,"Làm đẹp:cham soc toc Hương thơm:thom Kinh nghiệm sử dụng:xài hai tuan roi, kieu thom nhe nhang, lam toc mem oke a nen xai",0,0,True,0.9513710562264206,0.048628943773579354
1360,"Chất lượng sản phẩm:Kem dưỡng da em bé  Sử dụng tốt lắm nha dùng xong da không khô nữa, mùi thơm",0,0,True,0.9442322007108258,0.05576779928917415
1361,"Công dụng:chuẩn Mùi hương:CLASSICAL  Giao hàng nhanh, đóng gói kĩ, mùi rất thơm🌞🌞",0,0,True,0.9922238543402438,0.007776145659756149
1362,"Bao bì/Mẫu mã:đóng gói tệ Hương vị:ổn  Lúc nhận về rất thất vọng vì đóng gói bị bể sữa bên trong, vì thấy tội Shipbơ lên mình mới nhận . Chứ sữa vỡ tràm ra nhìn không muốn nhận rồi",1,1,True,0.037572828554869875,0.9624271714451301
1363,"Sản phẩm sử dụng tốt, hữu dụng, dễ dàng sử dụng . Nên mua nha mọi người",0,0,True,0.9742322074368291,0.02576779256317081
1364,Quà tặng sai sự thật !!!,1,1,True,0.04687250109279806,0.9531274989072019
1365,giao hàng rất nhanh đóng gói cẩn thận giá rẻ mà hàng rất chất lượng,0,0,True,0.9345397480825979,0.06546025191740207
1366,Giao hàng nhanh giá rẻ chất lượng tốt so với giá thành sẽ mua thêm,0,0,True,0.9859658479096324,0.014034152090367603
1367,"Hk biết làm nên hư 1 cái, đã vậy còn dở tiếng anh nữa chớ, nhưng mà hàng đẹp",0,1,False,0.35787927328101155,0.6421207267189885
1368,Mùi hương:yen mach Chất lượng sản phẩm:diu nhe Đối tượng sử dụng:moi lua tuoi  ￼Combo 3 Sữa tắm Johnson's Baby Chứa Sữa Gạo/Yến Mạch Dung tích 1000ml/chai  ￼Combo 3 Sữa tắm Johnson's Baby Chứa Sữa Gạo/Yến Mạch Dung tích 1000ml/chai  Thơm dịu nhẹ nên mua ạ,0,0,True,0.8464722417777719,0.15352775822222803
1369,Mua 2 sản phẩm nhưng không nhận được quà tặng như trên link. Nt shop không phản hồi.,1,1,True,0.029341355085720888,0.9706586449142791
1370,"Shop gioa hàng nhanh , giá tốt có kèm quà tặng , hàng xài ok nên mua",0,0,True,0.8804468378912572,0.11955316210874276
1371,Hàng ok. Nếu sau có cơ hội sẽ dùng tiếp sản phẩm. Đóng gói ok. Ko bị móp méo,0,0,True,0.5932437047664068,0.40675629523359325
1372,Hình ảnh và clip chỉ mang tính chất nhận xu. Máy sấy mạnh. Săn sale chỉ có 104k kkk qá rẻ luôn á. Sấy mạnh lắm mau khô nữa nneen mua nha mn,0,0,True,0.9185303589665104,0.08146964103348964
1373,"[Shop đào lửa] mọi người cân nhắc khi mua hàng.  Dưới đây là Trải nghiệm của mình  - 7/7 mình săn 1 bộ mỹ phẩm bên này gồm 7-8 sản phẩm -Giao hàng trễ, giao THIẾU serum + kcn+1 quà tặng đã thế đóng hàng không cẩn thận... -Liên hệ lại thì nhãn hàng đá bóng đẩy TN qua sàn, liên hệ shipper SP thì bạn này kiểm tra đóng gói, vận chuyển SP hoàn về... -Tuy nhiên bên sàn từ chối khiếu nại ,thông báo do bên bán có bằng chứng về việc đưa tận tay đến mình đủ sản phẩm, nhưng khi yêu cầu bno đưa ra bằng chứng đề cập đến quyết định xử lý này thì  không cung cấp lại, tránh né và đẩy lý do sang hướng khác hàng bóc seal méo (phần này phải check lại bên shipper đóng gói vận chuyển hàng hoàn chứ) ...ba chấm thực sự (xử lý khiếu lại 3 tuần trời đến) Bao che nhau, lừa lấy tiền người tiêu dùng, nhãn hàng này nên bị TẨY CHAY, bên shoppee cũng nên xem lại cách xử lý khiếu nại, các bạn không cung cấp được bằng chứng bên các bạn đang làm đúng đủ đến cho ng mua => Kết quả cuối cùng  là mình vẫn phải nhận lại bộ sản phẩm thiếu (lại còn làm vỡ tùm lum không như lúc mình đưa lại cho ship hoàn)và shop vẫn lấy toàn bộ đơn hàng của mình Tiền mất coi như của bố thí , mất vì mình  quá tin tưởng shoppee mall, đã k cảnh giác với chiêu trò lừa đảo trực tiếp như vây  MỌI NGƯỜI NÊN CẢNH GIÁC VỚI SHOP NÀY, để có thể bảo vệ được quyền lợi của mình. shop mall mà làm việc vớ vẩn, Shop đào lửa trên sàn Cam  Không thể nào thông cảm nổi, xin phép cho shop và sàn ra chuồng 🐔 bye:)) Đọc 1 sao thấy có bạn cũng gặp trường hợp kiểu như mình:))))))))))))",1,1,True,0.018482218231602232,0.9815177817683978
1374,"Bao bì/Mẫu mã:đẹp Hương vị:nhiều vị  Giao hàng nhanh, đúng đủ số lượng. Hạt ăn ngon, phù hợp mùa lạnh, mng nên mua.",0,0,True,0.9683396206211748,0.03166037937882519
1375,"The worst experience ever. Contacted them the day I recieved my order with the broken bottle. Only once did someone try coming to pick up the bottle where I couldnt go down because of my baby and after that no more attempts. They had told me to check online what time they were going to come pick it up but it only showed that they were out 2 hours before i got a call that they were downstairs, what if i wasnt home? After numerous messages back and forth and almost 3 weeks later, i told them i'll just keep the product and put into another bottle but that they should reimburse me somehow for the trouble but i get a message days later thanking me for understanding.  I never write a negative review but this left a sour taste and i expected better from such a big brand.",1,0,False,0.5359719076083462,0.4640280923916537
1376,"Serum chăm sóc tóc tại nhà, mùi thơm, mềm tóc, chai thuỷ tinh đẹp mắt. Mua deal sốc, tặng 01 ủ tóc minisize.  Có bọc chống sốc nhưng không có chốt an toàn ở vòi pump.",0,0,True,0.6068639177494595,0.3931360822505406
1377,"Giao hàng ko có quà tặng gì hết vậy mà shop đăng quảng cáo mua 1 tặng 1 ,mã QR ko vào xem được ko biết là hàng giả hay thật nữa á",1,1,True,0.009123170170932005,0.990876829829068
1378,Mẹo:tệ Kinh nghiệm sử dụng:tệ Bao bì:tệ  tệ,1,1,True,0.11530116905445076,0.8846988309455492
1379,Bao bì:đẹpp Làm đẹp:ok Kinh nghiệm sử dụng:k  Giao nhanh săn sale đc khá hờiiii nói chg rât  iu trời ơi noz thơm noz mềm nó bóng mượt điên ln Á quá trơi r đỉnh lm ln lên mua đi K hối hận đâu T ủ có 3 lần mà h K buộc đc toc ln 1000₫₫,0,0,True,0.7409137021869432,0.25908629781305687
1380,"Đặt hôm qua hôm nay đã nhận đc hàng. Rất là đẹp luôn, chíu chíu, cầm nặng tay lắm Được tặng thêm gương rất xinh và chai serum nhỏ  Cập nhật: dùng thêm chai nước dưỡng thấy ẩm hơn hẳn luôn á mng. Rất là nên mua nha",0,0,True,0.8659472132465771,0.13405278675342286
1381,"Sản phảm kém chất lượng, trầy xước nhiều khi chưa sử dụng, sp là mặt hàng khó kiểm tra kỹ nên việc sâm soi là bất khả thi chỉ có dán lên dt mới thấy được lỗi ( có lẽ vậy nên mới có loại không hộp để treo đầu d.ê bán thịt tr.ó) Khách hàng là người tiêu dùng mang lại doanh thu, shop nên học lại nguyên tắc củng như đạo đức nghề nghiệp, cái khách hàng muốn không phải là trả hàng hoàn tiền mà là thái độ thiện chí niềm nở giải quyết 1 cách dễ thương cho khách hàng. Lớn rồi khó bảo lắm nói nhiêu đó thôi mong shop hiểu!",1,1,True,0.03448814796674027,0.9655118520332597
1382,Xài 1 hôm da bị kích ứng k kiềm dầu như quảng cáo. Thất vọng,1,1,True,0.08400968174892243,0.9159903182510776
1383,Giao hàng thiếu một gói chưa được một tháng mua 3combo là 99 gói đợt trước đặc hai combo 66goi có hai gói bị lỗi trông rồng rất nhiều chuyên này giao có 32 goi thiếu một,1,1,True,0.15068582370130335,0.8493141762986967
1384,"Giao hàng nhanh, đầy đủ, đúng phân loại hàng, che tên đàng hoàng luôn =)), nếu sử dụng tốt sẽ quay lại ủng hộ shop",0,0,True,0.9488784276459,0.05112157235409994
1385,Săn trên live 11/11 của c hannah olala có kèm quà mà shop gửi chậm lại còn k kèm quà.rất tệ,1,1,True,0.063581248947011,0.936418751052989
1386,"siêu tệ luôn ý, giữ chặt xong vẫn rút cả kính. cuối vẫn phải tự gỡ lớp bóng ra tự dán :)) là bộ tự dán dữ chưa :))) chả biết hàng giả hay sao",1,1,True,0.13510568592902317,0.8648943140709768
1387,"Sản phẩm tốt, hài lòng khi mua Xứng đáng với giá tiền bỏ ra, rất yêu thích Sẽ quay lại mua và ủng hộ shop",0,0,True,0.8426317876767192,0.15736821232328083
1388,"Bao bì:như hình Hương thơm:nhẹ, hầu như không ngửi thấy Lợi ích:làm sáng, dưỡng ẩm oke  Lỏng, dễ thấm, tốt. Quá tốt để mua",0,0,True,0.8256100807974447,0.17438991920255528
1389,Giao k đúng mẫu đặc mẫu này giao mẫu kia,1,1,True,0.2766632480060769,0.7233367519939231
1390,"Mùi hương:thơm Chất lượng:tốt  giao hàng nhanh , dùng thường xuyên rất tốt, dùng hết sẽ ủng hộ nếu giá bên shop hợp lý.",0,0,True,0.9868523848393626,0.013147615160637444
1391,Công dụng:ngăn ngừa gãy rụng Mùi hương:thơm thoang thoảng Dành cho tóc:bị rụng tóc nhiều  Tốt lắm nha,0,0,True,0.8856226342927247,0.11437736570727529
1392,Nói tặng quà balo mà ko tặng xong đỗ lỗi khách hàng,1,1,True,0.03126339556351743,0.9687366044364826
1393,"Bao bì/Mẫu mã:đóng gói có túi xốp nhưng bộ phận giao hàng cực tệ, làm hỏng bao bì bên ngoài lẫn bên trong.",1,1,True,0.12836517267651948,0.8716348273234805
1394,"Giao sai sản phẩm, quy trình trả hàng, đổi hàng rắc rối, phiền khách hàng. Không được giải quyết trả hàng.",1,1,True,0.027175374907838168,0.9728246250921618
1395,"Bộ nước tẩy trang này khỏi phải bàn khỏi phải nói nhiều về độ tẩy sạch sâu của ẻm 😄 mình sài duy nhất 1 loại này là mình thấy ưng nhất trong tất cả các loại mình từng sài luôn â, có lớp dầu bên trong nên tẩy rất dễ dàng luôn, mua combo 2 chai giá siêu hời hơn là mua 1 chai lẻ hoặc 2 chai lẻ đó mọi người. Mọi người nên mua nhé, canh đợt flashsale mua cho có deal hời nè kkkkk, đóng gói chắc chắn, shop giao hàng siêu siêu nhanh luôn, sẽ ủng hộ shop ở những lần sau hihi Shop chính hãng moiknguoeif yên tâm nhé",0,0,True,0.9081103757675839,0.09188962423241614
1396,chất lượng sản phẩm phù hợp với giá tiền ổn áp nên mua nhaa mọi người,0,0,True,0.9213155044492901,0.07868449555070986
1397,"Đóng gói sơ sài, vận chuyển sữa bị bục ra đổ sang các túi bốc mùi chua lòm ko biết còn sử dụng được không???",1,1,True,0.04814121346280842,0.9518587865371916
1398,Hương vị:như binh thuongv Bao bì/Mẫu mã:bao bi bị ướt . do bể bịch sữa . chảy ướt hết. móp méo cả thùng  Mua lần đầu k sao. Mua lần 2 quá buồn,1,1,True,0.05794030392675442,0.9420596960732456
1399,Đối tượng sử dụng:mọi lứa tuổi Chất lượng sản phẩm:oke Mùi hương:sữa gạo  Khá là oke mik mua dùm bạn nên cũng ko rõ nhưng thấy khá là oke á,0,0,True,0.8424393375393725,0.15756066246062747
1400,"Làm đẹp:mọi loại da Lợi ích:thấm nhanh, thơm Bao bì:đẹp  Trên hình ảnh ghi tặng khi nhận lại k có 2 sao",1,0,False,0.6042007320971001,0.3957992679028998
1401,"Săn sale giá hợp lý, đóng gói chắc chắn giao hàng nhanh, dùng để pha cafe",0,0,True,0.9480650211934167,0.05193497880658323
1402,"Độ tuổi sử dụng:6thang Bao bì/Mẫu mã:dep Chất lượng sản phẩm:dung chât lượng  Đóng goi cẩn thận , giao nhanh và không bi móp méo.",0,0,True,0.8936881458670131,0.10631185413298697
1403,"Mình uống hơn nửa hộp mới phát hiện ra là sữa pha xong, để hơn 30' sẽ bị chuyển màu xám đen rất ghê. Mình pha theo đúng như hướng dẫn trên vỏ hộp.  Mình lo lắng lý do sao sữa chuyển màu, có bị ảnh hưởng đến mẹ và bé không, nhắn tin hỏi hãng thì không được trả lời.  2 hình trên: ly mà màu sữa còn nâu nhạt là mình mới pha xong uống ngay, ly mà sữa màu đen là mình để hơn 30'.",1,1,True,0.09797541870367132,0.9020245812963287
1404,Dưỡng ẩm:Sản phẩm dưỡng ẩm tốt Căng bóng:Da tôi căng bóng hơn sau mỗi lần xịt Xịt khoáng:Hình ảnh chỉ mang tính chất nhận xu  Siêu hời nha mọi người mình mua rẻ mà còn tặng thêm refill của tober pad nx,0,0,True,0.9486642177399724,0.0513357822600276
1405,Thắc mắc không phản hồi,1,1,True,0.18398887062917457,0.8160111293708254
1406,Để anh rảnh mua một tặng một mà không thấy tặng vậy shop như vậy là lừa gạt phải không shop,1,1,True,0.035405538566358974,0.964594461433641
1407,Nước giặt k thơm . K có bọt. Hình ảnh mang tính nhận xu. Giao hàng nhanh,1,0,False,0.7899822869365153,0.21001771306348468
1408,Bao bì/Mẫu mã:khá đẹp Công dụng:sấy tocd  Máy sấy này già thành rẻ nhưng sấy cũng lhas ok nhưng mà mức sấy trên ko nóng lắm chỉ ấm nhẹ thôi điều đó làm sâyd tóc lâu khô hơn hẳn,0,0,True,0.7179490324590903,0.28205096754090975
1409,Hương vị:sua thom ngot de uong Kiểu dáng:bai bi đẹp đóng gói cẩn thân Chất lượng:bo sung canxi dinh dưỡng,0,0,True,0.89552613507956,0.10447386492043997
1410,"Khi đặt thấy note mua 1 tặng 2 ( tặng 1 lọ nhỏ và 1 túi nhỏ kem dưỡng), khi nhận thì chỉ có chai dầu gội mà k thấy hàng tặng đâu , khi hỏi thì shop bảo chưa thực hiện đúng thao tác để nhận quà, mà trong khi đó lúc đặt hàng có thấy thao tác gì hiện ra để thực hiện nhận quà đâu, có mỗi thêm sp vào giỏ hàng và chọn mua rồi thanh toán, chả hiện thao tác gì là phải ấn ntn hay ấn vào đâu để nhận quà, hình ảnh thì ghi rõ mua 1 tặng 2. Làm ăn kiểu bố láo lừa gạt ng khác vậy là k tốt",1,1,True,0.018079570194366235,0.9819204298056338
1411,"Mùi hương:thom Công dụng:chống nắng Dành cho da:dầu mụn  Ổn áp lắm nha, mới đặt hôm qua mà nay giao rồi, với giá này thì quá ok lun á, nên mua nha. Sẽ mua lại lần sau nựa",0,0,True,0.97044889604344,0.02955110395656004
1412,Hàng giả nhe. Suc vô nhớt nhợt... Xong ti rua tay cai nhu xà bông luon... Sưc ko thắm j het tốn gan 200 quá tệ,1,1,True,0.14238558833388548,0.8576144116661145
1413,"Shipper báo trêp ap là 10h29 giao nhưng hẹn 13 giờ mới gửi, tới nơi giao hàng k có người nhận để tạm khu vực bờ tường, tới lúc mình nhận hàng thì không còn nữa. Xem như mất tiền cho đơn này mà không nhận được hàng, một trải nghiệm mua hàng tồi tệ",1,1,True,0.03047598394189288,0.9695240160581071
1414,"Trong quảng cáo đơn hàng mua 3 sp tặng ngay 1 sp, khi tôi đặt xong cũng có chat hỏi thêm hỗ trợ từ người bán nhưng ngoài trả lời tự động thì ko có bất kỳ 1 phản hồi cụ thể nào khác. Tôi muốn hủy đơn hàng đặt thì người bán hàng cũng không chấp nhận. Khi tôi nhận hàng thì không có sản phẩm khuyến mãi như trong quảng cáo.",1,1,True,0.013102813924393941,0.9868971860756061
1415,"Bao bì/Mẫu mã:rách, bong tróc, thùng sữa móp méo, xẹp  Sản phẩm là sữa cho trẻ em, mà các bạn đóng gói để rách bao bì, hộp thì kiểu như để lâu ngày móp xẹp tùm lum, lon thì bị móp. Không rõ sản phẩm có được bảo quản tốt không, nếu trẻ em uống vào thì có vấn đề gì không.",1,1,True,0.0425743790352604,0.9574256209647396
1416,Bao bì/Mẫu mã:hộp có dâu hiệu bóp méo và bị rỉ set thất vọng nhé tuy hạn sd đến t10 mà bao bì tệ quá,1,1,True,0.12108560342685903,0.878914396573141
1417,"Chất lượng sản phẩm:tốt Độ tuổi sử dụng:mọi người  Nhiều công dụng tốt cho sắc đẹp,lành tính,sale giá tốt,đã dùng nhiều năm",0,0,True,0.9874822296157838,0.012517770384216172
1418,"Lưu hương thơm lâu,làm sạch tốt, gây ra gàu....",1,0,False,0.7658953606879446,0.23410463931205536
1419,"Chất lượng sản phẩm:tot Mùi hương:thơm Đối tượng sử dụng:trẻ em  Sữa tắm thơm,tắm xong da k bị khô.Mình mua rất n lần r",0,0,True,0.9221418600645556,0.0778581399354444
1420,"Okii laa, hình ảnh và video chỉ mang tính chất hạt nhài giải trí nhận xu thui ạ hì hì",0,0,True,0.8420949143197746,0.1579050856802254
1421,"Máy sấy tóc 2 chế độ, đặt giao đúng mẫu, đóng gói cẩn thận,  giao hàng nhanh",0,0,True,0.9132145735648569,0.08678542643514305
1422,Mới mở hàng nắp bung ra rồi rõ chưa hề làm j nha shop nhắn còn k hướng dẫn sửa làm phải lấy nắp của chai vàng mk mới dùng hết nắp vào,1,1,True,0.1449890625856347,0.8550109374143653
1423,"Đóng gói hàng ọp ẹp móp hết sp bên trong, 1 miếng chống sốc cũng không có",1,1,True,0.09371320873680622,0.9062867912631938
1424,Dầu gội thơm dịu. Mới dùng thấy đỡ gàu. Shop gói hàng cẩn thận. Giao hàng nhanh. Mua sale giá tốt.,0,0,True,0.9628434875326509,0.0371565124673491
1425,"Dành cho da:đen Công dụng:làm trắng Mùi hương:thơm  Giao hàng nhanh. Đúng sản phẩm. Mịn da, trắng da, căng bóng. Sẽ ủng hộ thêm. Hình ảnh chỉ mang tính chất nhận xu",0,0,True,0.9961353696583389,0.0038646303416610636
1426,"Bao bì/Mẫu mã:đã thay đổi, nắp màu đồng không còn chữ trên nắp. Mẫu mã được. Chất lượng sản phẩm:thơm, bé thích uống Độ tuổi sử dụng:30 tháng  Về shop: mua lần thứ 2.  Về sản phẩm: mua hàng tại shop lần thứ 2.  Mua T5/2024, NXS T10/2023, date: 01/5/2025.   Đóng gói: thùng carton, có bao bong bóng chống sốc nhưng 01 lon bị bung nắp. Thấy vài review về vấn đề này của shop, lần này mình là nạn nhân. Đã liên hệ shop và shop hướng dẫn ngay cách trả hàng hoàn tiền nhưng thấy quy trình tốn thời gian và phải trả luôn lon nguyên vẹn trong khi đang cần nên chấp nhận nhận hàng luôn. Mặc dù shop giải thích do kho và vận chuyển Shopee nhưng vẫn đánh giá 2 sao cho shop liên quan sự cố này vì hàng hoá của shop thì shop phải có trách nhiệm chính trong việc đảm bảo khâu phân phối, vận chuyển.  Vận chuyển: loại Nhanh của SPX Express. 12AM đặt hàng, 11AM ngày hôm sau nhận hàng tại Tp.HCM.",1,1,True,0.07302083699311168,0.9269791630068883
1427,"Shop giao đúng hàng, đúng mã, giao nhanh chóng luôn. Mình săn live dc giá 79k hịii. Size dép chuẩn",0,0,True,0.882791123683807,0.11720887631619305
1428,"Mịn:đóng gói không cẩn thận , hộp móp , phấn bên trong rơi vãi ra ngoài",1,1,True,0.11513467054148074,0.8848653294585193
1429,"Hộp bị rách,móp méo nhìn mất giá trị.",1,1,True,0.17129634804010552,0.8287036519598945
1430,"bao bì bẩn, giống như hàng tồn kho, nhắn tin vs shop nhưng shop đã chặn mình",1,1,True,0.12329045328628907,0.8767095467137109
1431,"Giao sai mẫu,hết hàng cũng kh báo.mua 2 lần r lần nào cũng sai",1,1,True,0.17843080655625543,0.8215691934437446
1432,"Hàng giao nhanh, đóng gói kĩ càng. mua đúng 11/11 nên giá siêu rẻ. đánh giá shop 5sao",0,0,True,0.8901632718947274,0.10983672810527254
1433,"Kính thì dễ dán, hiệu quả chống xước, trầy tốt, dán kính cường lực sẽ giảm độ nhạy cảm ứng nhma đối với kính của mình nó giảm độ nhạy nhiều khiến mình khá khó chịu. Mình có báo lại với shop nhưng mà shop thờ ơ khôn quan tâm Update mới bị úp mh xuống là bể luôn=)",1,1,True,0.40570527205054807,0.5942947279494519
1434,Hàng ship về nhanh đúng nhue ảnh sản phẩm đeph đầy đủ hàng đóng gói cẩn thận,0,0,True,0.8968504431416947,0.10314955685830525
1435,"Công dụng:hỗ trợ  bảo 1 tặng 1 duy nhất 28.6 mà nhận được có một hộp, shop lừa đảo. tôi sẽ không bao giờ mua bất cứ thứ gì. đồ lừa đảo",1,1,True,0.12843669596230078,0.8715633040376992
1436,"giao thiếu hàng của mình, shop trả lời chậm",1,1,True,0.08246142036803583,0.9175385796319642
1437,Sao đơn hàng của mình không tặng kèm kem chống nắng nhỉ,1,1,True,0.12462243178319099,0.875377568216809
1438,"Làm sạch:8/10 Hương thơm:mat me, thanh khiet Phù hợp với mọi loại da:dung  Trước dùng matcha tặng chai nhỏ muối hồng mới biết đến mùi này. Nay mua chai muối lớn lại có thêm muối nhỏ :v. Nhà U nên mix hàng tặng đủ mùi hơn để KH đc trải nghiệm mùi luôn.",0,0,True,0.8651096897972255,0.13489031020277448
1439,"Giao hàng nhanh. Nhưng không hài lòng vì dầu chảy tràn ra. Nắp vặn vỡ, những giấy bóng bao bên ngoài vẫn rất ok. Chứng tỏ vỡ nắp từ lúc làm xong. Ko hài lòng.",1,1,True,0.11587107406915897,0.884128925930841
1440,Shop để tặng quà .tới luc phải đúng thao tác bỏ giỏ hàng moi đuoc nhan .vay đung để tang .10nguoi mua nhu 1 k ai dc tag,1,1,True,0.06966993573248426,0.9303300642675157
1441,"serum thấm nhanh trên da, không gây bết dít, sáng da, mờ thâm giảm mụn, không mùi, ship nhanh",0,0,True,0.8597983792229675,0.14020162077703252
1442,Không có hàng khuyến mại!,1,1,True,0.07006346514334705,0.929936534856653
1443,"Chất lượng sản phẩm:TỆ  đơn 3tr5 đặt 5 hộp số 2 , shop chỉ giao 1 hộp và 1 đồ chơi. Trả hàng thì cả sàn cả shop không hỗ trợ, làm ăn lươn lẹo, cskh trả lời cho có. Dịch vụ quá tệ , không có lần sau nữa đâu. Mọi người mua hàng phải cẩn thận nhé !!!",1,1,True,0.02765541822433404,0.972344581775666
1444,Kinh nghiệm sử dụng:duoc Hương thơm:binh thuong Lợi ích:tam on  Giao hàng nhanh. Nhưng dạo này mình it mua shoppe lắm. Mã giảm rất ít. Nói chung là không ưng nữa,0,0,True,0.7439842695303204,0.2560157304696796
1445,"Hàng đúng số lượng. Vở đẹp, bút viết cũng đẹp. Hàng khuyến mãi đầy đủ. Shipper nhiệt tình",0,0,True,0.7570359150885196,0.24296408491148033
1446,"Quat the heooo, mua trong mall mà sao khi pha đúg liều lượng, khoáy đều mà sữa lại bị vón cục là saoooo😰",1,1,True,0.07997980899854418,0.9200201910014558
1447,"Gửi lần 1 hộp cũ rích, hộp xước hết Trả hàng Lần 2 cũng gửi hàng hộp cũ Quá tệ",1,1,True,0.0397519177916178,0.9602480822083822
1448,Tắm bao nhiêu loại rùi vẫn phải quay về mùi khổ qua này. Nó thơm thật sự mà lại trị mụn lưng nữa rất phù hợp với các loại da kể cả da nhạy cảm như mk,0,0,True,0.5839836724685438,0.41601632753145623
1449,Ốp bằng nhựa tưởng là silicon nên rất dễ trầy xước.,1,1,True,0.4074605329096541,0.5925394670903459
1450,"Làm đẹp:trắng da Hương thơm:thơm  Hình ảnh mang tính chất nhận xu, sản phẩm dùng được, tốt, phù hợp, nên mua",0,0,True,0.9877070891197756,0.012292910880224448
1451,"Hàng này trôi nổi trên thị trường, quét mã vạch k ra thông tin sản phẩm",1,1,True,0.10141937387301714,0.8985806261269829
1452,"Công dụng:chuwa thaays Mùi hương:thơm nhẹ  Lưu ý nha mng kem này rất kén người dùng luôn mịn thì mịn thật nma rất dễ kích ứng mình da hỗn hợp thiên dầu, da mình trước giờ chưa bị kích ứng bởi sp nào hết nma dùng loại này sau 5p mặt mình nóng ran và đỏ hết mặt đây bâyg m để bôi cổ không đây ạ nên lưu ý",1,0,False,0.8271813399678734,0.17281866003212662
1453,"Giao hàng ko đúng trên Live Hana Live mua 6 bông tẩy trang tặng 5gói khăn ướt cuối cùng mua xong nhận hàng ko có tặng, nhắn shop trả lời vòng vo nói đặt hàng ko đúng. Đặt từ link ghim sp mà bảo đặt ko đúng là sao lừa dối khách hàng.",1,1,True,0.01113197609653327,0.9888680239034667
1454,Mình mới nhận mà bao bì đã bị bóc ra thế này rồi. Bọc hàng chán quá,1,1,True,0.1095091626039113,0.8904908373960887
1455,Chăm sóc khách hàng tệ,1,1,True,0.05805045679673615,0.9419495432032639
1456,"Mẹo:k co Kinh nghiệm sử dụng:k co Bao bì:dep  Giao hàng nhanh, săn sale giá hời, mịn đẹp, được tặng thêm kem lót dưỡng",0,0,True,0.8953006725208374,0.10469932747916258
1457,Đóng gói sơ sài. Nhận hàng mà hộp giấy rách tùm lum. 2 tuýp kem cũng xô lệch miếng lót 1 nơi kem 1 nẻo,1,1,True,0.04673034243786367,0.9532696575621363
1458,Đóng hàng chảy ra ngoài hết r,1,1,True,0.07735441844656199,0.922645581553438
1459,"Mới unbox đã trầy xước 3 chỗ r, thà nhỏ kh nói, xước nguyên 1 vệt dài cực kì khó chịu và bực mình. Chưa biết giữ nhiệt ok kh nhưng trầy xước như v thì có xứng đáng số tiền bỏ ra kh? Mong sop làm ăn uy tín hơn kh thì dễ mất khách lắm nha",1,1,True,0.16212537940014182,0.8378746205998582
1460,Không có quà tặng mà shop nói shop oi dễ nghi shop bổ sung nha shop,1,1,True,0.09626634066763762,0.9037336593323624
1461,"1. Dịch vụ chăm sóc khách hàng quá tệ: hết người này tới người kia tiếp nhận thông tin nhưng mình chỉ nhận lại phản hồi là kêu chờ, shop bảo mình chờ trong vòng 48h làm việc!  2. Mình đặt hàng 19/7 và k được nhận quà km ( tuýt dưỡng ẩm 14g). Shop tl chương trình km áp dụng “duy nhất 20/7”. Mình có hỏi thông tin “duy nhất 20/7” đã update từ khi nào thì shop kêu mình chờ như trên.  Mang tiếng là Shopee Mall nhưng cách làm việc không thể khiến mình thất vọng hơn.  CHẮC CHẮN SẼ KHÔNG BAO GIỜ QUAY LẠI MUA HÀNG CỦA SHOP NÀY THÊM MỘT LẦN NÀO NỮA!!!",1,1,True,0.04059228221053457,0.9594077177894654
1462,"shiper giao hàng nhanh, nhiệt tình, mặc đúng đồng phục, đóng gói cẩn thận",0,0,True,0.961942992777057,0.03805700722294307
1463,Mùi hương:thom Công dụng:cấp ẩm cho da Dành cho da:mọi loại da  Dùng không bị rát da dùng xong thấy da đỡ khô và sần  Nhưng lúc mua là dịp sale shop có ghi là tặng 1 kem mắt và 1 túi trong suốt nhưng nhận hàng thì lại k có quà tặng,1,1,True,0.4643600292837752,0.5356399707162248
1464,Đúng với mô tả:dung Màu sắc:be Chất liệu:vải  Với giá này thì nón ok. Giá rẻ hợp túi tiền ok nên mua nha mọi người,0,0,True,0.9541136961618677,0.04588630383813225
1465,Độ đều màu:tạm ổn Nâng tông:hơi hơi Chất lượng:thama nhanu  Chất kem lót có màu đỏ ở trong ý k hiwuwr sao lun,1,0,False,0.6110989325211169,0.38890106747888303
1466,"son đẹp, giao hàng nhanh, màu giống bảng màu , đã mua nh lần rồi",0,0,True,0.8946030497686136,0.10539695023138643
1467,"K đóng gói gì hộp móp méo xấu kinh khủng k muốn sử dụng nữa luôn, shop làm ăn chán",1,1,True,0.05052796783647795,0.949472032163522
1468,"Đóng hàng sơ xài giao tới hộp móp méo hết, may k bị chảy sữa ra ngoài",1,1,True,0.03822069969040176,0.9617793003095982
1469,"Độ êm:dep em chan Chất liệu:nhua thoang khi Màu sắc:kha xinh  Đóng gói cẩn thận, săn sale được giá hời dép xinh đi nhẹ nhàng êm aíhahha Hậhkak",0,0,True,0.9639774325487434,0.03602256745125666
1470,Kít ứng banh mặt nha da tui siêu khỏe nhưng bôi 1 phát kích ứng nỗi mụn nước đầu trắng da sần lên luôn da ai yếu nữa thì né luôn nha. Mùi siêu nồng,1,0,False,0.8265008525716186,0.1734991474283814
1471,Làm đẹp:ok Lợi ích:ok Hương thơm:ok  Xài thấy giữ ẩm ok còn mấy cái khác thì không có khác  biệt gì lắm,0,0,True,0.6827059019783908,0.3172940980216092
1472,Bao bì:ok  Tóc mềm hơn nhưng tóc mình vẫn nhanh bết,1,0,False,0.7062891426673281,0.29371085733267194
1473,Bị vỡ 2 túi giữa thùng làm chua hết cả thùng mặc dù bọc rất kĩ,1,1,True,0.09504530276379941,0.9049546972362006
1474,"Hương thơm:ok Mẹo:ok Kinh nghiệm sử dụng:ok  Ok shop giao đúng , thơm dùng nhiều lần rồi Hình ảnh máng tính nhận xu",0,0,True,0.9827691067577758,0.01723089324222413
1475,Thấm nhanh:thaams nhanh Dưỡng ẩm:min Làm sáng da:chua biet  Shop giao hàng nhanh đóng gói cẩn thận. Sản phẩm thơm dễ chịu. Thấm nhanh mềm mịn. Còn có trắng da hay không thì phải dùng 1 thời gian thì mới biết được.,0,0,True,0.9883433378433433,0.011656662156656767
1476,Hình ảnh mang tính nhận xu. Lần đầu sd cũng ok.sẽ ủng hộ lần sau,0,0,True,0.9447144498492105,0.05528555015078953
1477,"Bao bì:móp 2 lon  Mình mua enfa trên này nhiều lần, nhưng lần này mình thấy đóng gói kỹ càng hơn, tuy nhiên lần này mở ra móp liền 2 lon. Tuy mình đã thanh toán trước, nhận hang 0đ. Shop lưu ý lúc đưa hàng có móp không, hoặc nếu bán móp thì ở mục bán hàng móp méo. Nay mình đánh giá 2 sao, cho shop kiểm tra lại khâu lên hàng cho khách hàng phải rà soát lai cho chu đáo.",1,1,True,0.03742032679418705,0.962579673205813
1478,Chất lượng sản phẩm:tốt Mùi hương:thơm nhẹ  dầu gội thơm dịu dùng êm nhưng mà mình vặn kiểu gì mà gãy mất vòi😭,0,0,True,0.8597049650793556,0.1402950349206444
1479,Ship nhanh hộp đầy đủ có cả hộp .  dùng thì thấy ok chưa có lỗi lầm gì hết mình đã mua đến lần thứ hai  Sản phẩm chính hãng uống thì cũng ok nhé mua thế này thì cũng rẻ hơn là mua lẻ  Thôi thùng sữa thì cũng chẳng có gì để chụp,0,0,True,0.6456153811820373,0.3543846188179627
1480,"Bao bì:ổn Kinh nghiệm sử dụng:dùng chưa được 1 tháng, mua từ ngày 18/5/2025, dùng chưa được 1 tháng mà nay tự dưng bị bung nắp ra, gắn vào vẫn ko đc.  Mình có nhắn shop để xử lí nhưng shop cứ kéo dài thời gian, đến giờ vẫn chưa xử lí",1,1,True,0.2084313454991168,0.7915686545008832
1481,Hinh anh mang tinh chat nhan xu. Đóng gói kỹ chưa dùng nen k biet,0,0,True,0.9418667939756925,0.05813320602430747
1482,đóng gói kém chất lg về móp méo hết tất cả,1,1,True,0.08896737186989101,0.911032628130109
1483,Kiềm dầu ổn nhưng kích ứng rất ngứa,1,1,True,0.38734596402287436,0.6126540359771256
1484,"Trên hình là có tặng này kia giao k tặng 1 cái j, mình chịu mua mắc hơn chỗ khác 20k vì muốn lấy quà, mà giao k có quà j hết trơn nhắn k ai trả lời, âm binh",1,1,True,0.021912809675410316,0.9780871903245897
1485,Độ tuổi sử dụng:tre em Chất lượng sản phẩm:ok  Mới mua chưa sử dụng nhưng thấy review tốt cko trẻ sơ sinh nên mua,0,0,True,0.9068346603687318,0.09316533963126812
1486,Mốc ntn cũng giao dc cho khách 😅,1,1,True,0.17814371583944177,0.8218562841605582
1487,"Ghi trên sản phẩm là mua 1 tặng một chai nhỏ , mà đơn hàng k có , treo đầu dê bán thịt chó 😡😡😡😡",1,1,True,0.058528029474778864,0.9414719705252211
1488,Độ tuổi sử dụng:bt Bao bì/Mẫu mã:bt Chất lượng sản phẩm:bt  Hàng nhận được méo mó.Lần sau mua sữa ko đặt qua Shopee nữa.,1,1,True,0.25699981358850366,0.7430001864114963
1489,Mua 2 hộp bảo tặng quà mà éo có gì,1,1,True,0.12858017223767504,0.871419827762325
1490,"Áo đẹp, đường may đẹp. Chất dày, mịn. Phù hợp với giá tiền bỏ ra. ít chỉ thừa. Shop có nhiều thiết kế đa dạng mẫu mã. Đóng gói chắc chắn, giao đúng mẫu, đúng size. Phù hợp, vừa vặn với dáng người. Dễ phối đồ, (Hình ảnh hay video chỉ mạng tính chất minh",0,0,True,0.9231421523730441,0.07685784762695597
1491,Chất lượng hàng hoá kém mọi người không nên mua lừa đảo có hành vi gian dối,1,1,True,0.201429876105652,0.798570123894348
1492,shopmall nhưng làm ăn rất k đàn hoàng nhé.mua 2 họip thì cố tình gửi 1 hộp móp méo k biết từ bao h cho khách.k biết chất lượng sữa có bị thay đổi k.hộp vận chuyển vẫn nguyên khi tới nên chỉ có bên shop cố tình gửi hộp méo thôi.,1,1,True,0.08934526152636035,0.9106547384736396
1493,"Quá tối màu, mình cũng ko trắng lắm mua con này tối hơn 3 tone, phải mua chai kem nền khác để mix vô",1,1,True,0.21913861215665786,0.7808613878433421
1494,"Công dụng:dung cụ an toàn  giao hàng nhanh , giá cả hợp lý shipper thân thiện",0,0,True,0.9420758396595641,0.057924160340435946
1495,"Shop tệ quá ! Mn cận thận bị lừa . Bảo tặng nhưng không tặng đâu mn ơii , treo đầu dê bán thịt chó đấy",1,1,True,0.05914060381114472,0.9408593961888553
1496,Hình ảnh mang tính chất minh hoạ để nhận xu thôi á mà mọi người đừng qhan tâm,0,0,True,0.8086311029157955,0.19136889708420443
1497,Sửa hỏng hn mk thấy bị vỡ thiu k nên mua,1,1,True,0.17913901807694388,0.8208609819230561
1498,Hương vị:khoong Bao bì:thung  Mua giao đến sữa hư và bị chảy thùng hôi nữa đợi 15 ngày không thây giai quyết gì hết chán chẵng muốn nói,1,1,True,0.045203189653195364,0.9547968103468046
1499,Màu sắc:tệ Chất liệu:tệ Kích thước:tệ  Mình đã xác nhận với bên HT. Sau này cần bán họ sẽ giam vàng vài ngày check xong mới tính tới chuyện mua bán. Chứ ko phải tích lũy khi cần ra bán đc luôn đâu. Mình hỏi cskh trên shopee thì bọn nó chối. Mình show tin nhắn thật ra thì đánh trống lảng. Shopee ko cho gửi hình này lên nhiều nên mình bảo gửi qua thôg tin bọn nó cho khi giao hàng nhưng bọn nó chối là ko có. Rồi im luôn. Mình sẽ đánh giá lại full sp và share bài lên các hội nhóm,1,1,True,0.08340360742951725,0.9165963925704828
1500,"Công dụng:ok  Giao hàng nhanh, sản phẩm đóng gói cẩn thận. Che tên sản phẩm rất ok, cho shop 5 sao và 10 điểm chất lượng",0,0,True,0.9751223449707276,0.024877655029272413
1501,"Đóng gói quá sơ sài, móp méo, bật cả nắp. Trải nghiệm quá tệ. Sẽ không có lần mua thứ 2 !",1,1,True,0.03449237664022309,0.9655076233597769
1502,"Review nhẹ một số dòng sữa con uống tăng cân tốt cho cm quan tâm - Grow đỏ: bé uống dễ tiêu hóa tuy nhiên bé nào uống hạp thì lên kg tốt, k hạp sữa thì k cải thiện nhiều - Dòng Meiji là sữa mát, sữa nội địa nhật,  không lo bón nhưng giá khá cao vs không phải bé nào uống cũng lên kg tốt - Friso: sữa dễ tiêu hóa, vị nhạt thanh gần như sữa mẹ, khá dễ uống, con uống output đẹp. Có thể dùng làm sữa chua hoặc làm bánh cho con đều oki cả - Oggi: sữa giúp bé tăng cân tốt, ko bón, lên tầm 5-6 lạng/tháng, có nhiều vị để thay đổi cho con,ngoài ra dòng này còn có cả sữa công thức pha sẵn có thể tùy khẩu vị để lựa chọn cho bé Muốn con lên cân thì ngoài sữa công thức thì chế độ ăn hàng ngày của bé cũng quan trọng không kém, bổ sung đầy đủ các nhóm chất là việc nên làm để con có thể tăng kg tốt hơn. Mẹ nào cần có thể tham khảo",0,1,False,0.2844803940783931,0.7155196059216069
1503,"Kinh nghiệm sử dụng:hàng giống mẫu, sấy được 1,2p lại ngắt điện k chạy, kb là bị lmsao  Sau vài lần dùng k mượt lắm nay thì máy tịt ngỏm k chạy luôn. Mong shop đọc đc phản hồi giúp lỗi máy là lỗi gì",1,1,True,0.14331216966495963,0.8566878303350404
1504,Deal kèm quà mà khui ra khôg thấy quà tặng,1,1,True,0.04479689606333859,0.9552031039366614
1505,"Làm đẹp:Mượt và bóng tóc Mẹo:Dùng sau khi gội, tóc khô khoảng 80% Hương thơm:Mùi thơm nhẹ, giữ mùi đến hôm sau  Chai to 100ml nếu dùng cách ngày, mỗi lần dùng 2-3 lần nhấn thì khoảng 8 tháng mới hết.",0,0,True,0.831846278506357,0.1681537214936431
1506,trên hình mua 1 chai được tặng 1 chai nước tẩy trang nhưng về thì chỉ có 1 chai sữa rửa mặt nhắn tin với shop thì toàn tin nhắn tự động nên hơi buồn á..,1,1,True,0.14852748635771518,0.8514725136422848
1507,Âm thanh:trung bình Thiết kế:được  Đeo lâu đau tai,1,1,True,0.3857655982313185,0.6142344017686815
1508,"Làm đẹp:ok Mẹo:ok Bao bì:ok  Xài mấy chai rồi, tiệp da, k bợt rít, chống nắng ok, sẽ còn đồng hành lâu dài với chất lượng này",0,0,True,0.9247001807381257,0.07529981926187429
1509,"chất phấn ổn, nhẹ mặt. mà shop gói hàng bất cẩn lắm chỉ bọc một lớp chống sốc mỏng dính, lúc nhận về thì bị tràn phấn tùm lum như này, trông rất mất thẩm mĩ",1,1,True,0.17592622971863436,0.8240737702813656
1510,Kinh nghiệm sử dụng:đã sử dụng rất ok Lợi ích:làm sáng ra mờ nám Làm đẹp:39  Mình đã dùng loại này 2 năm thấy rất ok. Đây lả lần thứ 3 mua lại của shop. Hàng chính hãng nên yên tâm,0,0,True,0.915588785037793,0.08441121496220708
1511,"Đóng gói kĩ càng, giao hàng rất nhanh nhé. Máy sấy mình thấy tạm ổn, nma lực sấy không mạnh quá, phù hợp với giá tiền",0,0,True,0.9115601561705189,0.08843984382948109
1512,Bao bì/Mẫu mã:shop k tl tn  Làm ăn chán   K tl tn khách   Giao hàng vớ vẩn,1,1,True,0.04886912732158921,0.9511308726784108
1513,cường lực chắc chắn nhưng dán vô chỉ bấm đc phần dưới phần trên k hề bấm đc tức quá bóp bề luôn,1,1,True,0.11415963095439163,0.8858403690456084
1514,"Bao bì/Mẫu mã:móp nhiều  Hộp móp trông rất tệ. Bọc hàng thì chống sốc rất tốt, chắc chắn nên chắc chắn đây là hộp móp nhưng vẫn cố ship cho khách. Chất lượng thì không bàn tới nhưng nhận hàng ntn rất khó chịu.",1,1,True,0.06617450083602527,0.9338254991639747
1515,"Giao hàng nhanh, giá rẻ mà nhận được thì ưng lắm, lần trước mua con y hệt mà đánh mất lên phải tìm mua lại thì nó giống 100% chất lượng ổn, mà bền lắm",0,0,True,0.5113748434898511,0.48862515651014893
1516,"Hàng đóng gói ẩu, 1 lớp nilong, hàng bể vỡ, sữa vỡ ra ngoài",1,1,True,0.10252182197613091,0.8974781780238691
1517,Sp ok shop gửi hàng rất nhanh đóng gói kỹ 5⭐️⭐️⭐️⭐️⭐️ Sẽ ủng hộ vào lần sau,0,0,True,0.9581407099142842,0.041859290085715754
1518,Giao hàng nhanh. Chưa sử dụng nên chưa biết chất lượng như thế nào,0,0,True,0.9047632898115479,0.09523671018845214
1519,"mới dùng nên mình thấy cũng như những loại khác , lâu dài thì mình chưa biet nhe nhưng cũng có mùi rất thơm",0,0,True,0.7531526560477447,0.2468473439522553
1520,"Hàng giao khá nhanh, đủ số lượng, hàng giống trong ảnh, mua hộ nên chất lượng không biết",0,0,True,0.7956972485558933,0.2043027514441067
1521,"Đóng gói sơ sài, hàng tới tay bị móp méo. Băng keo dính thẳng lên lon, khi lột ra dính keo tùm lum, dính hẳn luôn chỗ khui nắp. Mấy lần trc thấy đóng gói ok mà lần này tệ quá, lần sau mua mà vẫn đóng gói vậy mình sẽ trả hàng.",1,1,True,0.03776894208100556,0.9622310579189944
1522,"Đóng gói sản phẩm quá kém, Đóng gói sơ sài không bọc chống shock mà giao hàng xa như vậy thì không biết sản phẩm bên trong liệu có bị méo móp hay không đề nghị shop làm việc cẩn thận hơn cho các đơn hàng của người khác",1,1,True,0.04395451143526641,0.9560454885647336
1523,"Dầu gội thơm, chất lượng. Mình đã mua lần t2. Nhưng lần này đóng gói cực kỳ tệ. Dầu bị văng hết ra bên ngoài túi và hộp.",1,1,True,0.22011109555142594,0.7798889044485741
1524,Độ tuổi sử dụng:trẻ sơ sinh cho đến già Chất lượng sản phẩm:lành tính  Cũng oke phết chỉ khó chịu cái lúc đổ ra xài nó cứ ọc ọc ra nhiều í . Nhưng shop giao hàng nhanh chất lượng nhé,0,0,True,0.7375620340191804,0.26243796598081964
1525,Lợi ích:kem nhờn nhờn bết bết hàng nhái. Bảo tặng quà k thấy quà đâu. Shop làm ăn lởm quá.,1,1,True,0.055420554884552664,0.9445794451154473
1526,"Mình đặt 2 thùng 1 thùng nguyên vẹn còn 1 thùng sản phẩm bị bục hư hỏng luôn, bốc mùi chua 😫",1,1,True,0.08026469004241688,0.9197353099575831
1527,"Hương thơm:thơm Lợi ích:laau troi, chong nuoc Bao bì:dep  Đã mua lần 2, shop giao hàng nhanh, gói hàng kĩ. Sản phẩm chất lượng ❤️🎀💕",0,0,True,0.9557722148373411,0.04422778516265896
1528,"Bao bì/Mẫu mã:có đường Hương vị:cao khỏe 180ml  Mình đặt săn sale 8.8 : 1 thùng cao khỏe 180ml + 1 lon sữa đặc hoàn hảo. Khi shop giao lại sai hàng: 1 thùng sữa thường socola + 1 lốc sữa. ( shop đóng gói hàng sai, ko phải do shipper ) Mà shop lại ko có chính sách đổi lại hàng đúng cho khách , mà chỉ có trả / hoàn lại tiền. Và khi mua lại đơn này khách sẽ ko đc nhận ưu đãi như trước đó.  Do tính chất công việc bận nên mình đành nhận hàng  Thất vọng với 1 thương hiệu lớn",1,1,True,0.027535492389561544,0.9724645076104385
1529,mũ xinh lắm mn a giá củng okk form đẹp màu đẹppp in đẹp nch oklaa,0,0,True,0.8645057525595036,0.1354942474404964
1530,"Mẹo:ko bt Lợi ích:ko kiểm soát dầu ,mùi thơm nhma k dịu Bao bì:như hình  lòng bàn tay sau khi bôi và ra mồ hôi thì trơn lắm ,bôi lên đợi khô thì như bôi keo lên vậy , rít và không hề thoải mái , bôi khô xog còn bị bợn trắng , chà là ra hết mà còn ra nhiều nữa chứ , đi chơi ngoài đường mà ra như da chết í ngại vô cùng , còn chất thì thơm và lỏng nhẹ rất ok nhưng dùng thì ngược lại , dùng nhiều sản phẩm của vassaline r nhưng đây là lần đầu tiên bị vậy rất thất vọng luôn ,bây giờ tuýt còn nhiều lắm nhma cũng k muốn dùng í",1,1,True,0.06764994830846394,0.9323500516915361
1531,Đề nghị lần sau k giao nên GHN,1,1,True,0.3114725169003407,0.6885274830996593
1532,"Chất lượng sản phẩm:kém  Thật sự quá thất vọng khi nhận hàng, dầu gội chảy be bét, đóng gói sơ sài. Cứ nghĩ shopee mall là uy tín, phục vụ chậm trễ, kém, sẽ ko bao giờ có lần thứ 2. Xác định mua hàng shopee là rủi ro.",1,1,True,0.029365468795025662,0.9706345312049743
1533,"Ủa shop là che dữ chưa v shop, để v thì ai mà chả biết, nhìn vào là biết liền luon ấy , đóng trg hộp thì k nói này đóng gói trong bọc nữa mà bọc màu cam nữa thiếu điều muốn thấy dc trong luon á ,shipper lạ còn đỡ gặp shipper k biết bao nhiêu cái quần để đội nữa",1,1,True,0.09702525736809497,0.902974742631905
1534,Màu sắc ok vải chắc chắn rẻ nữa nên mua nha mn🥰,0,0,True,0.9703756690352288,0.02962433096477127
1535,Âm thanh:ổn Thiết kế:đẹp  Khi nhận hàng thấy sản phẩm bị móp méo,1,1,True,0.257575638512496,0.742424361487504
1536,"Mua qua phiên live có nhiều mac giảm giá, sản phẩm chính hãng, chất lượng.",0,0,True,0.7131980544767169,0.28680194552328303
1537,"Live kêu đơn hàng 500k dc tặng túi son mà giao k thấy, nt hỏi thì nói do này do kia",1,1,True,0.040151575151819,0.959848424848181
1538,Đúng với mô tả:ok Chất liệu:ok Màu sắc:ok  Quần hơi mỏng nma dùng thêm tgian mơí biết đc. Số đo mình viết đại cho có thoi,0,0,True,0.9227853197281981,0.07721468027180184
1539,Made in China. Người dùng bây giờ ko phải như hồi xưa mà dùng vài câu chữ qua mắt được. Cẩn thận đừng để bị gửi hàng fake như mình,1,1,True,0.19438629365034443,0.8056137063496556
1540,Lợi ích:oke nhungw mua không có quà tặng nên cho 2 sao,1,1,True,0.19940356166860596,0.800596438331394
1541,Đóng gói kĩ chống sốc mà vẫn bị móp méo rách nát chứng tỏ shop ship hàng bị lỗi và kém chất lượng.,1,1,True,0.10129254566274926,0.8987074543372507
1542,"Giao hàng nhanh chóng, đóng gói cẩn thận, date còn khá xa, sản phẩm dịu nhẹ",0,0,True,0.980575605448125,0.019424394551874943
1543,Làm đẹp:ok Kinh nghiệm sử dụng:hanfg ngay Hương thơm:thom  Đóng gói ship hàng nhanh  ko biết dùng ok không,0,0,True,0.9520854379692789,0.04791456203072104
1544,Shop bán sửa giả mấy dây đầu tiên thì uống được còn mấy giây sau uống là giả hết uống vào khổ con tội con không biết mấy lâu nay cho con uống sửa giả shop làm ăn như cái l Ko có tình người,1,1,True,0.11714954465425609,0.8828504553457439
1545,"Mình mua 3 lon của shop . Mà phần hsd khác với chỗ khác bán hsd 18tháng, shop hsd 15th thấy lạ . Mình có vào xem shop giới thiệu sp là 18th. Nt Cho shop nhờ giải đáp md shop im lặng ko tl , nt 2-3l hỏi về vấn đề nhưng k tl . Quá thất vọng",1,1,True,0.05626244117054824,0.9437375588294518
1546,Shop đóng gói kiểu j sữa bể ra hôi tùm lum hết 😑😑,1,1,True,0.11198244787272993,0.8880175521272701
1547,"Chất lượng sản phẩm:bt Bao bì/Mẫu mã:ko ok Độ tuổi sử dụng:1  Ở lần mua này, 2 hộp của mình bị thiếu cái tem ở ngoài. Inbox thì shop nói tuỳ đợt hàng nhập. Sau này nghĩ lại hàng nhập thiếu chi tiết được thì cũng lạ. Mình ko rõ lý do thật sự đằng sau việc thiếu tem. Nếu có lần sau mình sẽ trả hàng.",1,1,True,0.10630592011834517,0.8936940798816548
1548,"dùng từ bản cũ sang bản mới chai t2 r hihi, vẫn ok mà rửa xong thấy da mềm hơn bản cũ ncl 10/10",0,0,True,0.5503815301427277,0.4496184698572723
1549,"Bao bì/Mẫu mã:sữa tươi dutch lady Hương vị:không đường  Thùng sữa giao tới trong tình trạng còn nguyên vẹn, không bị móp méo hay bị ỉu. Thùng còn nguyên seal, không bị bong tróc nhờ đóng gói kỹ. Bảng thành phần sữa có nhiều chất, hương vị sữa thơm ngon dù là loại không đường. Phù hợp với trẻ nhỏ",0,1,False,0.31960896337329026,0.6803910366267097
1550,"Sàn phẩm tôt, mình đã mua nhiều lần. Shop giao hàng nhanh. Sẽ tiếp tục ủng hộ ạ. Màu giống màu nâu, k có ánh vàng",0,0,True,0.9557002881593886,0.044299711840611405
1551,"giao đủ hàng, săn sale nên giá khá hời, hãng đóng gói bằng bìa cartoon cũ thay vì bọc chống sốc và băng keo cũng là băng keo giấy lun nên t thấy khá bảo vệ mt ấy🥰🥰nchh 10d thuii",0,0,True,0.6235738285164572,0.3764261714835429
1552,"Công dụng:k len mau Mùi hương:thom Dành cho tóc:bạc  Đọc cmt thấy mn bảo tóc đen vẫn lên màu Nhưng với tóc mình thì nó k lên mặc dù 1/2 tóc mình là tóc tẩy. Để thuốc trên tóc tới hơn 1 tiếng nhưng vẫn k lên Bù lại thì mùi thơm, k hắc k rát da đầu Xả lại bằng nước thì tóc mượt, k khô xơ",1,1,True,0.3179661063448266,0.6820338936551734
1553,"Mua rất nhiều lần nhưng lần nào khâu đóng hàng cũng rất tệ, chưa mở ra đã bung bét hết hàng ra rồi, ọp ẹt từ bên ngoài lẫn bên trong, nhìn đâu tưởng hàng mấy nghìn",1,1,True,0.06544718982975561,0.9345528101702444
1554,"2tr3 cho 4 lon Giá cả tương đối hợp lý, chưa sử dụng nên chưa đánh giá chất lượng, mẫu mã bao bì ổn",0,0,True,0.7721304765784347,0.22786952342156527
1555,"Gội xong thấy tóc đặc biệt khô, không được mượt, hình ảnh và vd chủ mang tính chất nhận xu",1,0,False,0.7497639810175767,0.25023601898242326
1556,"Hàng giao lâu mà kém chất lượng chai thì bị gãy vòi, chưa bao giờ mua hàng mà trải nghiệm tệ như vậy",1,1,True,0.04253019355880305,0.957469806441197
1557,Chức năng cầm nắm:chac chan Độ trong suốt:trong suot  Ốp nhựa cứng chỉ chống ố chú không chống va đập. Nếu như dẻo sẽ ok hơn. Ốp không trùm hết cả viền điện thoại nha . M người cân nhắc. Giá này mà ốp vậy m thấy ko xứng. Dc cái bao bì đóng gói thì chỉn chu cẩn thận .,1,1,True,0.20893448896173727,0.7910655110382627
1558,"Lợi ích:dưỡng tóc Mẹo:hướng dẫn sao xài vậy Hương thơm:thơm, rất thơm nha, nhưng không nồng  làm mềm tóc tức thì luôn, để nguyên ngày tối về tóc vẫn còn mềm",0,0,True,0.7706575394511602,0.2293424605488398
1559,Mình dùng 2 ngày thấy ổn nha. Sáng dậy mặt ít đâu hơn hẳn. Mình đang dùng bộ đôi K,0,0,True,0.6843899432710925,0.3156100567289076
1560,Hàng oke đẹp ạ giao nhanh lần sau sẽ ủng hộ shopp tiếppppppppp😛😛😛,0,0,True,0.9728846271576003,0.027115372842399746
1561,"Nhiều gel và mùi rất rất thơm nha, thấy bao bì khá lạ nhờ vậy mà tránh được sự để ý",0,0,True,0.6925937711509798,0.30740622884902025
1562,Giao hàng nhanh đóng gói kĩ đã mua nhiều lần oke sẽ ủng hộ shop tiếp,0,0,True,0.9946616581180443,0.005338341881955663
1563,Công dụng:Để đắp mắt Mùi hương:Khá thơm Dành cho da:Mọi loại da  Bảo bì đẹp xịn xò Lần đầu tiên mua nên chưa rõ hiệu quả hay không. Sẽ mua tiếp nếu có kết quả tốt,0,0,True,0.927522514027874,0.07247748597212603
