index,text,true_label,pred_label,correct,prob_class_0,prob_class_1
0,Độ mỏng nhẹ:k thấm nhanh ạ. tui bôi mà n rất dính lun Chống nắng:rất dínhhjh Làm sáng da:k có  Mùi thơm quá luôn ah. Kcn cũng quá dính và không lên tone. Sẽ k mua lại đâu ạ hic,1,0,False,0.9586937603218727,0.041306239678127264
1,"Shop gói hàng qua loa lắm vận chuyển bị rơi thế là hỏng mất 2 túi shop làm ăn vậy chết, không có bọc chống sốc cho sản phẩm",1,1,True,0.000891239659534793,0.999108760340463
2,"Mùi hương:thơm ngọt nịnh mũi lắm Độ lưu hương:hăm bit  rcm mng mua mùi này nh ngửi thấy rất là dthh và nịnh mũi luôn kỉu ebe, mùi rất giống với mô tả của sóp",0,0,True,0.9504449889634861,0.04955501103651373
3,"Lần trước mình mua loại này dùng rất tốt nên mua lại, nhưng lần này chất kem, màu sắc đều rất khác. Màu kem hồng hơn và đặc hơn, nắp hộp lại bị lệch ko thể vặn khớp được, hộp thì móp méo, keo dán hộp giấy bên ngoài thì bị rách, cảm giác như đã bị lấy ra vào nhiều lần. Rất rất tệ và cẩu thả. Mình không dám dùng nữa, các bạn trước khi mua nên cân nhắc",1,1,True,0.00037722949881251715,0.9996227705011812
4,Kinh nghiệm sử dụng:ok Hương thơm:ok Mẹo:ok  Shop giao hàng đúng thời hạn. Sản phẩm đúng mô tả và phù hợp vs giá tiền,0,0,True,0.9992048422626049,0.0007951577373946244
5,"Trên live thì mua 1 tặng 1 xong lúc ship thì có mỗi chai. Giao hàng nhanh, đóng gói cẩn thận, shiper thân thiện",1,1,True,0.25640939066608176,0.743590609333916
6,"Note trên sp là mua 1 tặng 2, nhưng ko thấy chỗ mua kèm deal sốc, cũng ko kèm quà tặng. Những lần trước mình mua ko có thêm deal sốc thì vẫn có quà tặng kèm. Vô cùng thất vọng",1,1,True,0.0001032987373890018,0.9998967012626102
7,"Làm sáng:Hàng đẹp, đúng mẫu mã, đẹp Nâng tông:kem nâng tông tự nhiên, sáng da",0,0,True,0.9958845772053211,0.004115422794677593
8,Chất lượng sản phẩm:tot Bao bì/Mẫu mã:dung hinh anh quang cao Độ tuổi sử dụng:trên 1 tuổi,0,0,True,0.8705376854124497,0.129462314587549
9,Sản phẩm thì không bàn cãi nhưng che tên sản phẩm như này thì che làm gì shipper không phải người nào cũng bé mồm đâu ạ,1,1,True,0.04851548095377179,0.9514845190462247
10,"Hàng mall nhưng seal không có, hộp giấy bao bì cũng không, chỉ có 1 chai kem nền trần trông rất phản cảm và fake lòi. Hãng nên xem lại cách đóng gói sao cho hợp thẩm mỹ hơn, cách đóng gói chỉn chu cũng là 1 cách khiến khách hàng yêu thích và muốn quay lại ủng hộ ngoài chất lượng sản phẩm",1,1,True,0.004269878427595832,0.9957301215724038
11,Đã nhận được hàng đúng với mô tả nhưng k hài lòng về cách đóng gói sản phẩm khi mình nhận được thì thùng bung hết ra k biết sản phẩm có bị đổi hay k?k biết có cách nào để check xem có phải hàng chuẩn hay k?,1,1,True,0.009562982785454584,0.9904370172145459
12,"Mẹo:ok Bao bì:ok Kinh nghiệm sử dụng:ok  dùng ổn so với giá tiền, cũng được cũng tạm nên mua để dùng",0,0,True,0.9929058801731214,0.0070941198268790655
13,Chất lượng sản phẩm:ok  Đóng gói ship hàng nhanh .. chất lượng ok thơm quần áo sạchh .. săn giá rẻ,0,0,True,0.9993194029767213,0.0006805970232803305
14,"Hình ảnh mang tính chất nhận xu!  Lỡ đặt thì lấy chứ k hài lòng lắm,lần cuối cùng mua hàng của bên này,k có lần 2",1,1,True,0.14273876984202494,0.8572612301579778
15,"Mùi thơm thích lắm, nhiều gel k bị khô đâu ạ :)) hy vọng hiệu quả tránh thai chất lượng",0,0,True,0.9758505905475088,0.02414940945249128
16,làm đếchh có tâm chúc cho thương hiệu chúng mày ngày càng lụii bạiii,1,1,True,0.12612482250788712,0.8738751774921113
17,son siêu tệ mùi hoá học nồng nặc màu xấu lại còn nhanh trôi đọng lại màu nó xấu tàn canh  lần đầu mua trúng cây son kinh khủng như vậy!!!,1,1,True,0.026580769602220965,0.9734192303977807
18,"Combo 5 quần lót sịp nam Trunk Cotton Coolmate mang lại cảm giác thoải mái, mềm mại và thoáng khí khi mặc. Chất liệu co giãn tốt, ôm vừa vặn, không gây bí bách. Đường may chắc chắn, form đẹp, phù hợp sử dụng hằng ngày. Giá hợp lý, đáng mua.",0,0,True,0.9994774867537618,0.0005225132462311613
19,"Chưa bh dùng kcn nào mà kích ứng như loại này, bôi đến đâu rát da đến đấy, bôi xong là mặt đỏ, mầy đay rõ luôn, cạch hãng này thôi",1,1,True,0.1464367082799382,0.8535632917200648
20,Kinh nghiệm sử dụng:thấy vẫn rụng tóc nhx k qs nhiều Làm đẹp:ko bt Bao bì:lỗi  tưởng brand lớn làm ăn như nào chứ ship về chảy te tua nắp bật hết ra lỗi kinh người mà mình vào phần đáng giá thấy bnh người bị như mình rồi thế mà brand k bt sửa lại bao bì di chứ mua về thế này thất vọng thật sự ý!chả hỉu lm ăn kiur rì luông😓,1,1,True,0.0005150043148086254,0.9994849956851892
21,"Lần đầu mua mà thất vọng tràn trề với shop mall. Nhận hàng thùng rách tứ tung, hỏi trực tiếp nhân viên live thì báo liên hệ trung tâm Shopee vì giao cho bên đó đóng gói và xử lý đơn, chờ bên nhãn hàng sẽ lâu. Nhắn tin cho shop thì cũng được hướng dẫn hoàn hàng. Cái mình muốn ko phải hoàn hàng mà chỉ muốn hỏi có bọc chống sốc hàng ko? Có nguy cơ bị tráo hàng ko thì ko trả lời.",1,1,True,6.475946169193258e-06,0.9999935240538287
22,"Chất lượng:phản ánh quà tặng chơi mini game Bao bì:liên hệ nhiều lần nhưng chỉ ghi nhận, k ai xử lý. Từ 11/11 đến 1/12 k ai xử lý, dù mình chỉ xin dc để gửi trả cho shop nhận và xem kỹ coi dám cho con cháu shop chơi k  Mua đơn hàng cũng vài triệu và thức khuya để chơi mini game. Mình đã mua mấy chục triệu tiền sữa và chơi mini game nhìu lần, nhận quà cũng khá hài lòng. Tuy nhiên lần gần đây nhất mình khá bức xúc vì quà tặng quá dơ, cũ, trầy, trầy luôn cả chữ in, đóng 1 lớp đất đen chứ k phải bụi. Nhìn k khác gì từ xe rác lượm lại rồi đem làm quà tặng. Các bạn nghĩ xem nhận quà tặng như thế khác nào đem bệnh về cho bé nhỏ. Liên hệ nhìu lần chỉ toàn ghi nhận nhưng k ai xử lý, mình chỉ cần cho mình dc gửi trả lại quà. Vui lòng phản hồi gấp. Xin cám ơn và từ giờ mình cũng né shop ra luôn.",1,1,True,6.454727813357397e-05,0.9999354527218679
23,Giá thì ok đó mua đc tặng giỏ. Giỏ cũng ok luôn.  To và dày màu đẹp. Đóng gói cũng đẹp.  mình mua giá gốc kèm giỏ tặng hôm sau vô thấy giá sale cũng kèm quà tặng y chang vậy nên mình ghéttttt mình cho 1 sao.,1,0,False,0.704234584646006,0.295765415353996
24,"Dưỡng ẩm:chat kem hoi bet xiu Làm sáng da:min mang, giu am cũng khá khá Hương thơm:mui huong nhe nhang",0,0,True,0.999900923183236,9.907681676643579e-05
25,"Mùi hương:thơm Độ lưu hương:5 tiengs  Mùi siêu thơm quá, 10/10 mua 1 được tặng 3, thích quá ạ. Nhiều màu như thế này mới biết được là chai nào thơm theo ý mình í. Màu đẹp quá ạ",0,0,True,0.9506696502051785,0.049330349794821184
26,"Màu sắc:trắng  mũ xinh phết nho, đội đi biển cho đỡ nắng còn đẹp nữa, à đội mấy lúc tóc bết nữa :))))",0,0,True,0.9081504222121899,0.09184957778781357
27,"Đã nhận được hàng, đóng gói rất kỹ lưỡng và chỉnh chu ạ. Mình chưa xài ngay nên chưa đánh giá được chất lượng, đây cũng là lần đầu mua nên nếu có phản hồi về chất lượng mình sẽ note sau",0,0,True,0.8654869979094624,0.13451300209053926
28,"Hình ảnh mang tính chất tượng trưng, Giao hàng nhanh chóng , shipper thân thiện chu đáo , đóng gói cẩn thận , nhanh hàng ngày Tết nhưng vẫn giao rất OK ! Nói chung là hàng tốt nhé",0,0,True,0.9994769159173889,0.0005230840826115571
29,"moi mua lan dau hi vọng toc se vao nep mêm muot,  shop goi hang rat can than",0,0,True,0.9909003780388794,0.009099621961118649
30,"Shop lừa đảo , quá tệ ngoài hình ảnh rõ ràng ghi quà tặng khi gửi hàng thì không có quà , lừa đảo khách hàng , hok đáng giá nhưng ghét nhất là kiểu lừa khách hàng như vậy , sẽ không bao giờ quay lại mua shop này",1,1,True,2.7593566172412753e-05,0.9999724064338273
31,Quảng cáo 1 đằng giao hàng 1 nẻo (tặng khuyến mãi 2 món mà chỉ giao 1 món trong khi ngoài đơn hàng vẫn ghi đủ 2 món) mua nhiều lần rùi mà càng ngày càng thất vọng. mất lòng tin quá,1,1,True,0.0026118416975118184,0.9973881583024873
32,"Được tặng dùng thích quá nên mua dùng tiếp. Thoa lên da căng bóng, chai quá bự luôn.",0,0,True,0.9570344408166139,0.04296555918338478
33,Mua ohas nhiều của shop rồi nên thấy sp ưng ý dùng dễ mà hiệu quả nha,0,0,True,0.9079101892845804,0.09208981071541657
34,"tai nghe ksao nhưng hộp tai nghe nát, cả tóc trong hộp, trông chán",1,1,True,0.06809024258841129,0.9319097574115894
35,Nhận thùng hàng sữa đổ ướt hết thùng. Bóc ra thì có mấy bục bị xì. Nt shop giải quyết thì kêu hoàn. Ngta đang cần thì ngta mới đặt. Xì bịch nào thì hoàn trả ngta tiền bịch í. Đây kêu hoàn hàng. R mấy ngày chờ nhận sữa của ngta cho mất công à,1,1,True,1.3110767259507235e-05,0.9999868892327437
36,Bao bì/Mẫu mã:Oke Độ tuổi sử dụng:Oke Chất lượng sản phẩm:Oke  Giao hàng nhah Oke,0,0,True,0.993106084486853,0.006893915513143445
37,"đặt hôm qua là hôm nay nhận đc đơn r, ưng sản phẩm bên shop nên chỉ đặt của shop đó giờ",0,0,True,0.567747227937172,0.43225277206282964
38,"Đóng gói sơ sài 1 lớp xốp mỏng sữa tắm trào ra ngoài nên lớp đóng gói không hề dính vào thân chai sữa tắm... Sữa tắm trào ra ướt cả thùng giấy đã chụp ảnh gửi cskh nhưng không thấy phản hồi, phản hồi như không phản hồi. Đặt hàng có quà tặng nhưng giao hàng không có khi nhắn tin hỏi lại nhiều lần không thấy trả lời mình đã hỏi trực tiếp trên live tream thì mới có người trả lời và những câu trả lời rất vô nghĩa. Mình cứ nghĩ mua hàng tại gian hàng chính hãng sẽ uy tín nhưng lại không hề có 1 chút uy tín nào trong khi giá thành cao hơn các cửa hàng khác chứ không hề rẻ. Đã mua hàng nhiều lần nhưng đây là lần cuối mình mua hàng tại đây. Trải nghiệm tồi tệ   Đây là có 1 sao chứ có âm sao mình sẽ đánh âm sao luôn. Người dùng lần đầu tiên trong chục năm dùng shoppe đánh giá 1 sao cho hay.",1,1,True,1.2418865345357347e-05,0.9999875811346537
39,Shop giao hàng đung mẫu đúng số lượng shiper rất vui vẻ. Nhiêt tình. Thank shop nhiều..,0,0,True,0.9942252786864069,0.005774721313593493
40,đóng hàng kh có nổi một cái miếng xốp bọc sản phẩm lại??? đóng gói quá sơ sài,1,1,True,0.002093575977722901,0.9979064240222755
41,"Ddã dùng nhiều lần, giao hàng nhanh, đóng gói cẩn thận. Ko biết nói gì",0,0,True,0.9631528049975444,0.03684719500245756
42,K có sản phẩm tặng như quảng cáo😡😡😡😡,1,1,True,0.002500712412251179,0.9974992875877496
43,Mình mới sd lần đầu nên cũng ko có đánh giá gì. Manh tc nhận xu nè,0,0,True,0.9460293926326668,0.05397060736733601
44,"Bao bì:nang Hương thơm:k thom Kinh nghiệm sử dụng:k  K hề thơm , chất và công dụng quá bình thường . Đừng thổi phồng về nó . Mua lố quá vì tưởng tốt  Nhận hàng về hối hận",1,1,True,0.47109188905916466,0.5289081109408368
45,"Mình đã nhận được hàng, nhưng bị thất vọng. 1 shop mall nhưng đóng bao bì thì ọp ẹp. Chưa kể ảnh ghi khuyến mại ngày 25/8 nhưng nhận về chỉ mỗi 1 lọ kem, k thấy khuyến mại đâu. Bóc hàng ra có mỗi lọ kem, không có bao bì vỏ hộp đâu",1,1,True,0.0001324647900487911,0.9998675352099498
46,"shop giao hàng nhanh , đóng gói chắc chắn , giao hàng đúng mẫu mã , đủ số lượng , sẽ ủng hộ tiếp, mượn ảnh kiếm xu",0,0,True,0.9996343969566478,0.0003656030433489819
47,"Shop giao hàng siêu nhanh, giao hàng đầy đủ, gội xả thơm lắm mn",0,0,True,0.9957639807425178,0.004236019257479222
48,"🌩 MIỀN BẮC Từ đêm nay không khí lạnh tràn về dồn dập, mưa rét buốt thấp nhất 10 -13 độ đúng dịp 8/3 🥶",1,1,True,0.19181663278407232,0.8081833672159271
49,"Nó giao cường lực sộc caro nha mọi ngươi,lừa đảo",1,1,True,0.05583137108012717,0.944168628919872
50,"Son khô môi, bóng lúc mới son, 10 phút sau set lại thành lì luôn, khi set lại thành môi thâm.",1,1,True,0.4043618129864982,0.5956381870135015
51,"Trên hình sản phẩm thì để mua 1 chai tặng quà tặng. Mà giao hàng thì k có. Mà hỏi shop thì bảo phải bấm kèm deal sốc mới có, mà trong chỗ giỏ hàng khi mua có kèm deal sốc gì đâu. Để hình quà tặng cho vui à, Lừa đảo à. Trước khi mua nên xem kỹ lại nha mn.",1,1,True,3.0030873583136204e-05,0.9999699691264223
52,"Tôi cực kỳ không hài lòng với sản phẩm sữa của shop. Khi sử dụng, sữa vón cục, sủi bọt bất thường, xuất hiện cặn đen rõ ràng, hoàn toàn không đảm bảo an toàn thực phẩm, tiềm ẩn nguy cơ ảnh hưởng sức khỏe người tiêu dùng. Bao bì đóng gói sơ sài, chỉ bọc giấy, không đảm bảo tiêu chuẩn bảo quản, thể hiện sự thiếu uy tín và thiếu trách nhiệm.  Khi tôi phản ánh, shop hỗ trợ kém, trả lời qua loa, né tránh trách nhiệm, không đưa ra phương án giải quyết cụ thể. Tôi yêu cầu shop đổi trả hàng và bồi thường đầy đủ, đồng thời đề nghị Shopee tăng cường kiểm soát các shop kinh doanh thực phẩm, xử lý nghiêm các trường hợp bán hàng kém chất lượng. Shop có trách nhiệm giải quyết dứt điểm cho khách hàng, không được im lặng hay đùn đẩy.",1,1,True,8.416430234663924e-06,0.9999915835697712
53,"Hương thơm:thowm  mới chuyển sang gội thử dầu bên L'oreal nên chưa biết hiệu quả thế nào nhưng hàng về hơi thất vọng vì đóng gói sơ sài, vừa bóc ra cái thấy chảy đầy ra r :)))",1,1,True,0.015005680258207523,0.9849943197417905
54,Mua off chỗ mình 280k. Mua sàn cam 205k. Đóng gói ẩu bị móp vỡ 2 vỉ ống hút. Phải đổ ra côc uống,1,1,True,0.007355954757325987,0.9926440452426749
55,"Bao bì/Mẫu mã:ổn Độ tuổi sử dụng:đúng Chất lượng sản phẩm:ổn  Giao hàng gói cận thận, đúng sản phẩm, bé dùng nhiều lần",0,0,True,0.9950383619168234,0.004961638083175411
56,Lợi ích:duong da Kinh nghiệm sử dụng:chua co Hương thơm:k ro  Giao hang nhanh Đung san pham Co qua tang kem  Chua su dung len khong ro Khong bi mop meo,0,0,True,0.8941324277030837,0.1058675722969154
57,Giao thiếu hàng còn ko giải quyết,1,1,True,0.00017749490828420942,0.9998225050917172
58,Kem thơm dưỡng ẩm oke đã mua rất nhiều lần thấy ổn lém,0,0,True,0.9955819069978139,0.004418093002187535
59,Mùi hương:thơm Dành cho tóc:bết Công dụng:làm phồng tóc  Rất rcm nha đáng mua lắm shop 5 saoooooo,0,0,True,0.9755188813344426,0.02448111866555675
60,"Kem che khuyết điểm dùng ổn đáng mua, giao hàng nhanh ❤️‍🔥❤️🥰😚ôkka",0,0,True,0.96854177943065,0.03145822056935154
61,Độ tuổi sử dụng:bé cũng dùng đc lớn cubgx dùng đ Chất lượng sản phẩm:tôt  Giao đủ chai vừa vừa thơm lắm nha mn,0,0,True,0.9959136708955195,0.00408632910447734
62,"Khâu đóng gói quá tệ, quá sơ sài, không có thùng cartoon đựng sản phẩm mà thay vào đó là một túi nilon mỏng dính đựng sản phẩm ở trong, mở ra hộp nào cũng móp méo",1,1,True,0.00017784914298036125,0.9998221508570188
63,"Rất ko nên dùng nhé cả nhà. Ốp vào mở ra rất khó, mở đỏ tay mới tháo đc ốp ra khỏi máy. Rồi bị xước máy nữa",1,1,True,0.03543670705651924,0.9645632929434811
64,Mua đến chai thứ 2 vẫn lỗi nắp k mở dc,1,1,True,0.08453479195390784,0.9154652080460924
65,Bao bì/Mẫu mã:hàng bị vỡ hỏng Hương vị:sữa trắng  Hàng bị hư. Sữa bị chảy hết ra ngoài. Mùi rất khó chịu. Thời tiết nắng nóng giao hàng lâu không bảo quản tốt. Uống chỉ sợ lại đau bụng mất,1,1,True,0.0028086030544713994,0.9971913969455309
66,Hàng bị móp quá nhiều,1,1,True,0.019622104225451083,0.9803778957745485
67,"Lợi ích:để km thì chà bá, còn ghi chú bé tí tẹo , tặng thì để hình ko tặng dẹp hình đi , làm thao tác này thao tác nọ , phiền phức , cảm giác bị lừa gạt",1,1,True,0.0008434907611862037,0.9991565092388123
68,Chất lượng sản phẩm:tốt Độ tuổi sử dụng:Baby  Mua cho bé nhà sai sẵn tiện ké luôn Hihi Hình ảnh chỉ mang tính chất nhận được xu  Nên mua nhe,0,0,True,0.9990314231397481,0.000968576860253954
69,Sản phẩm xài rất tốt nha shop đóng gói rất kỹ vẻ đẹp cảm ơn shop,0,0,True,0.9967582497147693,0.0032417502852320162
70,"Dùng cảm thấy ok phết, chưa biết sau sẽ ntn, cảm thấy kiềm dầu ổn",0,0,True,0.9609515978064141,0.03904840219358382
71,Để mua 1 tặng 1 mà có tặng gì đâu,1,1,True,0.003383720684987967,0.9966162793150127
72,Hình ảnhhh mangg  tínhh châtts nhậnnn xuu. Đóngg góii kĩi. Giaoo hàngg nhanhhh. Cámm ơnn shoppp .,0,0,True,0.6497116377171821,0.3502883622828177
73,Hương vị:thơm Bao bì/Mẫu mã:đóng gói không kĩ bị bung ra như vầy  Mua ở shop nhiều lần lắm rồi. Lần này ship hàng lâu mà ship tới lại còn bị bung thùng haizzz,1,1,True,0.013124584965346459,0.9868754150346521
74,"Màu ko như hình, vỏ hộp kiêm tra như đã có ai mở,lọ son như đã qua sử dụng",1,1,True,0.00888944505426646,0.9911105549457371
75,Công dụng:làm sáng da  Không biết vì lý do gì mà sử dụng sản phẩm bị rát và ngứa đã sử dụng rất nhiều lần nhưng vẫn bị rớt và ngứa các serum khác tôi sử dụng không sao trừ cái này,1,1,True,0.16900702326602565,0.8309929767339767
76,Mình k đc nhận đồ này,1,1,True,0.030045038914879644,0.9699549610851186
77,Bị bể 1 bịch sữa hương dâu! Vận chuyển quá kém.,1,1,True,0.004216367070850162,0.995783632929149
78,"Làm đẹp:đánh lê. tối luôn 3 tông, chai k seal không hộp gì hết, này hàng fake chứ real gì",1,1,True,0.0077894126946243284,0.992210587305378
79,"Phải nói là wtf luôn á, lùa gà à, thấy giới thiệu, seeding này kia nghĩ chắc cũng ok,mua liền 2 hộp là 6 cái, nay lấy ra dùng, cũng ngâm nước này kia mà nó dỏm vãi, như miếng chà nồi , vừa gây đau rát còn xướt mặt nữa.Bộ đồng tiền mất giá lắm hả, tốn tiền mua mà còn bị rát mặt, dùng cho da chân còn không dám đó mom chứ đừng nói cho da mặt.  Còn định tặng bạn mà may chưa tặng chứ k lại mang tiếng tặng cái chà nồi:)))",1,1,True,0.0043900813326181775,0.9956099186673857
80,"Đối tượng sử dụng:mọi lứa tuổi Chất lượng sản phẩm:tốt Mùi hương:thơm, mùi cute  Mùi dễ chịu. Mà ko bám lâu lắm. Mà chất lượng tốt. Sẽ ủng hộ tiếp ạ",0,0,True,0.9998242670210034,0.0001757329789988112
81,"Chất lượng sản phẩm:Tốt nhưng shop kém  Cách shop giải quyết quá tệ, mình mua về dùng gặp vấn đề 2 tai nghe không đồng bộ. Shop chỉ cho cái voucher là xong hả?",1,1,True,0.0004621156499401139,0.9995378843500616
82,Để hàng tặng kêu mua kèm deal sốc ... Rồi k có chữ mua kèm deal sốc rồi bấm dô kiểu gì . Cuối cùng k giao hàng tặng. Nhắn tin shop thì trả lời hoang mang,1,1,True,0.00018078659897187595,0.999819213401031
83,"Chất lượng:Sản phẩm ok, hình ảnh và video mang tính chất nhận xu!!!!!!!!",0,0,True,0.9997885941711153,0.00021140582888237803
84,"Kêu kèm quà mà ko thấy,",1,1,True,0.005237748037942877,0.9947622519620576
85,"Nhìn chai kem nên thấy sơ sài k có vỏ xong trầy xước, date 2027 mà giờ 2026 rồi nghĩa là mk chỉ dùng đc 6 tháng hơn nữa, mình ít make up nên mới mua kem nền mà gặp quả này chán luôn, k khác j bán hàng tồn kho cho khách",1,1,True,0.0018774155424728489,0.9981225844575267
86,"Làm đẹp:ok Kiểm soát dầu:chua dung  Hàng có dấu hiện bị mở lắp trước rồi, nắp còn bị xước nhiều",1,1,True,0.09566411754909983,0.9043358824508989
87,"Hàng đóng gói k cẩn thận,ms tết ra k muốn bán hàng cho khách hay j mà hàng đóng như đem bố thí ^^",1,1,True,0.013987264209946153,0.9860127357900529
88,"Giao hàng thì không được nhận , shop trả lời nhiệt tình , hàng báo được nhận rồi mà mình chưA đuọc nhận shoppe thì ko giải quyết cục hàng mình ở đâu , là thành viên Vàng bên shoppe mà bị bơ như vậy Thất Vọng",1,1,True,0.00017513379490300147,0.9998248662050978
89,"Mặt nạ đắp cực thích , k quá nhiều dưỡng chất gây nó bách Phù hợp cho da dầu mụn",0,0,True,0.9968994784272102,0.003100521572788121
90,nói mua 1 tặng1 mà giao chỉ có chai dầu gội,1,1,True,0.002647127379417081,0.9973528726205819
91,Da mềm mịn:ok Mùi hương:ok  Ổn nha,0,0,True,0.9990853722954004,0.0009146277045987381
92,Đúng với mô tả:thiếu mất túi đựng quà không thể chấp nhận được,1,1,True,0.01863952812470829,0.9813604718752938
93,"Sữa đểu, không thủng tí nào mà phồng lên như sắp nổ. Bốc mùi chua thối, nt cho shop thì ko giải quyết",1,1,True,3.407030148382349e-05,0.9999659296985177
94,"Màu sắc:nhiều màu Đúng với mô tả:đúng Chất liệu:vải thun  Shop giao hàng nhanh, hàng may đẹp, vải thun co giãn, hy vọng mặc bền và thoải mái.",0,0,True,0.9983139667537004,0.00168603324630149
95,Mặt nạ dùng rất thích. Mình mua lần thứ 3 rồi. Đã từng dùng nhiều mặt nạ nhưng mặt nạ này là thích nhất.,0,0,True,0.9820135791851583,0.01798642081484354
96,Mua hàng ở ngoài thì kêu khuyến mãi lúc giao không có khuyến mãi còn bắt khách nhấn vào mục khuyến mãi mới được khuyến mãi nói chung là lừa đảo nhân viên cũng thấy khách đặt hàng không kèm khuyến mãi cũng không nhắn hay nói gì lừa đảo luôn,1,1,True,0.0006828683043172602,0.9993171316956843
97,Đúng với mô tả:đúng miêu tả Chất lượng sản phẩm:ok lắm nha  Sản phẩm ok lăm nhìn 45 độ không thấy nhé đúng hàng kinhkong ok sẽ ủng hộ shop thêm,0,0,True,0.9988530240354399,0.0011469759645626565
98,Chất liệu:thoáng mát Đúng với mô tả:rất ok,0,0,True,0.9957895337790831,0.004210466220917551
99,"Giao hàng nhanh. Nhưng bên vận chuyển ném vứt làm bục vỡ chẩy sữa hỏng 3 bịch, sữa bị chẩy ra lên men hỏng gây mùi khó chịu và ướt cả thùng.",0,1,False,3.591927717646038e-05,0.9999640807228227
100,"Mình mới nhận được hàng hôm qua và thật sự rất ưng ý! Sản phẩm nhìn bên ngoài còn đẹp hơn cả hình, chất lượng thì khỏi chê, dùng thử thấy rất ổn áp. Nói chung là từ sản phẩm đến dịch vụ đều làm mình hài lòng, chắc chắn sẽ ủng hộ shop dài dài! 💖",0,0,True,0.994132723010314,0.005867276989685712
101,"Dán k dính, sản phẩm tào lao, bao bì đẹp, lỗi, k nên mua, sau khi mua tặng người yêu bị đòi chia tay",1,1,True,0.08772926961361757,0.9122707303863805
102,"Kém, mua 1 thùng sữa gần 2 tuần, date 21/03/24, mà có 1 lốc bị mốc phần đít, đổ sữa ra có bợn và mùi rất thối. May tôi thấy lạ chưa cho bé uống, đề nghị hãng sữa liên hệ với tôi để giải quyết về chất lượng sữa bán cho khách hàng!",1,1,True,0.0004811115197171523,0.9995188884802769
103,"Mua live của Võ Hoàng Yến, ghi tặng hàng mà ko có quà tặng",1,1,True,0.006809643715289969,0.9931903562847085
104,"Mua hàng lúc 0h để săn đủ quà mà shop giao hàng ko.có quà, hỏi thì trả lời do hết quà Nếu hết quà thì phải ko thêm dc vô giỏ hàng chứ Lừa dối KH Nhắn tin hỏi thì kêu trả hàng",1,1,True,4.191461859514818e-05,0.9999580853814063
105,"Công dụng:sạch vừa đủ, ẩm  da hỗn hợp thiên dầu dùng rất ok. Nên mát xa kĩ phần chữ tên trc khi đến 2 má đối với da hỗn hợp.",0,0,True,0.9964289710486351,0.0035710289513639316
106,Hương thơm:thơm ít hơn chai cùng loại mình xài trước  Không có quà tặng kèm như quảng cáo,1,1,True,0.04921834585535883,0.9507816541446389
107,Chất lượng sản phẩm:chưa dùng nên không biết Độ tuổi sử dụng:mọi người  Đóng gói chắc chắn chưa dùng nên không biết sản phẩm ok không nữa,0,0,True,0.9724613337915854,0.027538666208411496
108,"bình nước không giữ nhiệt , bỏ đá vô thì ở ngoài bị chảy hơi nước . Không đúng quảng cáo",1,1,True,0.009196632197984913,0.990803367802015
109,Giao hàng đã qua dử dụng,1,1,True,0.1783732572304863,0.8216267427695143
110,"Hương thơm:te Mẹo:te  đóng gói hàng cẩu thả,giao tới tay rách ten bét hết trơn, bọc chống sốc cuốn ko đc kĩ",1,1,True,0.0028953160174906476,0.9971046839825125
111,Hình mang mang tính cb ất minh hoạ mùi hương thơm lưu hương trên mình tầm 2 tiếng hơi mùi cồn kucs đầu,0,0,True,0.9926672069962835,0.007332793003719902
112,"Sản phẩm có chất lượng ổn định, đúng mô tả, sử dụng tiện lợi và mang lại trải nghiệm khá tốt. Thiết kế đơn giản nhưng tinh tế, phù hợp với nhu cầu sử dụng hằng ngày. Giá cả hợp lý so với chất lượng, đáng để cân nhắc và trải nghiệm.",0,0,True,0.9986516291382892,0.001348370861710663
113,Shop để trên bìa có tặng thêm chai 500ml mà lúc nhận hàng thì hông có tặng chai nào hết,1,1,True,0.0016853583072425858,0.9983146416927575
114,"Vận chuyển móp hết hộp, đã thế lại ko đồng nhất với app, giao hàng trước cả khi thông báo, ko hài lòng 1 chút nào",1,1,True,0.0004970498176326691,0.9995029501823672
115,Mùi hương:hương cà phê Công dụng:tẩy da chết body Phù hợp với loại da:mọi loại da  Shop giao hàng nhanh. Gói túi dạng 200ml thui ạ,0,0,True,0.9996421200285263,0.0003578799714710514
116,"Bao bì/Mẫu mã:bao bì lỏng lẻo Hương vị:vị ok  Hàng đóng gói sơ sài, quấn 1 lớp màng co mỏng không có tác dụng chống sốc, 1 bịch sữa bị chảy hoàn toàn và dính ra các bịch khác. Không hài lòng",1,1,True,0.0012034497388109166,0.9987965502611896
117,"Bao bì/Mẫu mã:hàng giao hộp đã bị méo, có dấu hiệu ko còn nguyên vẹn  M đặt thùng sữa 48 hộp, 12 lốc loại 4 hộp/lốc nhưng hàng nhận được chỉ có 8 lốc 32 hộp. M liên hệ shop và Shopee để khiếu nại đơn hàng nhưng shop trả lời qua loa và ko chịu hoàn tiền cho mình. Tin nhắn gửi suốt 2 hôm không có người rep. Shop này ko phải Mall hoặc giả tạo Mall mà thôi. M đã report shop lừa đảo. MN mua hàng nên chọn cửa hàng thông thái, đừng như mình.",1,1,True,1.3661784125190504e-05,0.9999863382158768
118,Shop ddongs hàng cẩn thận Shop giao hàng nhanh Giá cả hợp lý nchung,0,0,True,0.9940044302189052,0.005995569781094562
119,"Mình bị gàu kinh niên thử qua rất nhiều loại cũng k đỡ, thấy clear ra dòng mới nên có xài thử chai vàng thì thấy đáng đồng tiền bát gạo nha, nhưng nhược điểm thì tóc mau bết. Được review nên dùng xen kẽ với chai xanh này để tóc bồng bềnh và vẫn kiềm gàu nên mua xài thử. Hy vọng cải thiện. Có hiệu quả sẽ quay lại đánh giá lại.",0,0,True,0.9725521475131902,0.02744785248681367
120,"sale 7/7 mình đặt 4 hộp và vỡ 2 hộp , shop đa hoàn đổi hành. mình rất hài lòng lần này mình đặt 2 hộp, nhưng 1 hộp nguyên và 1 hộp bị bung nắp, tốn thời gian đổi nên mình đã lấy luôn( đợt này mặc dùng có chống sốc nhưng vẫn bị vỡ 1 hop. đúng là giá shope nó rẻ hơn ngoài tiệm nhưng đây là mặc hàng có giá trị thì đóng gói phải được chú trọng , hơn nữa sữa phải được đóng nắp kĩ, trường hợp bung nắp như vậy ko đảm bảo được chất lượng. nói chung đã ủng hộ nhìu lần và thấy chất lượng đóng gói không ổn định. nên sẽ cân nhắc kĩ nếu mua tiếp",1,1,True,0.0024619750756598334,0.9975380249243393
121,"Dưỡng ẩm:da kho Làm sáng da:duong sang  dưỡng ẩm tốt cho da với lại làm sáng da nhưng phải kiên trì xài, giao hàng nhanh",0,0,True,0.9984170232314603,0.0015829767685410692
122,"Lợi ích:giảm mụn rõ rệt Mẹo:da dầu nhiều đắp 15p xong rửa Làm đẹp:giảm mụn, mịn da  Ultr mặt nạ caryophy dùng siêu thích, giảm mụn rõ rệt chân ái luôn. Hi vọng mãi mãi tồn tại",0,0,True,0.997652641325665,0.002347358674335377
123,Kêu mua 1 tặng 2 mà khi nhận chỉ có 1 chai dầu. Hãng cũng lừa như chợ zời. Mọi người thận trọng khi mua,1,1,True,0.001297973673285485,0.9987020263267179
124,"Quá tệ. Shop gửi hàng hộp đã xập xệ thì chớ, còn đóng gói quá sơ sài, bọc chống sốc có đúng 1 lớp mỏng. Sữa bị vỡ hết, mùi hôi thối bốc ra kinh khủng. Chẳng thèm gửi lại nữa luôn. Khiếp hồn.",1,1,True,4.918716950276117e-05,0.9999508128304992
125,"túi giao về bị rách một bên, phải lấy băng dán dán đỡ",1,1,True,0.0015296897007146414,0.9984703102992837
126,"shop giao hàng nhanh lắm luôn đặt hôm qua , nay giao hàng luôn rồi quần vải mát",0,0,True,0.9673236078843888,0.03267639211561193
127,"Hạt phấn rất mịn, nhẹ trên da, kiềm dầu ổn, hiệu ứng cà da khá tốt",0,0,True,0.9687998383378807,0.031200161662119433
128,"Mút mềm, màu sắc dễ thương. Nhúng nước mút nở thêm, rửa mặt sạch",0,0,True,0.9094701053040566,0.09052989469594376
129,Đánh giá 1s vì maketing xem thường phụ nữ,1,1,True,0.239130343085457,0.7608696569145412
130,"Chất lượng ch biết thế nào mà cách shop đóng gói  quá ư là cẩu thả , nắp chai thì trầy hết như đã qua sử dụng . Lần đầu trải nghiệm mà shop làm thất vọng quá 🥲",1,1,True,0.0008377077192330838,0.9991622922807646
131,Bao bì/Mẫu mã:cũ Hương vị:ổn  mặc dù đã nt nói là đặc nhầm sữa nhờ shop hủy đơn  dùm mà xem tjn nhắn hk phản hồi cũng k hủy đơn dùm đó giờ mua hàng chưa hề bom hàng nên ráng mà nhận hàng thất vọng vô cùng với lại hsd có 6 tháng thôi,1,1,True,0.00014945270819726177,0.9998505472918052
132,"Sản phẩm đúng mô tả, giao hàng nhanh chóng, giá cả hợp lý,,đong goi cân thân...",0,0,True,0.9996911847859198,0.0003088152140835211
133,"ko bọc kĩ lon sữa, vận chuyển bị bể lon sữa văng ra ngoài.",1,1,True,0.0006531841460674339,0.9993468158539333
134,"mn người mua hàng nhớ cẩn thận , mình mua không nhận đc quà tặng , vì hông thấy hướng dãn chọn deal sốc ,nếu có mua thì nên liên hệ shop trước đừng để như mình nhận hàng khui ra mới thấy thiếu, nt shop thì shop bảo phải chọn deal kèm trong khi  shop bán trên video và live thì hông hề có mục chọn deal kèm.",1,1,True,6.164851937308241e-05,0.9999383514806242
135,"Sản phẩm được đóng gói cẩn thận, hàng giao đúng như yêu cầu, chất lượng tốt, giá phải chăng. Sẽ tiếp tục ủng hộ shop khi có nhu cầu.",0,0,True,0.9989418734106665,0.0010581265893325573
136,Chất lượng sản phẩm:tot Độ tuổi sử dụng:cho trẻ em và người lớn  Mùi thơm dễ chịu chưa sử dụng nên chưa biết sản phẩm như thế nào,0,0,True,0.9985171135543709,0.001482886445625661
137,Lần đầu mua nên mình k biét nó ra sao để tháng sau quay lại đánhbgias nh,0,1,False,0.2715708795565138,0.7284291204434853
138,"Xài xui xẻo bị dị ứng, bôi xong trên người nổi mụt đỏ, k tin tà vẫn cứ bôi tiếp thì nó nổi quá trời, mô phật luôn cái số gì đâu á 🥹🥹 Trải nghiệm k tốt nên thôi cho 1 sao ha",1,1,True,0.011942602750726637,0.9880573972492741
139,"siêu đểu, mới dùng đc 2-3 lần mà giờ hết sạch =)) ko xịt đc luôn. Tóc thấy ko bồng mấy, ko bằng mấy sp 8 chục mình mua nữa =)))) Được cái ko vón cục trắng thoai",1,1,True,0.060694099559112445,0.9393059004408847
140,Chưa test nhưng shop giao sai màu. Sai màu đòi video bóc hàng là sao?,1,1,True,0.010913171160960033,0.9890868288390383
141,"Độ dày:kha monh Kết cấu:gel nhiu nha  danh cho couple , k co em be ngoai y muon , gia re",0,0,True,0.9000031400406899,0.09999685995931341
142,"Da mua nhiều lần, đây đủ, du 4 vị, date mới nên ok, ăn riết nghien luôn",0,0,True,0.9327511817146796,0.0672488182853234
143,"Seal chán z tr, seal như k seal. Hang để lâu bụi bặm",1,1,True,0.014287152452138132,0.9857128475478629
144,Công dụng:dưỡng da Dành cho da:da thường Mùi hương:dịu nhẹ  Sản phẩm tốt . Mua nhiều lần rồi . Lần nào cũng có tặng phẩm kèm theo như hình . Lần này mua cũng cận  dịp lễ mà ko có tặng phẩm kèm theo như hình gì hết . Buồn .,1,0,False,0.8006099393717092,0.1993900606282925
145,Rõ ghi tặng như kia mà nhận hàng k có gì Thà k để cái hình quà tặng đio,1,1,True,0.0002674076288583546,0.999732592371144
146,Mùi hương:thơm Dành cho da:mọi loại da Công dụng:dưỡng ẩm  serum ok la nhận đúng mẫu mã quà tặng mọi người nên thử trải nghiệm nha,0,0,True,0.998359493396185,0.0016405066038159164
147,"Độ mềm:mềm mịn Xơ bông:ít  Bông này thì tốt xưa giờ, ít bị sơ bông, giá cũng nhỉnh hơn loại thường 1 chút thôi mà chất lượng tốt hơn nhiều, nên mua",0,0,True,0.9640675591169797,0.03593244088301991
148,Mình sài bị đỏ với hơi rát da.,1,1,True,0.2791723974433805,0.7208276025566208
149,"Giao hàng siêu nhanh, đóng gói cẩn thận và kĩ Sản phẩm giống mẫu siêu xinh nha Sản phầm chất lượng cx ổn Rcm mn mua nha 🫶😭  Lần sau sẽ ủng hộ tiếp 🥰🥰",0,0,True,0.9999833259071772,1.667409281933947e-05
150,"lau siêu sạch, ngồi hì hục 30’ vẫn bị bọt khí trống trộm cũng k tốt",1,0,False,0.5673509699987792,0.4326490300012203
151,"Ảnh và video chỉ mang tính chất minh hoạ. Sữa ngon. Pha chế ngon, đóng gói rất cẩn thận",0,0,True,0.9995654839447319,0.0004345160552664226
152,Đã mua nhiều lần kem sài hợp da thích lắm sẽ ủng hộ shop thêm nữa,0,0,True,0.9985064093724726,0.0014935906275248504
153,"Túi đẹp, đóng gói kĩ nhưng túi bị lỗi đường chỉ có nt qua cskh nhưng shop hỗ trợ k linh hoạt. Vì cần gấp nên mới nhận đỡ, sẽ không quay lại lần sau.",1,1,True,0.0073757950822881954,0.9926242049177098
154,"Kinh nghiệm sử dụng:sau khi goi dau Hương thơm:thom phet, giong mui dau goi Bao bì:chawcs chawns nha  Mình dùng thử xem thế bào",0,0,True,0.9923883669045114,0.007611633095487247
155,"Đợt này sữa bị vón cục nhiều, khó tan. Hỏi hotline nhưng vẫn không có cách xử lí",1,1,True,0.004431104201951879,0.9955688957980516
156,"Gửi cho mình đúng chai lỗi, bị thủng 1 bên, bóc hàng mình ko để ý, bóp ra dùng mới thấy kem rỉ ra ở bên cạnh.  Chất kem dễ tán nhưng bôi xong hơi rít da.",1,1,True,0.01948209978844741,0.980517900211549
157,"Công dụng:an toàn  Giao hàng nhanh, tư vấn lẹ, trộm vía kho của shop gần nhà mình nên ship thường hay hoả tốc đều rẻ",0,0,True,0.9166422528117034,0.08335774718829678
158,"Bao bì/Mẫu mã:sao k bỏ vô thùng carton quấn chống sốc nhiều giúp tôi thế shop? Ship vận chuyển bể đổ tè le, sữa nó dơ nó hôi nó chua thôi rồi",1,1,True,0.0011326495381452696,0.998867350461854
159,"Rất cứng, khó lắp, rất dễ trầy nếu ko dán đth mặt sau, sau 3 ngày sử dụng thì bị trầy rất nhiều, cảm thấy ko xứng đáng giá tiền,",1,1,True,0.016145442930994635,0.9838545570690049
160,Hương vị:ngon Bao bì/Mẫu mã:tốt  Đóng gói cẩn thận thích hợp uống cà phê sữa các loại vvv,0,0,True,0.9950575521844395,0.004942447815561469
161,Bao bì/Mẫu mã:đóng gói cẩn thận không bị trầy xước Hương vị:vani  Mua của shop nhiều lần sản phẩm tốt hsd lâu,0,0,True,0.8845209566745502,0.11547904332544726
162,"Sản phẩm có mùi thơm dễ chịu. Xài êm mướt không bị rít, phù hợp da nhạy cảm",0,0,True,0.9988850909037563,0.0011149090962423614
163,"Mùi hương:thơm Dành cho da:mọi loại da Công dụng:đẹp da  Đã nhận được hàng rồi, shop đóng hàng cẩn thận, ship nhanh, shipper nhiệt tình thân thiện, mình đã té thử, sản phẩm rất tốt, minh sec ghé shop khi có nhu cầu",0,0,True,0.9998559325958846,0.0001440674041153242
164,"Bao bì/Mẫu mã:ok Hương vị:ok  Tệ đặt 2 lần liền đều bị vỡ lần 1 ship còn k giao luôn lần 2 thì bị bục ít, mong shop đóng gói cẩn thận và kỹ hiwn chưa hãng nào mik mua sữa mà bị như này.",1,1,True,0.0038194809688254913,0.9961805190311733
165,"Mình rất hài lòng với sản phẩm mua trên Shopee. Hàng giao nhanh, đóng gói cẩn thận, sản phẩm đúng mô tả và chất lượng tốt so với giá tiền. Sử dụng thấy rất ổn, không có lỗi. Shop tư vấn nhiệt tình, phản hồi nhanh. Sẽ ủng hộ shop trong những lần mua sau. Hình ảnh chỉ mang tính chất nhận xu",0,0,True,0.9998257710974867,0.0001742289025086934
166,"thùng ghi tặng thêm sữa mà k tặng  Hàng đúng mô tả, đóng gói cẩn thận, giao nhanh. Chưa dùng lâu nhưng nhìn ổn, sẽ ủng hộ shop lần sau",1,0,False,0.9821940933102846,0.017805906689715347
167,"Làm đẹp:d Hương thơm:x  Đóng gói rất cẩu thả, có chống xốc như khoing, bị gãy vòi rồi dầu xả đổ hết",1,1,True,0.05740316058273039,0.9425968394172671
168,"Sản phẩm không hư hỏng, dùng tốt, còn hạn sử dụng, giao hàng nhanh",0,0,True,0.8945590731127611,0.1054409268872422
169,"Một trải nghiệm mua hàng phải nói là quá tệ, đây là lần thứ 2 mình đặt đơn lại mà vẫn bị giao sai. Mình đặt kiềm dầu lại giao cấp ẩm. Thật sự k hiểu một trang bán hàng mall mà làm việc thế nào luôn. Trước khi gửi lại đơn này mình cũng nhắn cho shop kiểm tra lại kĩ hãng gửi. Thế mà đến tay lần nữa vẫn sai combo y hệt. Xin phép đánh giá thấp về 2 lần trải nghiệm này.",1,1,True,2.3332832756086392e-05,0.9999766671672378
170,Mùi hương:thơm Độ lưu hương:5-6h  Lúc đầu hơi nồng nhưng về sauu hương thoang thoảng thơm ácccc mùi này ngọt nồng hong hợp trời nắng nóng đâu nhá tui thấy nên sử dụng mùa đông hoặc buổi tối thuii,0,0,True,0.9771435320055976,0.022856467994398912
171,"Chất lượng sản phẩm:chưa sử dụng chưa biết  Shop quảng cáo duy nhất ngày 15/6 mua hàng dc tặng kèm túi Aveeno thì ko thấy tặng. Sản phẩm thì ko có hộp (chỉ gói trong bọc chống sốc), trọng lượng thì nhẹ hơn so với hộp chính hãng bán trong siêu thị mẹ và bé. Săn sale mua nửa giá tiền nào của nấy. Mua lần đầu hàng của shop mà rất thất vọng.",1,1,True,0.00563333319878415,0.9943666668012208
172,"Mình phải sửa lại đánh giá, đủ 33 gói, nhưng gói nhỏ hơn & ít hạt hơn, cũng không đủ loại hạt như trên bao bì, nói chung chất lượng hạt không bằng lần trước mình mua. Giảm giá sale cho cố vô rồi làm giảm chất lượng sản phẩm thế giảm giá làm gì thà bán giá gốc. Đánh giá 1 sao gì shop Mall mà làm ăn gian dối không trung thực 👎",1,1,True,0.0022099811223549944,0.9977900188776424
173,Không có mùo thơm gì hết trơn không mua lại nửa đâu giặt cho bé mà,1,1,True,0.06433072081582536,0.9356692791841725
174,"Quá tệ và bực mình 😡 Sao shop có thể nghĩ tới việc đóng chung đơn sữa với nước lau sàn với nhau được vậy? Sữa thì cũng không chống sốc, nhận hàng bẹp dí vỏ hộp nhàu nát như đồ vứt đi.  Yêu cầu shop làm việc lại với nhân viên đóng hàng để không còn tình trạng ghép đơn vớ vẩn như này nữa.",1,1,True,7.696633214566838e-06,0.999992303366785
175,"Thất vọng tràn trề mua biết bao nhiu lần không sao, lần này srm đổ ra tùm lum",1,1,True,0.00366424372718147,0.996335756272818
176,Đóng gói sp bang cai thùng mỏng lét .nhận đc hộp sữa thì như thế này,1,1,True,0.004374052368611933,0.9956259476313891
177,Hương vị:giao hàng chậm trễ thiếu hàng k bjo mua lại nữa chấp nhận bỏ 1hộp kem sữa đặt luôn quá tệ đặt có 2 thùng sữa với 1h kem sữa đặt cũng giao thiếu,1,1,True,0.001051994390654225,0.9989480056093456
178,"Lừa đảo nhé mọi người ơi, không có quà tặng kèm theo gì hết nhé. Tẩy chay shop này, chưa dùng nhưng nghi là hàng nhái, không có xuất hoá đơn GTGT cho khách hàng là rõ ràng là hàng giả rồi",1,1,True,0.0010266406509103162,0.9989733593490912
179,"Hiệu quả:tốt Thiết kế:ổn  mua hộ bố nên ko rõ, thấy bố dùng tốt, ổn á.. giao diện nhỏ gọn",0,0,True,0.9941235657133725,0.005876434286624625
180,"Vị ngọt thanh, có chút vị ngậy nhẹ, sữa thơm ngon, dễ uống. Mặc dù là shop đóng gói cũng khá cẩn thận. Nhưng có thể do quá trình vận chuyển, một số lốc vẫn hơi móp nhẹ. May k ảnh hưởng gì. Mong shop lưu ý đối với hàng dễ vỡ. Sp này mình mua lần đầu, với sp sữa tươi date gần như mới nguyên, còn loại này thì như mình chụp. Còn được khoảng 4 tháng. Hi vọng lần tới shop gửi hàng date mới hơn. Sẽ tiếp tục ủng hộ shop.  Lần này được tặng bộ đồ chơi gỗ cân bằng, rất đẹp.",0,1,False,0.4931559970853454,0.506844002914657
181,Rất xịn sò nha các chị e oi. Hình ảnh mang tính chất nhận xu ạ. Iu thương,0,0,True,0.9974302001179937,0.002569799882008029
182,"Sữa vị không ngon, giao thiếu cái ly, đặt để lấy ly mà không giao ly",1,1,True,0.022821666525466744,0.9771783334745356
183,"Hương thơm:mùi thơm lâu, dễ chịu Làm sạch:sạch quần áo tốt  Sản phẩm tốt, hương lưu trên quần áo lâu, rất dễ chịu. Sẽ ủng hộ shop vào lần tiếp theo nhé",0,0,True,0.9997286694108535,0.00027133058914830677
184,"Bao bì/Mẫu mã:rach Hương vị:dỡ  Sữa có 1 bịch bị rách nhưng shop k lấy ra làm hôi toàn bộ sữa , võ thì rách",1,1,True,0.0006886721776003743,0.9993113278223983
185,"Độ lưu hương:2h - 3h Mùi hương:nhẹ nhàng tươi mát và béo ngậy  không khổ công đợi nhe chùi, nếu bà nào muốn mùi béo ngây kem với 1 chút hương việt quất nhẹ như 1 miếng cheese cake thì chai Winter Berry là chân ái nha🫐🍰, còn chai Snow Baby thì nó sẽ nhẹ nhàng nó thanh mát mà nó mùi dâu sting á mấy bè mùi cực kì ưng luôn không thề bị nồng nha rất rất zịu cho bà nào vibe tiểu thư, công nương bánh bèo sang chảnh 🫦🍓",0,0,True,0.95575970288237,0.04424029711763635
186,"Làm đẹp:loại ngừa mụn , 400ml , dán bọc đóng gói cẩn thận kĩ càng, giao nhanh",0,0,True,0.9890641457521504,0.01093585424784808
187,"giao hàng nhanh đóng gói chắc chắn , mùi dịu nhẹ không nồng , ko bết dính mình dùng cảm thấy oki la mọi người tham khảo mua nha",0,0,True,0.9997154545583654,0.0002845454416342606
188,"sản phẩm giống hình, giao hàng nhanh, quà tặng kèm k có và cách shop tư vấn k thoả đáng",1,1,True,0.08171514568050822,0.9182848543194918
189,Đăng mẫu mới giao mẫu cũ Sản phẩm không giống mô tả Date hơn 1 nửa,1,1,True,0.08922784902256978,0.9107721509774278
190,Lợi ích:không có quà tặng,1,1,True,0.04315668494964056,0.9568433150503596
191,"Dùng chán ko tả ko. Ko bông, mà chỉ tơi đc 1 ít, tầm 30p sau x2 độ bết và nặng đầu.",1,1,True,0.11791328328361154,0.8820867167163874
192,"Tặng cái thang dễ thương, nhưng giao hàng quá lâu, nhiều quá tặng xinh hấp dẫn",1,1,True,0.19910191060279833,0.800898089397202
193,"Màu sắc:3 màu Chất liệu:thun lạnh  Chất lượng hình in khá tệ, mặc được 1 lần đã bung ra hết",1,0,False,0.6536956051258773,0.34630439487412085
194,Mẹo:đưa ko đúng hàng đã chọn buồn,1,1,True,0.041916701523622174,0.9580832984763775
195,Nhân viên gói hàng bóc mất mã qr quét thưởng. Mở hộp mất mã qr có vết cao su đã bóc chai,1,1,True,0.01310664253266722,0.9868933574673295
196,"Công dụng:tot Độ bền màu:tot  Em này quốc dân quá rồi, mình sài chắc hơn 20 chai rồi đó sài cả 2-3 năm nay rồi, ngon bổ rẻ thật nha, lúc nào cũng mua 1 lúc 2 chai dùng dần, mình chỉ bôi chống nắng nên tẩy trang sạch, không rát da, bạn nào trang điểm loại này không si nhê nha",0,0,True,0.9854582585012661,0.014541741498737581
197,"Đỉnh, giao cẩn thận, rất hài lòng nhé shop ưng nha, giá cũng ổn hài lòng nè",0,0,True,0.9936977210331791,0.00630227896682444
198,"Mùi hương:Ok Dành cho da:dau mun Công dụng:Tham, mun  Đóng gói chắc chắn, còn chất lượng để dùng mới biết",0,0,True,0.9992640492183062,0.000735950781691064
199,Hàng bị đổ chảy dính đầy thùng.,1,1,True,0.0051633260524237235,0.9948366739475775
200,"Đóng gói sơ sài, hộp thì bị vỡ, hộp thì móp góc. Thùng ngấm sữa rách tan tành, mùi chua nồng nặc.",1,1,True,0.0006194458797931515,0.9993805541202054
201,"Đặt 2 hộp bị móp 1 hộp, hộp chèn bóng khí thì k thể móp ntn đc, ntn có khi móp trc khi vận chuyển nhg vẫn cố cho vào cho khách 😡",1,1,True,0.00010763158249427539,0.9998923684175073
202,"Mua đợt khuyến mãi, shop ghi rõ tặng 1 chai 750ml, mình đã đặt được đơn hàng rõ ràng nhưng khi đi đơn xong shop mới nhắn hết chai 750ml, tự ý thay bằng 4 chai 100ml. Shop không rõ ràng với khách hàng và không kiểm soát được số lượng chương trình khuyến mãi của mình.",1,1,True,0.00153536445181042,0.9984646355481877
203,"Hàng thì ko cho đồng kiểm , cái này cũng chấp nhận đi . Đơn hàng 6 triệu mà đóng gói sơ sài , mỡ ra hên là bể 1 hộp mình cũng cố gắng nhận .  Tháng nào mua 4 hộp thì đóng gói tốt . Tháng nào mua 8 hộp là đóng gói bễ tùm lum .",1,1,True,0.001382421866283262,0.998617578133717
204,"Giao thiếu hàng, chối bỏ trách nhiệm. Khi mua trong giỏ hàng có hiện nhưng giao thiếu sản phẩm",1,1,True,0.0001355103498566154,0.9998644896501422
205,"Hương vị:socola Bao bì/Mẫu mã:như mô tả  Ngon nè, giá rẻ hơn mua bên ngoài, ming con uống sẽ cao lớn hơn",0,0,True,0.5391284837347347,0.460871516265264
206,K biết làm sao lần này uống bị sủi bụng. Xong đi ỉa,1,1,True,0.03998752593623873,0.9600124740637596
207,Hương vị:mùi dừa  Nhiều công dụng nhưng mùa lạnh bị đông lại nhưng dùng vẫn ok,0,0,True,0.5762303618969904,0.42376963810300855
208,Sản phẩm có quà tặng nhưng không gửi quà tặng,1,1,True,0.0017409850911197279,0.9982590149088806
209,Đã nhận được sản phẩm đúng mô tả. Nhưng ngày sản xuất cách ngày mua xa quá. Mua tháng 11/ 2025 mà sản xuất tận tháng 9/2024. Chắc sản phẩm này bán không chạy hay sao. Ngày sản xuất ko in trên chai mà dán nhãn lên. Cái này chắc để thay đổi ngày sản xuất cho dễ để lừa người tiêu dùng cho sản phẩm hết hạn.,1,1,True,0.021241620766100665,0.9787583792339015
210,Mình hài lòng với sản phẩm nhận được và sẽ ủng hộ thêm khi có nhu cầu,0,0,True,0.9950415467113479,0.004958453288651575
211,Hương thơm:k biết Kinh nghiệm sử dụng:chưa dùng  Bảo có kèm quà tặng đến lúc nhận k có :))),1,1,True,0.021853447569915304,0.9781465524300876
212,"Shop đóng hàng rất ẩu luôn  Nhận hàng thì hộp móp méo,bị đổ hết cả ra Mong shop lần sau chú ý đóng gói cẩn thận hơn",1,1,True,0.002347128171132836,0.9976528718288636
213,"Phù hợp với loại da:ok Mùi hương:ok Công dụng:ok  mùi lạ hơn so vs nhiều lọ mình từng dùng nhưng k quá hắc, thơm nhè nhẹ thôi, dưỡng ẩm vừa phải k quá tốt",0,0,True,0.9981996226752149,0.0018003773247839082
214,"Công dụng:tẩy trang  Đây vẫn là tẩy trang chân ái của mình Làm sạch da rất tốt, 2 lớp dầu nước lấy đi bụi bẩn rất kĩ càng 💯💯💯💯💯",0,0,True,0.9300471332968451,0.06995286670315747
215,"Chất liệu:cotton Màu sắc:nhiều  Chất lượng tuyệt vời, vượt xa mong đợi! Chất vải mềm mại, co giãn tốt và cực kỳ thoáng khí – mặc cả ngày vẫn thấy thoải mái, không bí bách hay khó chịu. Thiết kế ôm vừa vặn, không bị lằn hay tuột, mang lại cảm giác tự tin trong mọi hoạt động. Đường may chắc chắn, tinh tế, không gây cộm hay chà xát vào da. Ngoài ra, form dáng hiện đại, tôn dáng mà vẫn giữ được sự lịch sự, nam tính. Một món đồ cơ bản nhưng đầu tư xứng đáng – vừa chất lượng, vừa thẩm mỹ",0,0,True,0.9906313960742646,0.009368603925741315
216,"Nhận đc hàng nhưng bị móp từ hộp giấy bên ngoài đến hộp sữa bên trong, hơi buồn",0,1,False,0.004853499002339644,0.9951465009976583
217,Mẹo:xoa lên tóc Bao bì:cg đc Hương thơm:thơm nha  Nên mua nha mọii người oiii hình ảnh chỉ mang tính chất minh họa thoiii,0,0,True,0.9996152267381315,0.00038477326186906244
218,Chất lượng tốt. Nghe hay. Nhưng mới nửa tháng tai bên phải hư rồi,1,1,True,0.14444339505049977,0.8555566049495024
219,"Độ tuổi sử dụng:ok Chất lượng sản phẩm:ok  Hay mua đồ cho bé bên shop, shop ship hơi lâu mà dc cái nhiệt tình, giá rẻ, sẽ ủng hộ lần sau nếu có nhu cầu, sr vì hình và clip ko liên quan đến sp",0,0,True,0.9980976377780746,0.0019023622219303798
220,"Chất lượng sản phẩm:Dùng app của Enfa A+ quét mã QR ra thông tin ENFAGROW A2 S3 800g thì shop bảo ko sản xuất loại như trên, ủa hoá ra tôi mua sữa giả🙃,",1,1,True,0.0037898274641501714,0.9962101725358499
221,lừa đảo ghi tặng thêm quà 12/12 mà giao tới k có quà nhãn hàng lớn mà lừa thế chịu rồi,1,1,True,0.0008291680850550827,0.9991708319149442
222,Săn sale mua có quà balo vs bình giữ nhiệt. Shop giao ko có quà.,1,1,True,0.22447711567147433,0.7755228843285222
223,Hàng chính hãng không có gì để nói về chất lượng canh sale mua nè,0,0,True,0.534581840067319,0.4654181599326828
224,"Giao hàng nhanh, đóng gói cẩn thận, đáng tiền mua, sẽ ủng hộ tiếp",0,0,True,0.9995940807943161,0.00040591920568468963
225,"Thùng hàng móp méo, rất tệ. Màu sắc thùng so với những lần trước mình mua cứ như hàng cũ, hàng giả vậy. Thất vọng",1,1,True,0.000548855261797129,0.9994511447382008
226,"Bao bì/Mẫu mã:đẹp mã nhưng hàng rất dởm, tệ!  Sử dụng sấy tóc được khoảng 1,2 tuần đã nghe mùi khét nhẹ nhưng lúc đó nghĩ do hàng mới nên có mùi. Đến hôm nay ĐANG DÙNG THÌ BỐC CHÁY BÊN TRONG ĐỎ RỰC. Thực sự lúc nãy rất hoảng, bốc khói vàng đồng thời có tia LỬA bên trong, mùi khét nồng nặc. Chỉ mới mở máy chưa đầy 1 phút thì bốc cháy. CẢNH BÁO KHÔNG NÊN MUA!!! HÀNG RẤT TỆ. 💥💥💥",1,1,True,0.0038382648111500435,0.9961617351888511
227,"Thay shop mall tưởng uy tín, mua lần 2 khui ra bể và phồng rộp 6 bịch, rồi k dám uống nguyên thùng, nt shop, shop keu để shop kiểm tra lại?",1,1,True,0.00020531667456598246,0.9997946833254336
228,"Công dụng:tẩy trang làm sạch sâu dành cho da dầu, dưỡng ẩm nhẹ  Săn sale giá khá mềm còn được tặng thêm quà, thương hiệu này khá là ok nha",0,0,True,0.9997308029545068,0.00026919704549179126
229,Lợi ích:1 mat dau khoong  Chắc t sẽ kh mua lại kem chống nắng này vì có lẽ kh hợp nó châm chích mà bị bết cuối ngày thì đừng nói tới xuống tone da mặt đen lắm…da dầu thì càng đổ dầu thêm,1,1,True,0.17770223127608106,0.8222977687239159
230,Đóng gói sơ sài bị bể mấy bịch,1,1,True,0.0032145999887198376,0.99678540001128
231,"Mua trên live shopee xử lí được giá quá ngon luôn. Sữa đặc ngon nha, pha cà phê tuyệt vời",0,0,True,0.9007248451534637,0.09927515484653959
232,Hình ảnh mang tính chất nhận xu  Shop giao hàng nhanh  Đóng gói cẩn thận,0,0,True,0.9998535959576174,0.00014640404238106758
233,"Mùi hương:thơm dịu, vừa phải  Lần sau sẽ tiếp tục ủng hộ shop, hàng chính hãng lại còn chất lượng, rất an tâm khi sử dụng.",0,0,True,0.9988752870242533,0.0011247129757451081
234,"Mua 1 loại , gửi lại 1 loại khác là kiểu gì??????? Làm ăn quá chán. Ko chấp nhận đc",1,1,True,0.001054710414101719,0.9989452895858979
235,"Không nhận được sản phẩm km như giới thiệu,khiếu nại thì k giải quyết quá kỳ cục.",1,1,True,7.682447342231129e-05,0.9999231755265795
236,Giữ nhiệt:giữ nhiệt lâu Chất lượng:tốt Thiết kế:dễ thương  Sản phẩm dùng tốt thiết kế dễ thương giữ nhiệt lâu,0,0,True,0.991852573945027,0.008147426054973398
237,"Túi đẹp, đứng form, mẹ mình thích lắm. Hình ảnh và video chỉ mang tính chất nhận xu.",0,0,True,0.9998651721256531,0.00013482787434397563
238,Giao nhanh đúng mẫu đóng gói kỉ lắm mới đặt đây mà đã giao rồi cô gái hà lan đã dùng nhiều rồi,0,0,True,0.9520321189518541,0.04796788104814765
239,Ghi đc tặng giấy ướt mà nhận đc k có,1,1,True,0.004718425836328017,0.9952815741636724
240,Gửi hàng sắp hết hạn sử dụng. Mình có yêu cầu hoàn tiền mà 15 ngày rồi chưa nhận đk tiền. Rất bức xúc vs đơn hàng này. Mang tiếng hàng chính hãng. Chat vs shop thì k được phản hồi. Tóm lại là thất vọng,1,1,True,0.00018946775344242216,0.9998105322465589
241,"Thật sự khâu đóng gói của shop càng ngày càng tệ . Mình nhận được hàng trong tình trạng đóng gói xơ xài có vết bẩn , hạn sử dụng con bị bay mất 1 nửa , đơn có quà tặng thì không thấy đưa quà 🥲. Mình mong nhãn hàng có thể cải thiện việc đóng gói được sạch sẽ và chỉnh chu hơn để có thể mang lại sự yên tâm với khách hàng",1,1,True,0.013534501251073907,0.9864654987489195
242,xl hình ảnh chỉ mang tc minh hoạ. Đã nhận son màu siu ưng nhen,0,0,True,0.9977673817563156,0.0022326182436841384
243,"Chất lượng sản phẩm:ok Tính năng nổi bật:ok  nói chung là xài ổn áp, tui thấy shop bán đồ xài bền, ok sẽ ủng hộ shop tiếp nhe hehe",0,0,True,0.9996743689387726,0.0003256310612273582
244,Cbi hàng nhanh nhưng giao cực lâu sản phẩm tốt nưbsbuswj sư iw,0,0,True,0.6944757414719772,0.3055242585280231
245,"Có khung dán dễ. Nhưng khi sài thì k bền lắm, rớt ở độ cao khoảng 15cm là cái màn hình đã nứt 1 góc r.. lần đầu nứt là do lỗi người dùng.. chứ lần 2 nứt là do chất lượng r.. rẻ nên chắc k đc bền.. mua sài",1,1,True,0.002311836203620597,0.997688163796377
246,San pham tot rat on dung giu dc lau k bi anh huong boi tac dong nao,0,0,True,0.9768334588616722,0.023166541138327366
247,"Ảnh mang tính chất nhận xu, thông cảm, đã nhận được hàng, cũng nhanh, mua lần đầu rồi ok lắm, sẽ ủng hộ tiếp nếu co dịp tiếp",0,0,True,0.999736242120393,0.000263757879609331
248,Hình ảnh và video mang tính chất nhận xu  Thời gian giao hàng nhanh,0,0,True,0.9996590847087419,0.0003409152912585671
249,Đóng hàng vận chuyển quá kém,1,1,True,0.010900391389502008,0.9890996086104987
250,hàng tốt. giao hàng nhanh  shop đóng gói cẩn thận.  sẽ ủng hộ shop lâu dài,0,0,True,0.9999311124872639,6.888751273825594e-05
251,"Hương vị:ok Bao bì/Mẫu mã:ok  Sale ko đk bn, ổn ok :  đã mua nhiều laaf  rôfi. Mua lại mà sale ít quá,",0,0,True,0.9287006323179388,0.07129936768206319
252,"Sản phẩm đúng mô tả, đóng gói cẩn thận, sẽ tiếp tục ủng hộ shopp",0,0,True,0.9998250806351151,0.00017491936488164567
253,"mua 1 lần mà dính tới giờ, dùng sướng lắm mọi người ơiiiii, nên mua nkaaaa",0,1,False,0.3543102468272694,0.6456897531727316
254,Mấy lần trước mua bình thường lần này mua bị bể mấy bịt sữa nhận khui ra nó chua lè hôi rình thùng sữa định trả hàng mà tội nghiệp shipper vận chuyển tới lui nên đem rửa sạch mấy bịt kia lại M biét có uống được không nữa,1,1,True,0.0003813600874450128,0.9996186399125571
255,Ghi tặng quà mà lại kg tặng. Treo đầu dê bán thịt chó.,1,1,True,3.674100090015777e-05,0.9999632589990964
256,Sop dao thiếu hang qua tặng kèm một chải dau  I’m,1,1,True,0.011393367425521491,0.9886066325744791
257,"Đã nhận được hàng, giao nhanh đóng gói cẩn thận sau sẽ ủng hộ tiếp",0,0,True,0.9996864289917624,0.0003135710082341596
258,Không có quà tặng kèm theo như mô tả,1,1,True,0.025914588140077938,0.9740854118599221
259,"Bao bì:sản phẩm trầy  Máy công suất có đúng là 2800 k, hồi đó dùng máy 2200 mà còn mạnh hơn. Máy có mùi, k biết dùng lâu có hết k",1,1,True,0.1425550186626376,0.8574449813373617
260,Bảo mua 1 tặng 1 mà đem về chỉ có 1,1,1,True,0.009216676808586592,0.9907833231914136
261,Kiểm soát dầu:giống như shop gửi hàng đã qua sử dụng rồi á thấy ko có van hay đóng kem kỹ j hết đóng gói còn ko kỹ càng nhìn là biết không chất lượng rồi thôi không nên mua đâu,1,1,True,0.03744875858688028,0.9625512414131198
262,Mua mấy lần rồi nhưng lần này thất vọng quá. Thùng hôi sữa bể ươca thùng mà còn ráng đóng gói kĩ để giao khách lun,1,1,True,0.004136500707381466,0.9958634992926183
263,Làm sáng da:da trắng hơn sau khi sử dụng Dưỡng ẩm:cấp ẩm sâu và mềm mượt Khả năng thẩm thấu:thẩm thấu nhanh Mùi hương:mùi thơm nhẹ,0,0,True,0.9999393518027592,6.064819724299497e-05
264,Shop đóng hàng cẩn thận. Sản phảm có mùi thơm  dịu nhẹ dndnskd j,0,0,True,0.9932948782395781,0.00670512176041867
265,Dành cho da:Ko nhớ Công dụng:làm trắng Mùi hương:mùi thơm  L’Oréal thì ko cần phải nói nữa rồi ạ. Mình mua không biết nào nhiêu lần rồi ạ. Đóng gói lại rất kĩ nữa. 10₫ Ko có nhưng,0,0,True,0.9595026191356846,0.04049738086431425
266,"Sản phẩm nhận không như mong đợi, mỏng, nón không được cứng cáp, đội mất form không đẹp 👎👎",0,1,False,0.04476283684939213,0.9552371631506068
267,2 lần mua liền nhau mà o đơn nào có quà hàng lần nào đến tay thì cũng nát,1,1,True,0.006119643785888429,0.9938803562141151
268,"mua bn lần sàn khác k sao, mua 1 lần trên đây tởn đến già. nhận hàng mà sock bởi cách đóng gói :)))",1,1,True,0.019796486935161423,0.9802035130648417
269,"Hàng họ ko đến nỗi nào. Mà nhìn cái hộp và cách đóng gói đúng kiểu cẩu thả vô trách nhiệm. May mà vừa size.....!!!!      Mọi người trước khi mua hàng nên để ý những cmt 2 sao hoặc 3 sao. Đừng quá mải mê với những cmt 5 sao vì có thể những cmt đó là của chim lợn hoặc chim mồi. Hoặc chỉ đơn giản là nhưng cmt đó của những người dễ tính hoặc chưa trải nghiệm sản phẩm kỹ đã vội vàng cmt Đã nhận được sản phẩm và đang trong quá trình Test. Nếu ổn sẽ quay lại Review chi tiết hơn về sản phẩm này. Mọi người khi mua hàng hãy cứ trải nghiệm sản phẩm trong một khoảng thời gian để có cái nhìn rõ nhất về sản phẩm. Rồi hãy quay lại đánh giá sản phẩm một cách khách quan và chi tiết nhất có thể, cũng như yêu cầu trả lại sản phẩm nếu như thấy nó không xứng đáng với số tiền đã bỏ ra. Hãy là người mua hàng thông thái và hãy giúp những người mua sau có cái nhìn chi tiết nhất về sản phẩm mà họ định mua. Cùng nhau chung tay loại bỏ đám gian thương lưu manh chộp giật!!!",1,1,True,0.0030356897113287293,0.9969643102886727
270,Độ tuổi sử dụng:1-3 tuổi  Lần đầu mh mua. Mà đã mạnh dạn làm combo vì thấy nhiều đánh giá tốt. Nhưng hàng của mh khi nhận 1 hộp bung cả nắp. 😒 Hoang mang về chất lượng bột bên trong luôn 😢,1,1,True,0.11281428172741423,0.8871857182725874
271,"Bao bì:nhìn như hàng cũ v á tr băng keo dính hết tay luôn Lợi ích:chưa biết Hương thơm:chưa biết  Lúc trc mua ngoài tiệm thấy loại simple xanh lá này sài ổn nên mua lại,lần này mua onl thử thấy fback đánh giá tốt quá tr mà trải nghiệm hàng như cj luôn ấy Chưa sd nhưng mở hộp ra là thấy ko chống sốc cx ko có bọc hàng lại luôn! V mà 94🍀 t mua ngoài tiệm có 8 mấy cành mà hàng siu tốt luôn á . rồi thấy shop để tặng quà vaseline j đó cx no luôn!  Ko có j ngoài cái hộp vs chai srm keo ko còn bụi nữa như hàng tồn kho, hàng cũ v â tr Lần đầu tiên mua onl mà có trải nghiệm tệ vậy luôn á hàng gói sơ sài mà giá còn mắc hơn ở ngoài nữa :""))",1,1,True,0.002552391835879084,0.9974476081641229
272,Hàng dể đổ vỡ nên đặt giao thường hang hoa bi hư. Mua hàng nên đặt hoả tốc còn không không nên mua nha.,1,1,True,0.04603249513579659,0.9539675048642037
273,"Kinh nghiệm sử dụng:mua 3 max sản phẩm , mã nào cũng có quà mà gửi về k có 1 cái quà gì . Sop bịp à Mẹo:k bao giờ quay lại mua lần nào nữa , làm ăn chán kinh",1,1,True,0.0009736231432846329,0.9990263768567178
274,Chất lượng:ok Độ ngọt:ok  Sp ok. Ảnh và video chỉ mang tính chất nhận xu. Săn sale,0,0,True,0.9999463088557262,5.3691144271229225e-05
275,Ủa là sao ta là gửi trả đồ lại không hoàn tiền lại cho mình xong rồi chặn không cho mình nhắn tin nữa à shop ơi….,1,1,True,0.00021819576719630003,0.9997818042328006
276,"Lợi ích:sangs da, mờ thâm  Serum mùi dễ chịu, thấm nhanh cũng khá phù hợp với da hỗn hợp thiên dầu, hiệu quả làm trắng chưa rõ lắm cần sử dụng lâu dài",0,0,True,0.9998559422105157,0.00014405778948245397
277,phấn bị tràn ra ngoài là sao???,1,1,True,0.0030165049117406597,0.9969834950882582
278,"Ghi tặng quà mà ko có tặng khách hàng, sau đó hỏi thì bảo fai chọn vào mua chỗ deal sốc. Cả 1 hãng lớn mà nhập nhèm ko rõ ràng",1,1,True,0.0002339622209561427,0.9997660377790453
279,Chất lượng sản phẩm:cx ok Độ tuổi sử dụng:bé vs người lớn đều sài đc  Mk dùg thử thấy da mềm hẳn sản phẩm đág mua nha ạ,0,0,True,0.9887115543229611,0.011288445677039634
280,"Hình ảnh không liên quan, sản phẩm chất lượng nên mua nha mọi người",0,0,True,0.994587287080365,0.005412712919634679
281,Đóng hàng cẩn thận mà vẫn bị 1 lọ bị đổ ra ngoài dó dán băng dính ko chắc chắn,1,1,True,0.007506684518532971,0.9924933154814637
282,"mua cho mẹ dùng, mẹ mình chỉ dùng mỗi hãng này thui, rẻ mà ok lắm nha",0,0,True,0.9904555985292455,0.009544401470756875
283,"Sản phẩm tốt chất lương giao hang nhanh chong sẽ tipe tuc ung ho them nua, hinh anh chi mang tinh chat nhan xu",0,0,True,0.9999795139264599,2.048607353667849e-05
284,Giao hàng nhanh đóng gói kỹ cảm ơn shop sẽ mua thêm lan sau nữa d,0,0,True,0.9984169283617029,0.0015830716382963725
285,Bao bì/Mẫu mã:đẹp Độ tuổi sử dụng:5 tháng Chất lượng sản phẩm:mới sử dụng chỉ ngày bú 60ml kèm bú mẹ  Nhưng thấy bé đi ị ít có ngày k đi ị sowj bé bị táo,0,0,True,0.8593926030473806,0.14060739695261668
286,"cả khâu đóng gói và giao hàng đều thiếu trách nhiệm ,dẫn tới việc hàng tới tay khách bị móp méo ,rách cả hộp",1,1,True,0.0006148700855871563,0.9993851299144101
287,"thấy có mua 1 tặng 1 trên live nên bấm mua ngay, nhưng mở ra chỉ thấy có 1 chai, còn chai nhỏ quà tặng thì không có Thế thì để deal làm gì, treo đầu dê bán thịt chó à",1,1,True,7.18845211238232e-05,0.9999281154788788
288,"shop chuẩn bị hàng nhanh đóng gói thì sơ sài,sữa bị vỡ hôi thối mong shop cẩn thận hơn định trả hàng mà lại thôi hoan hỉ",1,1,True,0.029503581561669438,0.9704964184383272
289,Bao bì xinhhhhh xẻo ship hàng siêu nhanh luôn ạ đóng gói cẩn thận,0,0,True,0.9931068740076666,0.006893125992332442
290,Shop ghi tặng bàn chải nhưng không thấy bàn chải. Haizzzzzzz,1,1,True,0.004806037345424273,0.9951939626545768
291,Chất lượng chăm sóc khách hàng quá tệ,1,1,True,0.002119867843583438,0.9978801321564165
292,Kinh nghiệm sử dụng:dung lam kho toc Mẹo:say toc Bao bì:tam tam  Sản phẩm dùng cũng ok nha mọi ngươi kho toc nhanh,0,0,True,0.9954452211663859,0.004554778833616708
293,"Phù hợp đi du lịch, sạc tầm 2 tiếng và cạo khá sạch. Hình ảnh và video mang tính nhận xu",0,0,True,0.9995135456786707,0.0004864543213313787
294,Nói là tặng kèm mà k có gì .,1,1,True,0.0028939788439920136,0.997106021156007
295,"Giao hàng nhanh, loại này hợp với dân văn phòng ít ra ngoài như mình, bôi lên k bết rít, thấm vào da liền",0,0,True,0.8560855915310028,0.14391440846899411
296,"Lần đầu mua hàng của shop, đóng gói chỉnh chu, sản phẩm đẹp nhưng mọi người đặt nên lên 1 size để mang thoải mái hơn chút nhé",0,0,True,0.816057695631905,0.18394230436809247
297,Mình bấm vào giỏ hàng mình mua mình có thấy để quà tặng nhưng mình nhận hàng thì không có quà tặng,1,1,True,0.001172665924806546,0.9988273340751936
298,Mk mua trang chính hãng mà bị bẩn với móp lọ như hàng giả vậy á,1,1,True,0.004659860475726143,0.9953401395242706
299,"Công dụng:comdoms  Good, đã mua nhiều lần! Sẽ ủng hộ tiếp",0,0,True,0.999575338219772,0.0004246617802283854
300,"Mùi hương:thơm Tính năng:sạch Chất lượng:ok  Giao hàng nhanh Kỳ này shop tặng chai nước sát khuẩn Và bịt xà bông thơm Okela,  Sẽ tiếp tục ủng hộ shop.",0,0,True,0.9967240354897996,0.0032759645102011284
301,"Mùi hương:mùi dừa dễ chịu Chất lượng:đã dùng chai thứ 2, răng miệng sạch , thơm hơn, dễ uống, đã giảm dk 1 chút chút, sẽ mua và ủng hộ shop lâu dài.",0,0,True,0.9997297028042345,0.00027029719576442726
302,"Shop làm ăn tệ dã man, kem nền giao sơ xài bung nắp, ko bọc sốp ko lót carton, khách báo thì nói khách xài hàng rồi nên bung nắp. Mua lần đầu cũng như lần cuối. Cskh quá sức tệ, gian dối. Trả hàng thì báo khách xài rồi nên bung nắp trong khi shop giao hàng bung nắp cho khách trong khi là hàng thuỷ tinh",1,1,True,9.365723663070009e-05,0.9999063427633708
303,Gửi date cận quá mua 3 thùng mà date tháng 6 sao uống kịp,1,1,True,0.020302736090773044,0.9796972639092285
304,Hương vị:sữa có vị ngọt tự nhiên và dễ uống Bao bì:thùng 48 bịch rất tiện lợi  Hình ảnh và video mang tính lấy xu,0,0,True,0.9754674470519797,0.024532552948023055
305,Trước khi nhận hàng cả nhà nhớ mở ra xem lại...giao sản phẩm hết hạn sử dụng... không đúng hàng...xem kĩ trước khi nhận hàng,1,1,True,0.0037474205106197605,0.9962525794893767
306,"Hàng chính hãng, date xa. Hay khan hàng, toàn phải dự trữ. Giao hàng nhanh, đóng gói cẩn thận",0,0,True,0.6919376016086304,0.30806239839137306
307,"Hình ảnh mang tính chất minh họa, chất lượng tốt, biết thẳng 5 sao",0,0,True,0.9913196236245855,0.008680376375413947
308,"Chất lượng sản phẩm:đặt sữa này giao sữa khác 400g, làm khó không cho trả hàng hoàn tiền",1,1,True,0.0018877885295696087,0.9981122114704322
309,Gửi toàn hộp bị móp méo,1,1,True,0.007124135452179264,0.9928758645478223
310,"Đồ của rẻ nhưng chất lượn, cấp ẩm tốt giao hàng nhanh sẽ vẫn ủng hộ shop",0,0,True,0.9961215186513134,0.003878481348687464
311,"Kinh nghiệm sử dụng:chuwa dungf bao gio Làm đẹp:sach da mun Mẹo:lan dau dùng  Thấy quảng cáo srm lành tính mình mua về dùng thử, giá cả thì lhair chăng, chưa dùng. Da lại hay lên mụn nếu phù hợp mình sẽ mua lại nhé",0,0,True,0.991436210074998,0.008563789925004698
312,Dù shop có nói tặng kèm quà nhưng nhận đc hàng thì ko có,1,1,True,0.0005989396669058698,0.9994010603330911
313,"Quảng cáo có tặng quà, lúc giao thì k có. Haizzz",1,1,True,0.0012086435112003383,0.998791356488798
314,Vòi bị kẹt không ấn được dầu gội ra,1,1,True,0.039818846444361386,0.960181153555637
315,"Lỡ đặt nhầm 2 hộp sirum ban đêm, đã yêu cầu huỷ đơn hàng cho shop( huỷ khi đang chờ shop xác nhận đơn hàng) để đặt lại 1 sirum ngày, 1 sirum đêm thế mà shop ko đồng ý, vẫn cố gắng gửi cho tui 2 hộp đêm!!!",1,1,True,0.0001116940898452519,0.9998883059101512
316,"Giao hàng nhanh, sản phẩm y hình Đóng gói cẩn thận. Nhân viên giao hàng nhiệt tình",0,0,True,0.9970576093064056,0.0029423906935912734
317,Đây là lần thứ 2 nhận hàng shop giao k gửi kèm hàng tặng như mô tả,1,1,True,0.01359238976690298,0.9864076102330939
318,100k có giá của 100k này ngoài tiệm bán chắc là k dưới 200,0,1,False,0.11809247210489333,0.8819075278951068
319,Dưỡng tóc:ok Giảm gãy rụng:ok  Hình ảnh chỉ mang tính chất nhận được xu .mn nên mua nhé ạ..,0,0,True,0.9995036931066377,0.000496306893362531
320,giao hang  nhâh dong goi can  than dung bi kich ung ca 2 ng bi . zz,1,0,False,0.9426892864797781,0.05731071352022165
321,"Mẹo:sấy từ trên xuống dưới tóc sẽ thẳng Bao bì:cực ok Kinh nghiệm sử dụng:mùi thối  Đặc biệt cực ồn , shop tư vấn nhanh nhưng toii ko hài lòng lắm 😃😃",1,0,False,0.7153878649701104,0.2846121350298866
322,Sao ko thấy có qua tag vay shop.hình dag có mà mua ko có ak.,1,1,True,0.021482246336192806,0.9785177536638107
323,Bao bì:tam Kinh nghiệm sử dụng:tam  sản phẩm bị xước nhắn cho shop thì shop kêu gửi video nma trên bill shop không hề có chữ bóc hàng phải quay video thì lsao khách hàng quay video đc. Nói chung chăm sóc khách hàng tệ!!,1,1,True,0.0004338731779302056,0.9995661268220731
324,Gói hàng nhìn cx hơi thảm nha  Sợ đi xa va đập nó bể hàng í  Giao hàng nhanh Simple mình dùng qua chai t5 rồi  Nên mua thử nhé,0,0,True,0.9031520322247688,0.09684796777523061
325,Hình ảnh và video mang tính chất minh họa nhận xu. Chỉ xài loại này,0,0,True,0.9995892490374413,0.00041075096255823194
326,"Đóng hàng ẩu, đặt lần 1 thì tự dưng bị huỷ đơn, đặt lần 2 thì đóng ẩu hàng bị vỡ ra ướt hết nhưng ko có chính sách đền bù cho khách. Ko sát sao, ko đúng hẹn trả lời kiến nghị của khách",1,1,True,8.08979136499837e-06,0.9999919102086372
327,"Độ đều màu:đều màu Nâng tông:nâng tông nhẹ, tự nhiên Chất lượng:mịn, dễ tán đều  sản phẩm rất tốt nhé nên mua",0,0,True,0.9961668151320556,0.0038331848679431678
328,"Độ mềm:mềm va khong bi xo bong Xơ bông:kh  Bông tẩy trang của hãng thì nổi tiếng rồi. Dùng tốt nha mọi người, không tốn quá nhiều nước tẩy trang",0,0,True,0.7937880748087321,0.20621192519127132
329,"👎🏻👎🏻👎🏻👎🏻 Trên live thì tư vấn cho hay để KH mua, đến khi về sd thì nổi mụn viêm, mụn đầu trắng, nt cho shop thì bảo đợi 4-5 ngày sd lại đến hơn 10 ngày sd lại vẫn bị kích ứng, nt hỏi thì tư vấn 1 đường trên live thì nói 1 nẽo, da t rất bt cho đến khi cứ sd toner này là có vấn đề, t sd BHA cách ngày xuyên suốt, nếu đã đẩy mụn thì đẩy từ lúc t mới dùng BHA rồi chứ cần gì dùng đến toner này rồi bị đẩy mụn @@, dùng 1 lần là đã lên mụn viêm mà nói đẩy mụn t cũng ạ , nt nói đến vấn đề da t đang gặp phải thì bác bỏ , da t t ko biết hay gì mà ngồi khẳng định da t ko phải lên mụn viêm nói như đúng rồi 🙏",1,1,True,0.004593430432902451,0.9954065695670935
330,"Thơm thích hợp với mùa lạnh nha , ai mà k thích kiểu bị ngấy quâ thì k lấy loại này nha , mình sài mùi như kiểu trong rạp chiếu phim ấy , riêng cá nhân mình thích mùi kiểu thanh thanh hơn mát mát thảo dược hơn nè , nhma sài quen thì thấy oki",0,0,True,0.6523407556415497,0.34765924435844475
331,"Tốc độ:nhanh kho toc Kích thước:nho gon, de dung Thiết kế:don gian  đã mua 2 cái, phù hợp giá tiền, 2 chế độ nóng lạnh phù hợp",0,0,True,0.9965787012921415,0.0034212987078607975
332,Lừa đảo mua 4bich giao 2bich tính tiền 4 bich,1,1,True,0.012713771748075762,0.9872862282519237
333,"Mẹo:ok Lợi ích:ok Bao bì:ok  Hình ảnh chỉ để nhận xu, hàng chất lượng, cảm ơn shop nhé",0,0,True,0.9987955269046798,0.0012044730953177558
334,"Mùi hương dễ chịu, lưu hương, tinh chất thoa lên tóc thấy suôn mượt",0,0,True,0.9992474424263763,0.0007525575736213281
335,Mua lần trước có tặng1 lốc sữa. Mua lần này lại không tặng. Hóa đơn lúc mua là 315k. Nhắn tin shop không phản hồi. Chán ghê,1,1,True,0.0005960428236285307,0.9994039571763719
336,đăṭ tắm gội giao sữa tắm không,1,1,True,0.34862331920929834,0.6513766807907013
337,"chưa màn đến chất lượng, nhưng nhìn packaging như để trong kho rất lâu rồi, nhìn rất bẩn nhé, tại không có thời gian ra shop mua nên mới đặt nma không hài lòng tí nào 🤡",1,1,True,0.05360637013606426,0.9463936298639325
338,"Không biết sản phẩm mọi người dùng như thế nào nhưng mình dùng bị châm chích rất nhiều, rất ngứa",1,1,True,0.22722322640615125,0.7727767735938506
339,Làm sạch:sạch Hương thơm:dịu  Sao bảo tặng nước tẩy trang  Có tặng đau trời Shop gì kì thế trời Quá đẳng cấp,1,0,False,0.5678158036083443,0.43218419639165845
340,sản phẩm không giống hình gửi trả son mà nói serum con mẹ tụi m hãng lớn mà làm ăn như quần què người ta,1,1,True,0.0016770749322294123,0.9983229250677698
341,Trên like thì nói mua 2 chai 1l sẽ đuoc tặng 1 chai 500ml nhận hàng thì ko có chai 500ml phản hồi thì kiu quà tặng hết vậy trên like nói tặng chai 500ml chi vậy còn nói trong hình 3 chai sẽ nhận về 3 chai yh vậy nói mà ko có gian dối mua lần 2 rùi mà thất vọng ko bao giờ mua lại shop này,1,1,True,8.515298678690779e-05,0.999914847013215
342,Chất lượng:được tặng 1 lọ dầu gội đầu thank shop,0,0,True,0.6884777120837233,0.3115222879162751
343,Bao bì:ok  Đã sd h ms đánh giá . Mát lạh khi đắp . Sau 3 ngày thôi đã thấy cải thiện chút ít rồi. Rất đáng mua nh,0,0,True,0.8892851015361237,0.11071489846387673
344,"Chưa kể đến công dụng đi nhưng nhận hàng đã thấy ko ưng, ko có seal, làm sao biết dc là hủ kem mới hay đã dùng rồi ? Hộp móp méo ko giống hàng mới, ko có seal kem ko chảy nhưng nó đã loang ra nắp nhìn ko vừa ý, cả chai serum và cả hủ kem đều k seal mở ra cái 1 sao biét chắc chưa ai khui ra test thử",1,1,True,0.00017733202096202537,0.9998226679790364
345,Giao hàng nhanh đóng gói cẩn thận chất lượng tốt phù hợp với giá thị trường Việt Nam okkkk,0,0,True,0.9983711835867806,0.0016288164132211166
346,Mùi hương:thowm Chất lượng sản phẩm:tốt Đối tượng sử dụng:mọi  Mình dùng không biết bao nhiêu chai rồi.Phù hợp với ai có da đầu yếu và nhạy cảm như mình.,0,0,True,0.9879740772392148,0.012025922760786161
347,Sản phẩm cũng ok mình dùng chai thứ 3 rồi thây cũng ổn áp,0,0,True,0.992952843563177,0.0070471564368231555
348,"Shop đóng gói ẩu sữa bị chảy ra tè le hết, may khui ngay chứ để mấy ngày mới khui chua lè thúi quắc luôn",1,1,True,0.00022650365434449666,0.9997734963456583
349,Cùng 1 chai dầu gội mua shop và siêu thị  Chai siêu thị thơm mượt còn chai shop mua thì ko thơm ko mượt. Ê nha nghi shop bán lắm á,1,1,True,0.3441686914014975,0.6558313085985037
350,"Mua được sữa với giá hời , hàng chính hãng nen yen tam mua cho con ạ",0,0,True,0.9793159825144053,0.02068401748559242
351,"Phù hợp với loại da:ok Mùi hương:ok Công dụng:ok  Chưa sử dụng nên chưa biết, thấy shop kèm theo quà chu đáo, ok good",0,0,True,0.9893103943349303,0.010689605665066465
352,"Mùi hương:không mùi Dành cho da:dầu, nhạy cảm, thường Công dụng:làm sạch da, giảm dầu, mụn, khoá ẩm làn da, giúp da sạch, sáng, mịn màng.",0,0,True,0.9998371187151033,0.00016288128489494715
353,"Mùi hương:khoong cos Dành cho da:nhạy cảm Công dụng:rửa mặt  đã mua lần 2, shop mall nên rất yên tâm, mọi người nên mua nhen , hình ảnh chỉ mang tính chất minh hoạ để nhận xu thoy",0,0,True,0.9999419929841259,5.800701587302274e-05
354,Giao hàng mẫu cũ. Cho 1 Sao,1,1,True,0.03483860537335641,0.9651613946266421
355,"Sữa bị chua, vón cục, bà ngoại đem đổ chưa kịp chu0j hình",1,1,True,0.014423179450184495,0.9855768205498154
356,Kinh nghiệm sử dụng:Chưa kinh nghiệm nhưng sài rất dễ Bao bì:thiết kế đẹp nhìn sang Mẹo:sản phẩm tốt,0,0,True,0.9724382907247502,0.027561709275247676
357,"Chất lượng sản phẩm:tot Đối tượng sử dụng:nhieu nguoi Mùi hương:thom mat, diu, huong tao  giao hang nhanh, goi hang ki cang, gia re hang mall",0,0,True,0.999480541467128,0.0005194585328699773
358,"Hiệu quả:cạo sát lông, đều và không làm đau da Thiết kế:sáng đẹp  Không có điểm gì để chê",0,0,True,0.7645663047634261,0.23543369523657504
359,"Giao hàng k thèm kiểm, giao cái mũ rỉ sét cho người ta.  Mà bấm trả hàng thì đợi mòn mỏi không tới lấy hàng trả, xong báo là hết thời gian lấy hàng. Quá xàm!!!  Dịch vụ đổi trả bên shoppe so với toptop quá tệ, bên toptop trả hàng là ngày mai có ng tới lấy liền. Mình bị mấy lần rồi á.",1,1,True,0.00013976912975071753,0.9998602308702498
360,Kinh nghiệm sử dụng:lừa đảo  Shop mall lừa đảo giao thiếu hàng,1,1,True,0.00613720142360065,0.9938627985763983
361,K có tặng gì hết mà nói tặng kèm quà,1,1,True,0.002028958627976157,0.9979710413720246
362,"Gel hợp với loại da hỗn hợp thiên dầu, xài mỗi tối giúp giảm mụn tốt",0,0,True,0.9973670894563198,0.0026329105436835518
363,lỡ mua vị không đường huhuuu vị rất ngon rất béoooo nhma hơi bùn một tí,0,1,False,0.43688651582595966,0.5631134841740394
364,"do vận chuyển hay do thời tiết mà kem nền nó lỏng kinh khủng, che phủ không ổn như rv mà còn màu tối hơn trong ảnh, xài cũng được mấy lần cứ tưởng là từ từ nó bớt lỏng lại ai dè nó vẫn lỏng như sirum",1,1,True,0.01488326378860397,0.9851167362113955
365,"Mua hẳn kem nên của hãng mà kh bóc ra thấy cái chai kh, kh thấy hộp bao bì sản phẩm luôn á trời, lần đầu tiên mua hàng mà gặp tình trạng này",1,1,True,0.003933308319641831,0.9960666916803584
366,"Bao bì/Mẫu mã:Đúng Công dụng:sấy tóc  Gió mạnh cực, săn đc giá oke",0,0,True,0.9930327044410082,0.006967295558993637
367,"Chất lượng sản phẩm:nhựa Tính năng nổi bật:chưa biết  Sản phẩm tuyệt vời, đúng với mô tả. Giao hàng nhanh chóng, shipper thân thiện dễ mến",0,0,True,0.99981417149381,0.00018582850618690635
368,"Shop giao hàng nhanh, sản phẩm nguyên seal mùi thơm lắm. Shop phải kiểm tra lại nguồn hàng xem sao chứ cùng 1 nhóm dưỡng trắng mà cái mùi chai này thì thơm như cái hộp kem dưỡng đợt trc mình xài hết rồi. Còn đợt này mua lại hộp kem dưỡng ban đêm thì thấy nó hôi lắm, hắc mùi hoá chất ko chịu đc. chứ ko thơm dễ chịu như trc",0,1,False,0.0793592439537869,0.9206407560462188
369,Hàng bị lỗi nhắn tin shop thì k trả lời,1,1,True,0.00016967392247993216,0.9998303260775205
370,Sản phẩm thơm dưỡng tóc mượt lắm luôn. Thơm mấy ngày vẫn còn mùi luôn . Đỉnh lắm mn nên mua. Ạ 🥰🥰🥰🥰😚😚😚😚,0,0,True,0.9730009536237652,0.026999046376237124
371,Làm đẹp:OK tốt Lợi ích:tốt Bao bì:đẹp  Sản phẩm ok,0,0,True,0.993116126584045,0.0068838734159546305
372,"Mã qr ko quét dc, hàng gửi về móp méo, sp là hàg giá trị cao mà đóng gói kém chất lượng",1,1,True,0.009720970622590908,0.9902790293774101
373,"Em nắp xanh nhạt không có lớp dầu recommend cho các nàng da nhạy cảm, không make up, dùng không nặng da mà vẫn sạch. 10đ cho chất lượng mà giá lại rất phải chăng.",0,0,True,0.9619032930696932,0.038096706930309726
374,"Làm đẹp:beauty Mẹo:nope Bao bì:okay  Hình và clip không liên quan em chỉ mún nhận xu Tuy nhiên sản phẩm dùng rất tốt hợp với da dầu mụn, rửa rất sạch khôgn khô da hihi",0,0,True,0.9990364758141409,0.0009635241858572804
375,"Ảnh mang tínb minh hoạ, mũ xinh form hơi nhỏ nhưng đội oke đấyy",0,0,True,0.9617925481236659,0.03820745187633293
376,Mùi hương:không biết myif gì nhưng dịu lắm Công dụng:dưỡng ẩm Dành cho da:mọi loại da  Nên Sài nha mọi người bao cấp ẩm luôn thấm nhanh Bôi xong nhìn da căng bóng thích lắm,0,0,True,0.9995605512596433,0.0004394487403568486
377,"Bao bì hơi bẩn, trầy nhiều. Hiệu quả để sử dụng một thời gian mới biết đc",1,0,False,0.8461696626647989,0.15383033733520338
378,"Mùi hương kg lâu nhạt mùi ,cẩn cải thiện lại sp tốt hơn",1,0,False,0.9395107771112148,0.06048922288878563
379,"Bao bì:thiet kế và bao bì đựng đẹp Làm đẹp:sản phẩm dày dặn, chất lượng, rửa mặt bằng miếng mút này sạch và mền da",0,0,True,0.9700335351816937,0.02996646481830415
380,Chất lượng sản phẩm:ổn Tính năng nổi bật:tạm  Thiếu mã QR để quét dịch thuật AI,1,1,True,0.4267637609679346,0.5732362390320643
381,Để trong khung giờ mua có quà tặng.mà giao chả thấy quà đâu.đúng là lùa gà.,1,1,True,0.0001974006459376524,0.999802599354061
382,Giao hàng nhanh Đóng gói cẩn thận Săn sale giá rẻ  Thấy hàng khá ok,0,0,True,0.9990437756386374,0.0009562243613617273
383,"Mua 3 sản phẩm bao gồm: kem, serum, toner đã sử dụng 2 ngày cảm thấy da căng bóng nhưng mà bị lên mụn",1,0,False,0.5754279141740319,0.42457208582596917
384,"Bút khi viết còn hay nghẹt mực,nhìn chung sản phẩm ổn,bút ghi êm",0,0,True,0.7001672772580592,0.2998327227419403
385,"Làm sạch dịu nhẹ. Sản phẩm ko chứa cồn nên ko gây khô da nha. Tuy nhiên, về góc độ làm sạch thì chấm đc 7/10",0,0,True,0.8731261699711067,0.1268738300288926
386,Mới mua về mà xước quá trời luôn,1,1,True,0.18608705023756797,0.8139129497624327
387,Mùi hương:thom Dành cho da:mọi loại da Công dụng:chống nắng  Kem chống nắng sử dụng tốt k bết rích làm dịu da lần sau sẽ mua ủng hộ tiếp ạ kkkkkkkkkkk,0,0,True,0.9999800325283018,1.9967471695507842e-05
388,Shop giao hàng nhanh đã mua của shop nhiều lần giá cả phù hợp phải chăng,0,0,True,0.9842467711567656,0.01575322884323468
389,Làm đẹp:rửa  mặt Kinh nghiệm sử dụng:2 nam Hương thơm:dễ chịu  Sản phẩm  ok dịu nhẹ  giao hàng  nhanh shipper  thân thiện  dành  cho da khô,0,0,True,0.9999898204010261,1.0179598972204255e-05
390,"Thấy mọi ng review nhiều nên mình đặt về thử nha , dùng thử nếu ok sẽ fback",0,0,True,0.9604356029698082,0.039564397030190726
391,Sữa đỗ bể chảy tùm lum k giải quyết 😡😡😡😡,0,1,False,5.0610018302820236e-05,0.9999493899816958
392,"Hàng ok chất lượng tốt,kem sài ok lắm nha mọi người,kem dưỡng ẩm ban ngày nhưng mình sài ban đêm luôn,ngủ thức dậy da mềm với bóng cực,nói chcung là mê❤️❤️❤️",0,0,True,0.9771233542912592,0.02287664570873815
393,Kinh nghiệm sử dụng:hang ngay thuong xuyen Làm đẹp:kho sach toc Lợi ích:tot toc sach khoe  Giao nhanh hàng chính hãng,0,0,True,0.9959385676579725,0.004061432342029648
394,"Mua 1 tang 1 , mua ngày 15/3 mà ko có quà tặng đu kèm. Để quà tặng mà shop nói minh phải mua del sốc moi dc. Mua hang shope bao nhiêu năm lần đâu tien bị, có quà mà bắt khach tự bỏ vào giỏ. Khach nào ko biet thì khỏi có quà, shop để quà tặng để triển lãm thôi",1,1,True,0.0002845509556973651,0.9997154490443043
395,"Mùi hương:pink heaven Độ lưu hương:2 - 3h  ừm cá nhân mình thấy mùi này khá đại trà, em nó thơm nhưng chx đủ wow đối với mình. ngửi nhiều sẽ quen nhưng khi mới xịt ra mình k ngửi đc mùi của dâu tây, mùi hoa thì khá rõ nè, mùi khá sạch, đến cuối thì thơm vibe bạch nguyệt quang, 8 phần là mùi hoa và 1 xíu vani 1 xíu gỗ. mình k thích mùi này lắm nma em n vẫn thơm nha. tui thích creamy hơn. bodymist của hella thì ok khỏi ns r nhưng mình chx ưng mùi này lắm thôi vs e n lưu hương k đc lâu á.mn mỗi ng nên có 1 chai của hella nha. khá xứng tiền nma tiếc quá huhu tui lại k thích mùi này lắm😭",0,0,True,0.9456577996210103,0.05434220037898295
396,"Giao hàng nhanh, đóng gói cẩn thận, hàng chính hãng uy tín. Săn sale giá tốt",0,0,True,0.9953508683778148,0.00464913162218333
397,Quá tệ . Đặt 2 thùng mà nát bét,1,1,True,0.0008779326054188075,0.9991220673945819
398,"Đơn hàng đặt mua sám, bên bán cố tình gửi sp màu hồng nhằm đẩy hàng tồn kho, liên hệ qua zalo đồng ý đổi, mà bắt phải tự mang hàng tới trả. Sau khi trao đổi trả hàng trên shopee thì ko chịu vào chatbot xác nhận việc trả hàng",1,1,True,0.0001240899255179306,0.9998759100744817
399,"Serum vào nếp thơm suôn mềm mượt. Điểm trừ là nút nhấn bị kẹt, nhấn ko ra serum, phải mở nắp chai để dùng",0,1,False,0.15393452486518677,0.8460654751348109
400,"Chất lượng sản phẩm:tồi Bao bì/Mẫu mã:cũ, bóp méo  Hộp thì bóp méo từ trong ra ngoài,xước cả sơn ở vỏ hộp. Mang tiếng trang shopee mail chính hãng mà làm ăn vớ vẩn, ko biết phải sữa thật hay sữa giả. Tóm lại là nên né shop này ra, nt ko thèm trả lời. Mua sữa cho con nên đến tận nơi tay sờ mắt thấy đi các mẹ. Đây là lần đầu tiên mình mua sữa ở đây cũng là lần cuối. Tạm biệt và ko hẹn gặp lại",1,1,True,2.9863740927963943e-05,0.9999701362590736
401,Chất lượng sản phẩm:bt  Mình không ưng ý khi shop k nói rõ là có bán 2 bản. Nhận được mẫu bản cũ rất khó chịu vì nắp k có phần gài muỗng và phải tìm muỗng trong hộp gây mất vệ sinh,1,1,True,0.006730571050461371,0.9932694289495392
402,"Chất lượng:ok Hương vị:ok Bao bì:hop bi vo  hộp sữa bị méo, mấy lần như vậy rồi",1,1,True,0.032431082441305,0.9675689175586935
403,"Cảm giác:màu thì nhạt, đánh khó. lúc lên môi ra thành hồng tím. né vội màu này dùm  Không bao giờ mua lại",1,1,True,0.05804561286789791,0.9419543871320988
404,"Mua 2 thùng ít đường thì giao thùng dâu thùng ít đường la à này im ko nói lần sau đặt giao sai tiếp, hết hàng thì báo ngta đặt hãng khác",1,1,True,0.0015679133392442015,0.9984320866607573
405,"Độ mềm:ok Xơ bông:ok  sài thích săn sale giá rẻ, hình ảnh và clip mang tính chất nhận xu ahh",0,0,True,0.9990157404268745,0.0009842595731254726
406,"Hương thơm:de chiu Bao bì:thiet ke dep Làm đẹp:kem chong nang  Sản phẩm đẹp, bắt mắt, có hỗ trợ sáng da, dùng bền, lâu hết, săn được giá rẻ",0,0,True,0.9992448455336508,0.0007551544663486418
407,"Mua 2 chai xong phát hiện unilever mời BB 3 về quảng cáo đúng sản phẩm, đớn vc chắc mốt k mua nữa",1,1,True,0.019787912153083384,0.980212087846916
408,Nhẫn 0.1 bé tý tẹo teo Đóng gói khá sơ sài Tuy nhiên mình sẽ mua để tích thành cái 1 chỉ,0,0,True,0.5226428036326448,0.47735719636735807
409,"Lợi ích:khong co loi ich gi het Kinh nghiệm sử dụng:sai duoc mot thoi gian, không sài thêm bất cứ thứ gì lên mặt hết, do đang bị mụn ẩn, mà sài xong srm này mặt liền bùng mụn lên, lúc đầu vài ngày sài có lên mụn nhưng chỉ nghỉ là do đào thải mụn k để ý nhm nó lại lên nổi rất nhiều, khuyên thật ai định mua vì nghe review thì đừng nên mua!!  KHÔNG NÊN MUA SẢN PHẨM NẾU KHÔNG MUỐN BỊ LÊN THÊM MỤN!!!",1,1,True,0.01199243747808287,0.9880075625219182
410,Bị bể ướt tèm lem luôn shop ơi,1,1,True,0.01977686442491687,0.980223135575084
411,"Mua 11/11. Shop đăng hình chạy quảng cáo các kiểu rằng mua ngày đó tặng túi. Nhận hàng ko có. Hỏi shop bảo tại lỗi khách, tại khách ko biết cách đặt, tại khách thao tác sai này kia, tại khách ko liên hệ shop trước. Mua shoppe mấy năm, đặt mấy trăm bill mấy chục shop, lần đầu bị thế này nên cũng dành lần đầu cho 1s cho shop.",1,1,True,0.00038580691751374595,0.999614193082491
412,"Chất lượng sản phẩm:tốt Bao bì/Mẫu mã:lon móp  Shop lấy lon sữa bị móp giao, lon sữa được bọc rất kỹ chống sốc dày, thùng còn nguyên vẹn do giao hoả tốc. Shop đã cố tình lấy 2 lon sữa bị móp để đóng giao khách. Shop lớn làm ăn TỆ",1,1,True,0.0008720547092189296,0.9991279452907822
413,Nhận hàng khui seal ra thì thấy sản phẩm bị quẹt một đường cọ trên mặt phấn m đơ luôn xịt keo luôn Máy t dỏm không chụp cận nét được chứ ở ngoài nhìn là rõ bị quẹt cọ thử màu xong dán seal vào thật là ối dồi ôi. Máy t mà xịn là chụp cho ce nhìn rõ hơn được rồi không ngờ nhận được đơn hàng đểu z chắc do t xui ui,1,1,True,0.0024715739771878197,0.997528426022817
414,Độ mềm:ok Xơ bông:ok  Giao hàng nhanh Đóng gói sp cẩn thận Chất lượng OK nha,0,0,True,0.9996600046963688,0.00033999530363152547
415,"Bao bì/Mẫu mã:bao bì đã mở hết , móp méo",1,1,True,0.1567569017836222,0.8432430982163769
416,"Cảm thấy không yên tâm lắm vì quy cách đóng gói sản phẩm, dễ dàng mở - không có lớp bảo vệ nào  Định hoàn hàng mà để quên mất",1,1,True,0.05973914876156687,0.9402608512384338
417,"Giao hàng thiếu , mua có ưu đãi 1 tặng 1 vậy mà giao thiếu",1,1,True,0.002705506754524717,0.9972944932454733
418,"Thơm mùi dễ chịu lắmm. Thích mê. Kem thoa lên tan ra liền. Thấm khá tốt, hơi ẩm nhưng ko dính lắm",0,0,True,0.9872599017906688,0.012740098209333669
419,"Shop gói hàng cẩn thận. Dầu gội thơm, chai to sd tiết kiệm. Đã mua nhiều lần",0,0,True,0.9669336604403683,0.033066339559631265
420,"Bao bì:tệ  KCN rất tệ, nắp bị đen và hơi méo móp như ko phải hàng new, chất kem bết, bí, bóng ,khó thẩm thấu",1,1,True,0.012224515718679255,0.9877754842813237
421,"Đóng gói chắc chắn. Hộp vỏ đẹp in ấn sang trọng. Sản phẩm xịn xò, nhìn sang lắm luôn, mình rất thích. Mình mua 270k cả ship là có rẻ không mọi người.",0,0,True,0.9576854746221021,0.04231452537789753
422,"Bao bì/Mẫu mã:đóng gói quá ẩu quá vô trách nhiệm  Đã yêu cầu rõ trong đơn hàng và đã nhắn tin riêng  giao hàng k đc hư hỏng. Vậy mà nhận đc hàng ntn??? Quá vô trách nhiệm. Lần đầu mua đóng gói rất OK, lần 2 mua đã phải trả về vì hàng bị tháo ra đóng gói lại, lần 3 hàng gửi về ntn???? Quá thất vọng",1,1,True,2.9371824040054627e-05,0.9999706281759628
423,"Sữa tắm thơm mùi dễ chịu, lưu hương lâu, đóng gói cẩn thận, sẽ mua lại",0,0,True,0.9997639746874206,0.00023602531257809972
424,"Kem ủ siêu cấp thơm, đặc, rất mê nka. Thời gian ủ cũng nhanh, hiệu quả về lâu dài chưa rõ",0,0,True,0.9942482622943409,0.005751737705658492
425,"Hàng Oke, đóng gói kỹ, giao hàng nhanh. Sẽ mua ủng hộ shop tiếp ạ.",0,0,True,0.999932965016991,6.703498300735689e-05
426,Mình mua thêm vào giỏ hàng có quà tặng nhưng lúc giao lại không có quà,1,1,True,0.002932432213376355,0.9970675677866238
427,"Sản phẩm tốt, đúng mô tả, phù hợp giá tiền, nên mua. Giao hàng nhanh",0,0,True,0.9990878446875887,0.0009121553124116108
428,"Hương vị:mix 4 loai Bao bì/Mẫu mã:đẹp  Giao hàng đúng hẹn, sẽ ủng hộ shop lần sau, cảm ơn shop",0,0,True,0.9987083294924503,0.0012916705075526962
429,Đối tượng sử dụng:người lớm và trẻ em Chất lượng sản phẩm:tốt Mùi hương:thơm nhẹ  Giữ ẩm mịn da. Hương thơm nhẹ Giao hàng nhanh,0,0,True,0.9997836483989417,0.00021635160106052702
430,Mùi hương:có mùi thơm nhẹ Dành cho da:thâm sạm Công dụng:dưỡng sáng  có công dụng nhưng cần sử dụng lâu dài mới thấy rõ rệt,0,0,True,0.9991646230420556,0.0008353769579411422
431,Đúng với mô tả:quần đẹp Chất liệu:mềm mịn,0,0,True,0.9964559254095054,0.0035440745904937046
432,Bao bì/Mẫu mã:móp méo Độ tuổi sử dụng:3-6t  Hộp ngoài thì bình thường nhưng bên trong thì hộp móp như vầy,1,1,True,0.0005644586521514291,0.9994355413478453
433,"Fomo đi mua. Xài ổn thật, ra đc mascara nha mn. Xưa nay trang điểm vẫn phải xài thêm tây e trang mắt môi của maybeline, giờ có này ổn",0,0,True,0.83849573091115,0.1615042690888517
434,"Bao bì/Mẫu mã:moi Hương vị:được  Shop giao hàng lâu, đóng gói chung móp méo, bị bung hộp",1,1,True,0.3520507159836816,0.6479492840163155
435,"Đợt này bên kho đóng gói và gửi hàng rất không hài lòng! Một đơn thì bị bục hàng, đơn này thì gửi thiếu hàng! Bộ phận hỗ trợ chỉ hẹn thôi chứ ko xử lý cụ thể! Trải nghiệm mua hàng 2 lần gần đây ko hài lòng chút nào ạ!",1,1,True,0.00023359520933918543,0.9997664047906608
436,"Đóng gói k chắc chắn, hộp thì móp méo",1,1,True,0.013863843539951605,0.9861361564600502
437,Sữa váng cục pha lấy thìa khuấy mãi k tan. Nổi váng màu vàng mỡ lên trên k giám cho con uống. Nt shop k 1 lời phản hồi. Mình k biết chất lượng sp kém ntn nhưng thái độ phục vụ kh như thế là quá kém. Hộp khi nhận về thì móp méo,1,1,True,8.39817026417707e-05,0.9999160182973651
438,"Chất lượng sản phẩm tuyệt vời, đóng gói sản phẩm rất đẹp và chắc chắn, shop phục vụ tốt, thời gian giao hàng rất nhanh...!!!!!!!!!!",0,0,True,0.9994415511829321,0.0005584488170654602
439,Để hình có tặng quà mà nhận hàng ko có quà tặng j . Đóng gói thì sơ xài quăn cái chai muốn bể móp méo bực mình thực sự,1,1,True,8.679470262738658e-05,0.9999132052973747
440,"Quá thất vọng, ko có lớp chống sốc nào. May ko bị bung nắp. Nhận hàng méo mó.",1,1,True,0.00037612734350767356,0.9996238726564952
441,"Làm đẹp:chống nắng Bao bì:ok Lợi ích:không nâng tone, thấm nhanh gọn  Chất lượng sản phẩm tuyệt vời. Giao hàng nhanh, đóng gói kĩ. Mọi người nên mua nha",0,0,True,0.9997700906327623,0.00022990936723705637
442,"Mịn:ok Kiểm soát dầu:ok  Đại khái là tôi nghe được một câu như thế này, nếu như tôi thích cậu, cậu cũng vừa lúc thích tôi, thì khi tóc cậu rối, tôi sẽ chính tay chỉnh lại gọn nếp và đôi bàn tay tôi sẽ nán lại trên tóc cậu đôi phút, nhưng nếu tôi thích cậu mà không may, cậu không thích tôi, thì khi tóc cậu rối, tôi chỉ có thể nói ""Tóc cậu rối rồi”",0,1,False,0.19841747129023946,0.8015825287097627
443,"Đúng với mô tả:không như mô tả  Nhắn tin shop không trả lời từ shopee đến zalo, quá tệ. Sp tệ, chăm sóc khách hàng kém. Kh bao giờ quay lại mua ở shop này nữa.",1,1,True,0.00022322441807477679,0.999776775581928
444,"Mình mua lần này là lần thứ 2, lần đầu mở van mình bị gãy cả 2 , tưởng là do mình vặn sai nên k vote sao thấp. Lần này mua lại mình cẩn thận nhờ 2 ng khác nhau mở giúp và cx vẫn bị gãy như vậy. K hiểu vòi này kiểu gì rất dễ gãy và k thể mở ra đc để ấn van. Đề nghị shop kiểm tra lại. Mình toàn p chiết sang chai khác để sử dụng vô cùng bất tiện!",1,1,True,0.0004264009150403551,0.9995735990849555
445,Mình mua shope mall mà hàng đóng gói sơ sài. Hàng ko có tem chống bóc hàng. Giống kiểu đã bị bật ra rồi. Trả hàng sợ người khác lại bị giống mình. Mọi ng cân nhắc khi mua. Thâth sự ko hài lòng,1,1,True,0.00019057017184618928,0.9998094298281525
446,Kem dưỡng tốt mịn xài rất tốt trắng sáng và mịn dão mua nhiều l a nahwiq,0,0,True,0.9877125552488695,0.012287444751128994
447,"Bao bì:đúng mẫu, đẹp Mẹo:dễ sử dụng Kinh nghiệm sử dụng:dễ dùng  Giao hàng nhanh, đúng mô tả, ship thân thiện",0,0,True,0.9998682351953002,0.00013176480470148503
448,"Chất cotton mềm mát co dãn tốt, hơi mỏng nhưng thoải mái, mua được",0,0,True,0.9369336364225713,0.06306636357743095
449,Không nhận được quà tặng như quảng cáo,1,1,True,0.0024080705381634977,0.9975919294618366
450,Không có quà tặng như bên bán nói,1,1,True,0.0031725024600467613,0.9968274975399536
451,Bao bì/Mẫu mã:ok nguyên vẹn Hương vị:ok  Chương trình khi khuyến mãi tặng ly. Mình mua 3 combo nhưng ko có 1 cái ly nào. Cskh thì nhắn tin cả 3 4 lần cũng ko trả lời,1,1,True,0.0031836099191476807,0.9968163900808527
452,Bao bì/Mẫu mã:good Độ tuổi sử dụng:trẻ em Chất lượng sản phẩm:ok  Đóng gói cẩn thận. Giao hàng nhanh chóng. Sản phẩm chất Đóng gói cẩn thận. Giao hàng nhanh chóng. Sản phẩm chất lượng tốt. lượng tốt. Bé rất thích sữa này,0,0,True,0.9999286150373764,7.138496262606593e-05
453,"Đã dùng sản phẩm rất tốt, sẽ quay lại mua lần 2.hình ảnh chỉ mang tính chất minh hoạ để lấy su. Xin cảm ơn",0,0,True,0.9996702406459301,0.00032975935407262343
454,Dho cho mình hỏi bao vì của hãng hộp naog cx đóng cẩu that nhue thế này à? Hay hộp này của mình bị lỗi ạ? Mình lần đầu mua sữa này nhìn vỏ hộp hơi hoang mang,1,1,True,0.003382655349096475,0.9966173446509037
455,Quảng cáo có quà tặng . Nhưng gửi hàng lại k có .,1,1,True,0.0007964268311250407,0.9992035731688745
456,10đ nha đóng gói mọi thứ chăm sóc khách hàng và trải nghiệm dùng kcg để chê giá thành tốt xứng đáng thử,0,0,True,0.9225890720974128,0.0774109279025894
457,"Đóng gói kĩ càng, đẹp. Sản phẩm chính hãng nên yên tâm mọi người ạ",0,0,True,0.9924891804364171,0.007510819563586157
458,"Hương vị:hư hỏng  Thật sự là đang bầu mua để muốn mà mở ra lấy 1 bịch gớm ko chịu nổi, ám ảnh đến tận bây h, may mà nhìn kỹ chứ đưa vào mồm thì...chat shop thì kêu trả hàng cho Shoppee, Shoppee thì xem xét 3 ngày chưa phản hồi, 3 ngày ngâm đợi caia đống dòi này nó thành tinh hết hay gì, rồi shipper tới lấy hàng trả t đưa v cho ngta sao? Bán hàng chẳng may xảy ra vde còn ko giải quyết cho mau còn bảo liên hệ shoppee, nể thật sự",1,1,True,7.658326546913174e-06,0.9999923416734556
459,Chai mình nhận đc rất bẩn không biết phải hàng chính hãng không . Thật sự thất vọng khi mở hàng ra,1,1,True,0.003160722010593928,0.9968392779894029
460,Mình hay mua của shop mà vừa rồi giao cho mình 2 lon móp quá trời luôn 😢,0,1,False,0.03538381267576432,0.964616187324237
461,"Sản phẩm nhận về thì móp méo, tem bị lột 1 nửa. Các góc hộp đều bị gập để lôi sp ra. Hàng như hàng chợ. Hoàn hàng thì shop không hỗ trợ. Các b nên cân nhắc trước khi mua sp của shop ạ",1,1,True,0.0001189767400562384,0.9998810232599402
462,thêm 2 sao vì đóng hàng móp nhưng vẫn ủng hộ nha!,1,1,True,0.062114476516257386,0.9378855234837432
463,"Phủ lên mà da bóng mịn, như không phủ ấy, đẹp lắm luôn, siêu ưng",0,0,True,0.9495594542995344,0.05044054570046733
464,"Sữa ko tan cskh kém pha đã khuấy rất lâu nhưng vẫn ko tam hỏi thì ko tl, cho trợ lí ảo nt",1,1,True,0.0020964681636914473,0.9979035318363072
465,"chưa dùng nên chưa biết, mà vừa mở ra phấn rơi, tràn cả vào mặt trước của vỏ hộp phấn, dù có bọc bong bóng",1,1,True,0.04215377279987374,0.9578462272001269
466,Ko nhận đc hàng quà tặng,1,1,True,0.012633165933808655,0.987366834066193
467,"Kinh nghiệm sử dụng:sd buổi sáng chống nắng nhẹ Bao bì:chac chan, dep",0,0,True,0.9707681735936292,0.029231826406368892
468,"Thùng sữa lần này (hàng bao bì mới hình đứa bé, ko phải bao bì Cô gái hà lan xưa)mua vị nó như đổ sữa đặc vào nước rồi hòa tan ý, nó khác hoàn toàn với sữa trước đây luôn. Thật sự không hiểu hãng sữa có vấn đề trong khâu sản xuất hay sữa này sữa giả",1,1,True,0.001596970809729416,0.9984030291902655
469,Để mua 1 tặng 1 .giao có chai srm k co tẩy trang.giao hàng lâu,1,1,True,0.018960643364730072,0.9810393566352699
470,Xài rất chan nha.. chân bình thường cung mịn lắm.. ttbc thường xuyên… mà thử 2 lần mỗi lần mỗi lần thoa lên là bết rít dính dính.. da bị cái vệt trắng y chang ở dơ… nt shop hỏi để đổi thì shop bảo shop k hỗ trợ đổi chỉ trả hàng… mà hàng đã khui ra r hỏi mọi ng s trả được.. shoppe nào xét duyệt.,1,1,True,0.001043801997295415,0.9989561980027064
471,"đơn hàng ghi tặng chai dầu nhỏ mà ko được , mua shop toàn giao thiếu hàng",1,1,True,0.00031971081607076046,0.9996802891839283
472,"Giao hàng nhanh, ăn giòn ngon. Thích ăn loại này nhất. Sẽ ủng hộ tiếp",0,0,True,0.9982545558679754,0.001745444132022927
473,"Shipper dễ thương, giao hàng nhanh chóng, đóng gói cẩn thận, không có hàng tặng kèm",1,0,False,0.9517470969977021,0.048252903002295816
474,Nhìn khác hẳn hàng mua siêu thị.nhìn cứ như hàng giả ý.lần đầu cũng là lần cuối mọi ng cứ ra tạp hóa lớn hoạc siêu thị mà mua cho yên tâm,1,1,True,0.02033468813088607,0.9796653118691157
475,Về mở ra sữa nó dính đổ ra tùm lum làm phải lau dọn này kia,1,1,True,0.001412499080825074,0.9985875009191774
476,"Shop đóng gói cẩn thận, giao hàng nhanh, lần sau sẽ ủng hộ shop tiếp",0,0,True,0.9998912129141534,0.00010878708584849793
477,Qcao tặng thêm ủ tóc nhưng ko có,1,1,True,0.16047759703407238,0.8395224029659271
478,"Hương vị:bị ảnh hưởng do sữa bể  Mua sữa thì ra tiệm.mua , săn trên  đây  rẻ hơn vài chục mà giao  bể từa lưa , có hộ trợ đổi mà 3-5ngay quyết định , 15ngay giải quyết. K tiền mới săn sale gặp vậy bỏ cả thùng nó hôi  rình do  sữa bể , lỗi mình là tin  tưởng shiper , vì giao  trong giờ làm việc k mún làm khó ship chở tới chở lui, kết quả của sự tin tưởng là bỏ thùng sữa . Ra tiệm cho  chắc nhé mọi người",1,1,True,0.0005929316229154298,0.9994070683770802
479,quá tuyệt vời chưa bh h thấy trên cõi đời này thật sự tuyệt vời he he,0,0,True,0.5672481644706848,0.43275183552931296
480,"Bao bì:Rất tệ  Mình không hiểu sao với một hãng lớn như Loreal mà có thể sơ sài đến mức này. Ảnh mình cx k muốn chụp, bạn nào xem thì vào phần đánh giá nhiều lắm. Đóng gói k khác gì hàng fake, không có cả một cái hộp bọc, dán băng dính tùm lum như kiểu đồ cũ. Mình nói thật là quá tệ, thua cả mấy hãng hàng gia công luôn ấy. Sản phẩm được seeding rầm rộ mà chứ biết tốt hay không đập vào mắt đã thấy phèn r. Sang nhìn gogotales hay forcallure, mấy hãng nói ra là kiểu tệ rồi mà ít nhất nó còn làm tốt cái vỏ. Mong hãng sớm cải thiện",1,1,True,6.661333142159887e-05,0.9999333866685847
481,"Chất lượng:ok Tiêu hóa:ok Bao bì:ok  Ok, đóng gói cản thận (hình ảnh mang tính chất minh hoạ)",0,0,True,0.9992316364885754,0.0007683635114236711
482,Phù hợp với loại da:hopwj voi loai da khoe Mùi hương:mui cafe rất thơm Công dụng:giúp tẩy tế bào chết mịn da mùi hương lưu lại rất thơm,0,0,True,0.9995652910782521,0.0004347089217480666
483,Dành cho da:moij loaij da Công dụng:chua ro Mùi hương:ok  giao hàng nhanh shipper thân thiện vui vẻ shop bán hàng chất lượng lắm mọi ng yên tâm mua nha,0,0,True,0.9994904536785066,0.0005095463214946982
484,"đã nhận được sản phẩm, sản phẩm ăn cũng ngon, hương vị vừa ăn..",0,0,True,0.7621323020311626,0.23786769796883603
485,"Mùi hương:thơm Dành cho da:nhiều loại da Công dụng:serum dưỡng ẩm dưỡng trắng  Mùi khá là thơm, còn công dụng dưỡng trắng thì chưa thấy mấy",0,0,True,0.9990577585441349,0.0009422414558635519
486,"Đóng gói ẩu, đổ lỗi cho đơn vị vc, dug là 1p lỗi ở dvvc, nhug ng bán là ng đóng gói, ko ktra kỹ trc khi gói hàng, trc khi dán keo, hộp sữa bung bét hết, nắp nhôm cug bong ra, ko bit fai nói j lun",1,1,True,0.0005281228105709046,0.9994718771894284
487,"Mùi hương:thơm Chất lượng sản phẩm:tốt Đối tượng sử dụng:gđ  Nhận đủ sp mua để gia đình dùng . da rất mịn luôn ưng cái bụng dễ sợ luôn . quá tuyệt vời , hình ảnh mang tính chất nhận xu 😉",0,0,True,0.9995352871706227,0.0004647128293786199
488,Ốp cứng quá dùng 1time máy trầy xước. Tôi muốn yêu cầu trả hàng hoàn tiền,1,1,True,0.00015857295856675096,0.9998414270414323
489,"Mình đã nhận hàng rồi, đóng gói cẩn thận, sản phẩm nhìn đẹp và đúng như mô tả. Chất lượng ổn so với giá, dùng thử thấy rất hài lòng. Shop giao nhanh, giá rẻ mà hàng vẫn ok. Sẽ ủng hộ thêm! Hình ảnh mang tính chất nhận xu",0,0,True,0.9999545067940532,4.549320595181587e-05
490,"Giao hàng nhanh, váy đẹp. Shipper thân thiện. Sẽ ủng hộ shop lần sau",0,0,True,0.9998588996793478,0.00014110032065143204
491,Giao hàng nhanh Đóng gói đẹp Hình ảnh và video chỉ mang tính chất nhận xu,0,0,True,0.9999347758963891,6.522410361216062e-05
492,"Giao hàng nhanh, gói hàng ok, chống sốc đầy đủ Thích dùng loại này, dịu nhẹ, nchung là okela",0,0,True,0.9988895998371758,0.001110400162822873
493,Đóng gói sữa mà quá sơ sài. Lần đầu mua 1 trải nghiệm quá thất vọng Bọc mỗi lớp màng PE rồi thủng bao bì,1,1,True,0.0022775724049585552,0.9977224275950426
494,Shop lừa người lắm. Săn live của Hala kêu có quà tặng di kèm. Trên ảnh cũng có quà. Mà đến lúc mua lại k giao. Nt hỏi shop kêu tại khách chưa thao tác đúng. Cái căn bản là shop có để quà đâu mà khách thập tác được. Kể cả đến bây giờ 2/2 trên ảnh hiển thị quà mà tháo tác cũng k được,1,1,True,7.980326495297165e-05,0.9999201967350436
495,Dao hàng nhanh kinh khủng đặt chiều qua mà sáng nay mình nhận được hàng luôn shop làm việc siêu đỉnh luôn thấy mọi người bảo ok lên mua thử,0,1,False,0.15659225451610345,0.8434077454838971
496,"Màu đẹp hơn khi chồng nhiều lớp, hợp da ngăm. Chất son mượt, mịn, hợp các bác không khô môi 🙂 T không thích chất son vì môi chỉ cần hơi khô là son không ăn, môi 1 đằng son 1 nẻo, có dưỡng 1 lớp mỏng trước thì cũng trượt. Kể cả khi không có dưỡng, tới nửa ngày son nó cũng trôi ra viền nhưng không ghê như lúc ăn uống xong, đừng bặm môi nhiều nhé 🥲 coi video đánh giá nhiều rồi mà giờ nhận ra chỉ nói về màu. Dùng để quay chụp lên hình mấy phút thôi thì chắc cũng được đấy",1,1,True,0.11560461421574784,0.8843953857842536
497,"Làm đẹp:chaat lỏng, dàn dễ, che phủ tốt, nên mua sáng hơn 1 tone vì quá đẹp, có độ căng bóng Kiểm soát dầu:kieemr soats daauf toots vaf lau xuoong tone  Hình ảnh, clip minh hoạ thôi nhma nên mua nha mn vì nền lỏng bà lên da rất tệp da. Bóng nhẹ, lì, lâu xuống tone",0,0,True,0.9920334601243973,0.007966539875604597
498,Hàng thì móp méo đã thế còn bị bung ra nữa còn hai hộp nguyên vẹn 4 hộp còn lại bị bung hộp ra mk mua trong phiên live của chị hana nma cx ko thấy quà đâu,1,1,True,0.0003559150333159768,0.9996440849666844
499,"đã mua nhiều lần chất lượng sản phẩm tốt,giao hàng nhanh chóng",0,0,True,0.9969100377194494,0.0030899622805504972
500,"Sữa giá rẻ, mua cho bé uống thay đổi khẩu vị cũng ổn, giao hàng nhanh, gói hàng ok",0,0,True,0.9774072879966276,0.022592712003372463
501,"Làm đẹp:kem chống nắng Mẹo:không thể sử dụng đc Hương thơm:thơm  Đang xài kcn centelaa khá ok khi dùng chung kem dưỡng pond'n ban ngày ,thấy hãng ra kcn cũng mạnh dạng đặt về dùng cho đủ bộ,cứ nghĩ là xài kem dưỡng mà xài kcn pond'n nữa thì chắc sẽ hợp nhau lắm ,ai ngờ trời ơi ,bôi lên 1 cái nó trượt hết kem dưỡng luôn má ơi để lại vệt trắng nhìn kinh khủng ,mà trong khi mình đã cố gắng vỗ khá nhiều chứ ko hề tán kem ra mà nhìn khiếp lắm ,dạ m khô mà chọn loại dưỡng sáng mà nhìn vẫn bóng dầu ,mà còn chọn dưỡng ẩm nữa thì cỡ nào ,lỡ mua rồi giờ ko biết làm gì với nó 😭",1,1,True,0.13340616839873726,0.8665938316012572
502,Làm sạch:sach sau Hương thơm:diu nhe  Giao hàng nhanh. Đóng gói cẩn thận. Shopee xử lý nên nhanh lắm. Ship thân thiện nhiệt tình,0,0,True,0.9999432397879822,5.676021201673415e-05
503,Hương vị:giao đến bể chảy ướt hôi hết cả thùng sữa,1,1,True,0.00036107407296435474,0.9996389259270363
504,Giao hàng ko cẩn thận bị bể,1,1,True,0.019688611334554247,0.9803113886654452
505,"Cũng mới sài loại này nên đánh giá ban đầu của t là serum hơi lỏng, thoa lên tóc ko có cảm giác bết dính, đc cái thơm.",0,0,True,0.5993767846690556,0.4006232153309471
506,"Shop đóng gói tệ. Mở hàng ra không có một lớp chống sốc nào, một tờ bìa lót cũng không. Cứ thế để hàng vào đóng rồi khi vận chuyển bị móp hết hộp. 1 ⭐️",1,1,True,0.00018407215365547294,0.9998159278463467
507,"Máy rất yêu, dùng cạo râu không sạch, gây xước mặt khi dùng.",1,0,False,0.8214788766335518,0.17852112336644885
508,Công dụng:tốt  Đã nhận được hàng. Giao hàng nhanh đóng gói cẩn thận chất lượng sản phẩm tốt đúng với mô tả đúng như đánh giá 🤔,0,0,True,0.9995608984266022,0.00043910157339691123
509,"Mua bên này mấy lần rồi, ổn áp xịn xò vãi, hong để lại dấu vân tay 1000000đ",0,1,False,0.4170818108571537,0.5829181891428459
510,"Hương vị:sữa đặc Bao bì/Mẫu mã:mẫu mã giống hình shop đăng  Shop bao gói ổn, mua giá flashsale 13k nên không đòi hỏi gì nhiều. Chất lượng sản phẩm chưa uống nên chưa đánh giá được",0,0,True,0.8052193758150603,0.19478062418493824
511,"Hương thơm:khoong muif Kinh nghiệm sử dụng:dung bong tay trang tham deu nuoc tay trang va lau sach mat  được tặng kèm bông tẩy trang, đây là chai t5 mình dùng rồi, rất ok, dành cho da dầu mụn",0,0,True,0.9795719263793453,0.020428073620656236
512,Kinh nghiệm sử dụng:mua hồi 6/10 sd tới nay 22/10 Lợi ích:ko hiệu quả mak còn lên mụn thêm . Thấy ko bớt thâm xí nào  Đóng gói thì ok giao hàng nhanh. Còn sd thì thấy cũng v ko bớt mụn,1,1,True,0.4251972768478015,0.5748027231521962
513,Bỏ giá tiền mua bản 2.0 32g mà shop giao 1.0 :) 25g. Giao nhầm hàng cho mình.,1,1,True,0.12266706341211224,0.8773329365878876
514,"Bao bì/Mẫu mã:xấu Hương vị:oke  Đóng gói cực kỳ tệ. Mua 1 lúc 2 thùng sữa mà shop ko đóng được nổi cho 1 lớp chống sóc, có mỗi 1 lớp màng bọc quanh.  Chưa bao giờ mua hàng mà phải đi đánh giá tệ như này.",1,1,True,0.00013973184012957431,0.99986026815987
515,"Gói hàng kĩ và giao hàng nhanh . Đặt nhiều lần rồi, mùi thơm hơi nồng tí",0,0,True,0.9897250428465011,0.010274957153501074
516,"Mình mua dây dùng thử thấy giảm gàu rất nhiều, ko bị ngứa nên nay mua chai lớn dùng luôn",0,1,False,0.41765037530444316,0.5823496246955586
517,Shop giao hàng nhanh. Ms đặt hôm 20-21 nhận luôn nè. Chỗ mình đang bị vỡ kho k có ship giao nên đặt hàng mà đc gọi giao hàng là mừng lắm,0,1,False,0.12470094866914884,0.8752990513308478
518,"Đóng gói sơ xài lần nào mua cũng bị hỏng mấy bịch, chảy ướt cả thùng. Đóng gói tệ",1,1,True,0.00022895708178796812,0.9997710429182148
519,Giao hàng nhanh. Đóng gói cẩn thận. Sản phẩm dùng tốt. Đáng để thử,0,0,True,0.9984779089404325,0.0015220910595648862
520,"Sao báo tặng quà kèm cho bé mà ko có, ko có thì đừng có quãng cáo lố",1,1,True,0.0007362180945679385,0.9992637819054329
521,Form lạ bụng eo long lẻo. Phần dưới thì lại kích  Cạp thấp,1,1,True,0.0241045955188182,0.9758954044811801
522,Ốp tháo ra khó tháo cứng,1,1,True,0.023852438788250885,0.9761475612117482
523,"Thấy để có quà nhưng của tui không có, với giá này thì cũng kh rẻ hơn ngày thường bao nhiêu nhưng mà thôi, gần tết rồi vs cũng hết bông nên lấy luôn 🙃🙃.",1,1,True,0.05759129034823705,0.9424087096517609
524,"Công dụng:chủ yếu vẫn là cấp ẩm nha Dành cho da:nhiều loại da, riêng mình là da khô nha Mùi hương:mùi mỹ phẩm nhẹ không gây khó chịu",0,0,True,0.9946673696712098,0.005332630328787555
525,mua đắt hơn bình thường ùi mà bên sx đóng gói k kĩ làm đổ dầu gội ra ngoài tèm lem !!!,1,1,True,0.0020809798318393987,0.9979190201681595
526,"Chất lượng sản phẩm:dep  shop giao đủ hàng, đúng hàng, săn sale mua đc với giá oke, giao hàng nhanh, đóng gói cẩn thận",0,0,True,0.9991798360446339,0.0008201639553683588
527,"Kinh nghiệm sử dụng:ok Hương thơm:k mùi Mẹo:k cos  Giao hàng nhanh đóng gói đầy đủ cẩn thận, chất lượng ọk",0,0,True,0.9997448066525854,0.00025519334741294945
528,Không hề có hàng tặng kèm như quảng cáo,1,1,True,0.0008122941865362709,0.999187705813463
529,Bao bì:tamj Hương thơm:thowm lamws Mẹo:gooij ddaauf  Dùng 1 thời gian thì thấy tóc siêu thơm với mượt nhưng chưa thấy đỡ rụng tóc,0,0,True,0.9737956710995571,0.026204328900445727
530,Mùi hương:thơm nhẹ Công dụng:trắng da Phù hợp với loại da:mọi loại da  Trong các dòng mình thấy dòng này là ok nhất và thấm cực nhanh lại mát lạnh khi bôi lên cảm giác rất dịu nhẹ mọi người nên mua nhé,0,0,True,0.9993295970264374,0.0006704029735600615
531,Ko dc tặng nước tẩy trang như quảng cáo dù đã đặt ngày vẫn còn quà,1,1,True,0.022265925252932875,0.9777340747470686
532,Làm gì có tặng quà gì mà đánh giá,1,1,True,0.010052706617485939,0.9899472933825156
533,"Lừa đảo, quảng cáo có tặng hàng khuyến mãi mà giao hàng không có",1,1,True,0.0006604116500186287,0.9993395883499817
534,"Hình ảnh video nhận xu, Hàng chất lượng hợp với giá tiền  Nên mua nha",0,0,True,0.9990267377697721,0.0009732622302299491
535,"Dép đi rất đẹp, m đã mua nhiều đôi bên shop này rồi. Trước mua 1 đôi shop gửi nhầm size mà hoàn hàng lâu lắm chưa thấy hoàn tiền",0,1,False,0.3577228529288007,0.6422771470712
536,"Hàng giao hộp bị rách và móp méo , chán gói hàng sơ Sài",1,1,True,0.003846464071823,0.9961535359281757
537,"Giao hàng nhanh, chất serum lỏng, thơm, nhanh khô, dưỡng ẩm tốt, đề có tặng quà mà nhận hàng về đách có ji hết",0,1,False,0.4439256095734061,0.5560743904265907
538,"Chất kem thấm nhanh, không nhờn rít, mùi thơm, có trắng hay không phải sử dụng thêm",0,0,True,0.9933809521998421,0.006619047800159914
539,"Giao hàng nhanh , đóng gói cẩn thận ạ, quà tặng xinh, cả hai bé đều tin tưởng mua dùng ạ!",0,0,True,0.8892955681500679,0.11070443184993231
540,"Lợi ích:mauf ok, laau troi Hiệu ứng làm đẹp:len mawjt dejp Làm đẹp:ok  nền đẹp, lâu trôi, nên mua nha",0,0,True,0.9927410738396583,0.007258926160340228
541,"không sao mà kết nối được quá tệ mặc dù đã sạc qua đêm sau đó tôi thử kết nói với 1 tai nghe khác vẫn đc còn sản phẩm này thì k, nhắn tin shoo hỗ trợ ko tận tình, shop quá là tệ",1,1,True,0.00236683212668063,0.9976331678733175
542,"Chai nhỏ gọn, dễ thương, bao kì đóng gói kĩ, dùng cấp ẩm cho da không bị khô rát, giuap thẩm thấy, giao hàng nhanh, đóng gói kĩ càng",0,0,True,0.9980288173259337,0.0019711826740635686
543,"Độ sáng:ok Làm sạch:sạch, mới dùng nên chưa biêt Dịu nhẹ:dễ chịu  Luôn ủng hộ hàng việt nam. Nên mình cũng mong là sản phẩm chính hãng.",1,0,False,0.9994706958446297,0.0005293041553680693
544,"Giao hàng nhanh, k làm cay mắt, đóng gói sản phẩm cẩn thận,dịu nhẹ vs da",0,0,True,0.9978038799920644,0.00219612000793742
545,Nhỏ xíu à đóng gói siêu kĩ luôn. Niêm phong tận mấy lớp. Có dieu k che tên sp. sợ ai để í . Để hàng ở sân chưa kịp về ngta thó mata. Kkk,0,1,False,0.135382957339733,0.8646170426602648
546,"Gói hàng cực kỳ xấu, nhận về chai kem nền bị bể (bể 1 vết vào bên trong mà vẫn có cái màng dán nhãn bên ngoài). Không có màng seal, màu thì hồng hồng nâu nâu, k hề giống như màu mô tả. Quá thất vọng 😀",1,1,True,0.00041905286734395745,0.9995809471326574
547,Hương vị:tôi cảm nhânn sữa có vị béo và vị ngọt dễ uống Chất lượng:chật lượng sản phẩm ổn định và đáng tin cậy,0,0,True,0.9810335622707763,0.018966437729221512
548,"Chất lượng sản phẩm:tốt Độ tuổi sử dụng:taast car  Mùi thơm lắm luô luôn ấy ạ, mình mua về được tặng quá trời đồ",0,0,True,0.9370762830525239,0.0629237169474772
549,Lần sau sẽ ủng hộ shop lần sau sẽ ủng hộ shop hình ảnh chỉ mang tính chất nhận su,0,0,True,0.9998433773091443,0.00015662269085749828
550,Hàng vận chuyển đến bị thủng hộp cartoon bọc ngoài . Đặt hàng đợt 30/06 có Deal 0đ 5 chai 100ml cũng chả thấy đâu  1 sao.,1,1,True,0.0008803789820836883,0.9991196210179195
551,"Về giá cả ko phải nói, Lúc đặt hàng có kèm theo tặng phẩm lúc giao lại ko có, hỏi lại thì bảo deal ko thành công! Lần thứ 2 thấy bb về shop!",1,1,True,0.0030905398907009073,0.9969094601093016
552,"Kinh nghiệm sử dụng:chưa dùng nên chưa có kinh nghiệm Hương thơm:cái mùi sao sao á Làm đẹp:thích đẹp thì làm, cần gì tuổi  Nhận hàng sau bao ngày chờ đợi Shop chuẩn bị hàng và ship hàng đủ số lượng,  chất lượng thì khỏi bàn, với giá này thì quá tuyệt vời ông mặt trời rồi ạ Giá quá rẻ so với mua ngoài shop nha Cảm ơn shop",0,0,True,0.9947542621189889,0.005245737881014772
553,vừa mua về bị bể ra như này nhắn shop thì seen lại ko rep,1,1,True,0.0007042812713578936,0.9992957187286388
554,Hương vị:sửa Bao bì/Mẫu mã:đẹp  Hình ảnh mang tính chất nhận xu nhưng xịn xò lắm luôn. Giao hàng lại cực kỳ nhanh. Shipper nhiệt tình thân thiện. Nên mua nha mọi người,0,0,True,0.9997534352357934,0.00024656476420624153
555,"Đây là lần đầu tiên mk hàng bức xúc nhất để mua 1 tặng 1 k có, thay gì khỏi để, để mk mua shop khác giá rẻ hơn mua bên đây giá cao hơn chỉ để có kèm quà tặng mà vào đây thấy nhiều người bị lừa giống mk, biết trước đọc đánh giá rồi,k nghĩ thương hiệu lớn vậy mà làm ăn gian dối 😡😡😡😡😡😡",1,1,True,0.00019742995369472914,0.9998025700463079
556,giao hàng nhanh sản phẩm đẹp chất lượng đóng gói chắc chắn ko bị móp méo,0,0,True,0.9890708792888426,0.010929120711155342
557,"KHUYÊN MỌI NGƯỜI KO NÊN MUA LOẠI NÀY. DÙNG VÔ CÙNG CAY MẮT XÓT CỨNG MẮT, TRẢ HÀNG THÌ SHOP KO CHO TRẢ LẠI. QUÁ THẤT VỌNG",1,1,True,0.0005149970070597165,0.999485002992937
558,Đơn hàng giao thiếu vali,1,1,True,0.007181960073022187,0.9928180399269775
559,"Chất lượng sản phẩm:ok  Hàng giao nhanh, đóng gói cẩn thận. Vị thơm ngon dễ uống, giá sale rẻ hơn ở siêu thị. Rất nên mua",0,0,True,0.9993954174173191,0.0006045825826779248
560,"Chất liệu:nhựa Độ êm:êm Màu sắc:đen  Dép đẹp, nhẹ, êm, giá tốt, hi vọng sẽ bền. Ship hàng nhanh chóng. Được tặng kèm charm. Cũng rất dễ thương. Vừa chân",0,0,True,0.9987376338360862,0.00126236616391572
561,Sản phẩm tốt - giao hàng nhanh  Tuy nhiên chăm sóc khách hàng rất kém - không bao giờ quay trở lại pp,1,1,True,0.0643882455983856,0.935611754401611
562,"Bao bì/Mẫu mã:nhỏ Hương vị:tạm  Sữa rất yếu, quá đắt k ngonnnnnnnnnnnnnnnnn. Không nên muaaaaaaaa",1,1,True,0.2589123305589983,0.7410876694409987
563,Đóng gói ẩu mua 6 hộp bể mất 1 hộp,1,1,True,0.03087504076390144,0.9691249592361003
564,"Độ lưu hương:lưu hương lâu có khi qua ngày vẫn còn mùi nhưng phải ngửi sát vô mới nghe mùi Mùi hương:mùi sang  mùi đầu mình ngửi đc mùi ngọt sắt, sau đó là thoang thoảng mùi gỗ, hương ấm nghe mùi sang nha mình chấm em này 8.5đ, mình đc tặng mùi berry candy thấy mùi này như kẹo ấy k khác gì hết:))",0,0,True,0.7122195813597213,0.2877804186402782
565,Ko có quà tặng mà ghi như đúng rồi,1,1,True,0.003137697838892564,0.9968623021611075
566,Lần đầu dùng Nhận hàng chắc chắn cho đến khi bóc băng dính ra Dính hết lên thành lọ rõ là bẩn luôn,1,1,True,0.014135537223059881,0.9858644627769392
567,"thơm, mịn mướt lắm lun, ủ k bị rụng tóc nhen, rẻ nên muaaa nhaaa",0,0,True,0.9953542348881262,0.004645765111873987
568,Công dụng:Không trắng răng  Sử dụng hơn 2 tuần kết hợp vs chỉ nha khoa với đánh răng ngày 2 lần mà vẫn không thấy trắng,1,1,True,0.2401554101663037,0.7598445898336995
569,Sài gói thấy sạch gàu mượt tóc nên mua chai lớn về dùng được shop tặng kem chống nắng cảm ơn shop nhiều nhé chai này sài chắc lâu mới hết,0,0,True,0.9619139621050776,0.03808603789491949
570,Làm sạch:ok lam sach da kha tot Dịu nhẹ:minh dung thay rat ok Hương thơm:diu nhe va de chiu  Nen mua,0,0,True,0.999904105599546,9.589440045066093e-05
571,"Chai 110 mình mua về thì test ra màu nâu đỏ, nhưng khi ra guardian test thì màu như ảnh hãng đăng. Mình kh hiểu tại sao lại có sự khác biệt này",1,1,True,0.01229895804678826,0.987701041953214
572,"Mk dùng loại này tầm 4 5 năm rồi, phù hợp vs da khô, ít makeup như mk, nhẹ nhàng, ko bí da Đợt này săn sale rẻ nha, mua 2 đc tặng 1 lọ 100ml, quá ổn áp",0,0,True,0.9971768190222641,0.0028231809777345715
573,Sản phẩm tốt đúng theo mô tả. Giao hàng nhanh. Giá cả hợp lí đúng với chất lượng,0,0,True,0.9993022186723877,0.0006977813276155633
574,Hương vị:giao hàng ko ra gì  Vỡ 1 hộp sữa. Ninja van làm ăn rõ chán nước bắn tung tóe ở vỏ. Sau cứ gặp ninja van hủy đơn.,1,1,True,0.0006063842124975189,0.9993936157875012
575,Dầu gội cx thơm nhẹ k cay mắt nhưng cx k mượt như quảng cáo hi vọng hàng chính hãng,1,0,False,0.86809680207921,0.13190319792078647
576,"Sản phẩm nhận được đúng như mô tả, đóng gói cẩn thận, giao hàng nhanh. Chất lượng tốt so với giá tiền, dùng ổn và đáng mua. Shop tư vấn nhiệt tình, sẽ ủng hộ thêm nếu có nhu cầu.",0,0,True,0.9999731023744506,2.68976255468026e-05
577,Hình ảnh chỉ mang tính chất nhận xu. Giao hàng chậm . Gần 7 ngày mới nhận đc  chắc do gần tết,0,0,True,0.8911719740868896,0.10882802591310789
578,"Phấn nhìn đẹp nha, phấn mịn, dễ đánh,mua còn đc tặng thêm đồ nx",0,0,True,0.9367364601053799,0.06326353989461891
579,"trên quảng cáo tặng quà sữa rửa mặt ,dầu xả,  mà nhận về chả thấy đâu, nhắn tin thì ko trả lời",1,1,True,7.061580375521312e-05,0.9999293841962478
580,"Hương vị:hang bi bể, hỗ trợ đổi trả rườm rà kéo dài 3-4 ngày. Sữa bể hôi chua mà cứ chờ xử lí. K phải mới mua 1 thùng mà mua trên dưới vài chục thùng rồi nhưng hổ trợ kiểu như chầu chực. Kêu chụp hình quay clip đều làm xong nói k đủ xác thực. Cở đó mà còn k đủ xác thực. Có mấy trăm ngàn mà làm mất uy tín và bất mãn thật sự",1,1,True,0.0001277738398258871,0.9998722261601701
581,Bao bì/Mẫu mã:xấu  Đáng lẽ ko đáng giá.. nhưng thà đừng gửi quà tặng bao lì xì. Gửi thì gửi đàng hoàng chút nhét cái bao vô kéo ra nhăn nhúm thấy gớm..,1,1,True,0.0008230445919118115,0.9991769554080862
582,"Giao nhanh, săn sale giá tốt, bé mình hợp tác vị giống enfa vàng lắm",0,0,True,0.9939730731337411,0.0060269268662597715
583,"Độ tuổi sử dụng:4 tuổi Chất lượng sản phẩm:ok Bao bì/Mẫu mã:chắc chắn  Theo đơn đặt hàng có quà, tuy nhiên hàng giao không có quà tặng, shop vui lòng liên hệ gửi bổ sung đúng quà cho mình nhé !",1,1,True,0.08140085498099381,0.9185991450190057
584,"Hiệu quả:cũng cũng Mùi hương:thơm  Thấy cũng đỡ bết tóc nè , giá khá rẻ , nên mua trải nghiệm",0,0,True,0.952904436794139,0.04709556320586343
585,Sản phẩm bán ghi rõ là mua 1 tuýp  chống nắng lớn tặng 1 tuýp nhỏ mà nhận hàng không có quà tặng . Khách hỏi thì bảo tại khách thao tác không đúng . Kiểu khách chịu không chịu cũng phải chịu . Nản,1,1,True,0.0003916374502568682,0.9996083625497452
586,Bao bì:móp méo  giao hàng tới hộp sữa móp méo hết trơn,1,1,True,0.00856063289694368,0.9914393671030559
587,"Chất lượng tốt, giao đủ hàng, săn deal trên livestream được giá tốt",0,0,True,0.969064036636473,0.030935963363527993
588,Giao sai mẫu cho mình. Cần rút kinh nghiệm khâu đóng hàng,1,1,True,0.0036599954499722414,0.9963400045500298
589,"Mua lại lần này mình có hơi thất vọng. chất lượng sản phẩm vẫn ok, không có gì bàn cãi. Mà khâu vận chuyển đợt này có vẻ tệ. Hộp móp méo hẳn đi :(((",1,1,True,0.007904297430649344,0.9920957025693473
590,"Chất lượng:lớp tint trôi khá nhanh và sẽ đọng rãnh. Sau 3 tiếng xài ko ăn chỉ uống nước bằng ly, ko liếm môi thì có hiện tượng màu loang lỗ. Ko nên mua nha. Với giá này và chất lượng như này thì có nhiều options khác tốt hơn rất nhiều. Dưỡng ẩm:ko có ẩm",1,1,True,0.3812227675944852,0.6187772324055122
591,Mùi hương:dịu nhẹ Đối tượng sử dụng:trẻ em Chất lượng sản phẩm:ổn  Giao hàng nhanh đóng gói cẩn thận nhận hàng ưng ý,0,0,True,0.9995494424468256,0.00045055755317259354
592,"Mua 33 gói màu tím,mà toàn gửi mấy gói vớ vẩn thôi.treo đầu dê bán thịt chó.shop làm ăn lừa đảo vậy a",1,1,True,5.8051103408776534e-05,0.999941948896591
593,"Shop đóng gói kỹ, giao hàng nhanh, packaging đẹp, son tint lì, màu bóng nhẹ phù hợp nhiều tone màu makeup",0,0,True,0.9976546579412976,0.002345342058700148
594,Tạm thời cho 4 sao. Hàng giao đúng theo yêu cầu và đóng gói cẩn thận. Đóng hộp và bao bí nhìn rất sang. Chưa sử dụng nên chỉ cho 4 sao thôi. Thanks shop.,0,1,False,0.36091137311582805,0.6390886268841723
595,Dưỡng ko ra dưỡng mà son ko ra son. Tệ,1,1,True,0.0846840344408717,0.9153159655591285
596,"Hương thơm:thom nhe nhe Kinh nghiệm sử dụng:de su dung Làm đẹp:mua lai lan 3 thi chat luong mien che, ko bij kho da nhu mau den",0,0,True,0.9956537398963415,0.004346260103655183
597,"Khuyên mọi người không nên mua sản phẩm này. Vì quá tin nên fomo theo mua dùng thử, lúc mới đánh rất đẹp nhé mng, mịn, không bị khô. nhưng khoảng 2h là xuống tone, mặt đen đi 2 tone ấy. kinh dị lắm huhuhu mọi người chuyển qua mbl nắp tím đi, dù hơi khô nhưng dưỡng ẩm kĩ là ukiii nhé. cái sp này vừa k kiềm dầu vừa nhanh trôi, lần đầu tiên mua sp thất bại như dị😭😭😭",1,1,True,0.45175230750935236,0.5482476924906441
598,"Sp mua thời gian hsd ngắn. Kiểu hàng gần hết hạn. Sp km thì đã bị bóc, chảy hết ra ngoài gói hàng. Một hãng lớn mà làm ăn vậy.",1,1,True,0.0001413784458093735,0.9998586215541929
599,"Sản phẩm tốt, cute đáng yêu đẹp lắm sẽ ủng hộ shop tiếp nha shop",0,0,True,0.9995466545266168,0.00045334547338107475
600,Shop đóng gói kỹ. Giao hàng nhanh. Đúng và đủ hàng cho khách. Hoàn toàn hài lòng. Tặng shop 5 sao. Sẽ ủng hộ shop tiếp. <3,0,0,True,0.9958439800253321,0.004156019974668331
601,"Đúng với mô tả:dung Chất lượng sản phẩm:dung  Xin lỗi shop vì mua cho người thân nên k có ảnh và video mong shop thông cảm, cường lực dễ dán nhé mọi người",0,0,True,0.8889559174707329,0.11104408252926846
602,"Bao bì:ok Mẹo:ok Kinh nghiệm sử dụng:ok  Hàng được đóng gói cẩn thận, giao nhanh. Sản phẩm hoạt động tốt, mẫu mã đẹp. Giá cả hợp lý, đáng để mua.",0,0,True,0.9988257675569557,0.0011742324430417533
603,"Hương thơm:mui thom nuoc hoa nhe nhang va tu nhien Làm sạch:lam sach kha tot  Được review là dùng ok, mùi hương dễ chịu và giặt đồ khá sạch sẽ",0,0,True,0.9999213427976352,7.865720236717819e-05
604,"Bao bì:nhuw anhr Lợi ích:ur tocs Hương thơm:thomw  mình dùng sản phẩm này thấy cũng tàm tạm thôi, có hiệu quả, nhưng hiệu quả không rõ ràng lắm. mùi cũng thơm đó, rẻ, đóng gói cẩn thận. tóc mình thuộc dạng khô sơ hư tổn nặng, bị xù nữa, do mình cắt ngắn. nói chung là hên xui ha, ai hợp thì sẽ hợp thôi",0,0,True,0.9161322991847242,0.08386770081528103
605,"Bao bì/Mẫu mã:tiện dụng Hương vị:sữa  Mua vì thiết kế túi dễ sử dụng và bảo quản, sẽ mua thường xuyên ..",0,0,True,0.9785380122506834,0.02146198774931473
606,"Bao bì/Mẫu mã:mới Hương vị:dc  Đóng gói kém chất lượng, mua 5 lần hết 4 lần chảy ! Nên xem lại cách đóng gói.. góp ý thật Ai mua thì lưu ý chứ đặt gần 1 tháng mới dc..",1,1,True,0.053667269123469294,0.9463327308765308
607,Trải nghiệm quá chán  Đây là mình đặt hộ ng nha Cũng như khi đặt k hiện lên tick thêm deal 0đ thì lsao mình ấn dc,1,1,True,0.006480187106133129,0.9935198128938696
608,Bị thủng 3gói chảy nước,1,1,True,0.008236015016040824,0.9917639849839603
609,hình ảnh và video chỉ mang tính chất nhận xu nên mua dubgf thích săn love rất rẻ,0,0,True,0.9997515557693547,0.00024844423064660843
610,Chất son đẹp mua được giá sale hời sản phẩm tốt ẩm môi rất phù hợp . Mọi người mua nhé,0,0,True,0.9941199084885425,0.005880091511459605
611,Hình ảnh chỉ mang tính chất nhận xu..! Con mình uống hãng này từ 4 tháng trộm vía lanh lợi,0,0,True,0.9963006933688044,0.0036993066311969544
612,"Mềm mịn:mềm mại Làm sạch:làm sạch tốt Tạo bọt:tạo bọt nhiều  Thấy đánh giá tốt nhiều nên yên tâm với chất lượng sản phẩm. Gói hàng đc bọc cẩn thận, bao bì mẫu mã đẹp. Tks shop.",0,0,True,0.9996690933232022,0.000330906676795344
613,"Mùi hương:matcha, khổ qua Phù hợp với loại da:mọi loại da Công dụng:giảm mụn  Mấy đợt trc mình mua hàng rất ok nhưng đợt này mua hàng bị bẩn dơ với lúc nhận hàng hộp bị rách rồi phần quà kèm nó bị rách nữa, nhìn như hàng bị đẩy qua lại nên bẩn nguyên chai nhìn cũng dơ dơ nữa",1,1,True,0.06795871049825995,0.9320412895017344
614,"Mẹo:làm đẹp Lợi ích:lâu trôi Làm đẹp:m mua màu 9, mà lên màu tối k giống hình, bôi mãi mới lên màu, nước chứ k đặc, khó đánh",1,0,False,0.753785871516213,0.24621412848378638
615,Sản phẩm như mẫu nha...dùng thấy ok lắm luôn. Tẩy trang cũng khá sạch đến 80% luôn. Nên mua nhaaa lần sau ủng hộ shop tiếp,0,0,True,0.9995296436893971,0.0004703563105999781
616,Giao thiếu hàng mình yêu cầu giao thêm cho đủ mà shop không đồng ý. Con mình hết sữa mới đặt mua. Shop giao hàng thiếu rồi shop yêu cầu trả hàng lại cho shop chứ không gửi thêm hàng còn thiếu. Giờ trả hàng thì không có sữa con mình uống. Shop đúng là dồn khách hàng vô thế kẹt. Mô tả sp một đằng giao hành theo một nẻo. Chẳng khác nào treo đầu dê bán thịt chó. Shopee Mall mà làm ăn kiểu này mất uy tín quá,1,1,True,2.7886049477330817e-06,0.9999972113950492
617,"Kem đặc mịn bôi lên da không bị bết dính, nhanh khô, dưỡng ẩm tốt, mùi rất nhẹ, đóng gói cẩn thận, giá hợp lý",0,0,True,0.9984253113391067,0.0015746886608940494
618,"Thất vọng, giao hàng ko tặng kèm như quảng cáo",1,1,True,0.0009832386944387845,0.9990167613055612
619,"Giao hàng nhanh. Đóng gói cẩn thận che tên sản phẩm, chất lượng ổn so vs giá",0,0,True,0.9971029569618106,0.002897043038187616
620,Shop giao thiếu sản phẩm nhưng không bổ sung hoặc hoàn tiền,1,1,True,0.005236510557222428,0.9947634894427783
621,Đặt cấp ẩm giao kiềm dầu đã nhiều lần nhắc shop nhưng đặt đơn nào cũng sai,1,1,True,0.06064922365602021,0.9393507763439782
622,Đóng gói cẩu thả sữa đổ ra tùm lum. Nhắn cho shop thì chối tránh trách nhiệm kêu đợi 4.5 ngày  mới giải quyết,1,1,True,9.354728882072808e-06,0.9999906452711192
623,"Đóng gói chán đời, mua hũ kem nhận đc ship đến nơi kem nóng chảy, chưa giám dùng vì lo nó bị hỏng rồi.",1,1,True,0.012513525052600847,0.9874864749473958
624,Đã nhận đúng hàng đặt mua ! Sản phẩm đã sử dụng nhiều lần nên chất lg rất tốt ! Sẽ ủng hộ shop tiếp !,0,0,True,0.9991878289841719,0.0008121710158271082
625,"Bao bì/Mẫu mã:Dỏm, bị xì, trào sữa ra ngoài, mở thùng toàn kiến. Khiến nhà toàn con kiến Hương vị:Chưa chắc ổn vì bị xì bịch sữa mà  Chăm sóc khách hàng thì Lười và tào lao. Giao hàng thì lâu. Có chuyện về Sp thì kiu trả hàng rồi chờ shoppee trả tiền. Ủa, vậy là chăm sóc dữ chưa? Nếu tốt là auto có địa chỉ á, gửi lại bịch Cho mình biết shop muốn xử lý sao? vẹn ko bị bể chứ. Mắc gì hành khách hàng theo quy trình hoàn tiền",1,1,True,1.7511228744470338e-05,0.9999824887712545
626,"Đối tượng sử dụng:trẻ em Chất lượng sản phẩm:bình thường Mùi hương:có mùi thơm  Mua hàng shopeemall mà khá thất vọng giao lọ gãy cả nắp cho khách, mua hàng đắt chứ có phải loại rẻ đâu mà shop làm ăn kiểu vậy sau ai dám mua nữa",1,1,True,0.010642763839439646,0.9893572361605597
627,"Giao hàng rất nhanh, đóng gói cẩn thận nhưng quảng cáo có hàng tặng mà không thấy tặng !!!",1,1,True,0.09049899883885978,0.9095010011611391
628,Chất lượng sản phẩm:tot Đúng với mô tả:đúng  Cái hộp dán ko chuẩn . Tốt nhất là tự dán bằng tay nhé. Chất lượng miếng dán cực tốt. Hơn hẳn mấy cái 20-30k,0,0,True,0.7149693682695764,0.2850306317304218
629,"Hàng đóng gói cẩn thận, giao đủ đơn, đúng mặt hàng. Serum này mình đã sd chai thứ 2, thấm nhanh, da căng mướt oke nha.",0,0,True,0.9982374648845636,0.0017625351154334208
630,K thây quà tặng nào cả,1,1,True,0.015088441022728074,0.9849115589772705
631,"Giao hàng nhanh đóng gói kĩ chắc chắn , trừ ⭐️ vì mua hủ ủ vì móc khoá ủ , trang thì mua 1 hủ ủ tặng 1 móc khoá ủ mà hàng về lại k có quà thật thất vọng",1,1,True,0.017852298649184795,0.9821477013508141
632,"Hàng đóng gói hộp sữa bị móp tả tơi nhưng cái thùng thì ko móp, shop giao hàng bị rách cho mình",1,1,True,0.0008186050409875199,0.9991813949590146
633,Son ko lên màu gì luôn.,1,1,True,0.07236155496866441,0.9276384450313343
634,Độ tuổi sử dụng:1-3 Chất lượng sản phẩm:tot Bao bì/Mẫu mã:bị móp  Đóng hàng sơ sài chỉ hộp sữa và thùng giấy k có giấy chống sốc,1,1,True,0.015483035318840615,0.9845169646811602
635,Lần thứ 4 mua mà ko nghĩ lại móp méo như vây,1,1,True,0.008936023691342485,0.9910639763086555
636,"Chất lượng sản phẩm:tệ  Vừa dán xong thì thấy kính bị mẻ rồi trong khi là kính cường lực. Nhắn shop thì shop gửi sticker rồi im lun, không có phương án giải quyết gì. Trải nghiệm rất tệ.",1,1,True,0.00032526446995169894,0.9996747355300503
637,Sản phẩm giao ko kèm quà tặng. Nt shop ko tl. Chặn tn kh. Shop nên xem lại vấn đề này,1,1,True,0.0005327473609051577,0.9994672526390973
638,Giao hàng nhanh nhma trải nghiệm sản phẩm ko tốt bóc ra thì do chống sốc chưa ổn nên vỏ bị vỡ và nứt nhiều chỗ phần thuỷ tinh cứng cáp nên ko sao,1,1,True,0.27061461038220347,0.7293853896177963
639,"giao hàng nhanh, đóng gói cẩn thận. Sau khi dung mới biết chất lượng có tốt hay không, nếu tốt sẽ mua lần 2",0,0,True,0.9983053221148085,0.0016946778851895104
640,Giao sai hàng. Hỗ trợ chán. Hoàn trả phức tạp,1,1,True,0.006882035000976401,0.9931179649990253
641,"Packaging sang xịn, đẹp, trộm vía nhận hàng nguyên vẹn không bị rơi rớt phấn ra ngoài, chưa xài thử mong là ổn áp",0,0,True,0.728573584164479,0.27142641583552324
642,Màu sắc:ok Đúng với mô tả:ok Chất liệu:khá đẹp,0,0,True,0.9912305699679123,0.008769430032084599
643,Tôi đặt ốp viền cam. Mà lại ship cho tôi viền trắng,1,1,True,0.03196874367375809,0.9680312563262417
644,"Hàng nhận được giống với mô tả, giao hàng ổn, mua còn được tặng kèm bông tẩy trang khá là ưng ý, rất hài lòng.",0,0,True,0.9953037271110258,0.004696272888977052
645,"Dặt hàng xong tự ý huỷ ko chịu giao, bắt khách hàng dặt lại. Keu sẽ hỗ trợ 10kxu. Mình đồng ý dặt lại dơn mới. Chờ 7-8 ngày ko thấy xu đâu. Nt thì nói sợ hỗ trợ xong im ru.",1,1,True,0.0014091199074979799,0.9985908800925021
646,Chất lượng sản phẩm:đóng gói cẩn thận. Chưa dùng nên chưa biết Đối tượng sử dụng:người lớn và trẻ trên 2 T Mùi hương:chưa dùng nên chưa biết,0,0,True,0.9861884589629365,0.013811541037060894
647,Mẹo:không như mô tả. như hình là biết mặt hàng nhue thế nào rồi giá thì....,1,1,True,0.2314359474439495,0.7685640525560509
648,"Chất lượng sản phẩm:chưa sd Bao bì/Mẫu mã:móp méo Độ tuổi sử dụng:2 -6  Tháng nào cũng mua, nhưng lần này nhận hàng bao bì vỏ hộp đều móp méo mặc dù có chống sốc nhiều lớp. Nhìn y như hàng giả. Có nhắn shop nhưng k thấy phản hồi. Cân nhắc sẽ k mua lần sau",1,1,True,0.0005626847832313963,0.9994373152167695
649,"Chất lượng sản phẩm:tốt Tính năng nổi bật:nghe rõ,cách âm tốt  Tốt ,sẽ ủng hộ shop tiếp",0,0,True,0.9999390316529007,6.09683470963103e-05
650,"Sp dùng ổn , mk khá thk cách shop nhiệt tình với khách hàng, shop ở trong nam mk ở Bắc mà 2 ngày đã giao tới r",0,0,True,0.7578331096432648,0.24216689035673458
651,sản phẩm rất ukii chất mỏng nhẹ thấm nhanh năng tone vừa phải dạng creammilk nên rất phù hợp với mọi loại da ạaa,0,0,True,0.9996875184335516,0.00031248156644724185
652,Sữa tắm thơm xịn lắm. Xài từ lâu lắm rồi nên chất lượng khỏi phải nói. Cảm ơn brand đã bế Congb và Mason Nguyễn 🌟🌟🌟🌟,0,0,True,0.9532448467645034,0.04675515323549692
653,Chất lượng sản phẩm tuyệt vời. Đóng gói sản phẩm rất đẹp và chắc chắn. Thời gian giao hàng rất nhanh. Sản phẩm đẹp. Đáng để mua,0,0,True,0.9998287606141514,0.0001712393858509982
654,Chất lượng san rphaam tiyetj vời giao hàng nhanh giá thành rẻ đẹp honhr ảnh và video minh hoạ lấy xu,0,0,True,0.9992921506742256,0.0007078493257728824
655,"Chất lượng tốt lắm. Shop có thể đừng dùng keo trong dán lên nắp được không. Đã rất cố gắng nhiều lần nhưng mở keo ra lần nào cũng bị dính chai, làm chai bám bụi. Nhìn bẩn và mỗi lần sử dụng đều dính dính vào tay.",0,1,False,0.015000941419423652,0.9849990585805745
656,"Shop đóng gói rất cẩn thận , thời gian giao hàng rất nhanh . Thấy shop ghim quà tặng mà không thấy gửi kèm ? Hỏi thì shop bảo là mình không tích vào phần tặng quà , cứ nghĩ shop đã ghim thì tự động kèm quá chứ ? Mọi người chú ý nhé !",1,1,True,0.006996953980816639,0.9930030460191834
657,"Kinh nghiệm sử dụng:chưa dùng Bao bì:sành, nhìn sang  Chưa sài đánh giá để lấy xu",0,0,True,0.5556517968448613,0.444348203155137
658,Hương thơm:thơm Làm sạch:owik Chất lượng:ok  Dùng thử nhà b thấy thơm nên mua dùng thử,0,0,True,0.9988724508720994,0.001127549127901702
659,"Hàng đóng gói cực kỳ tệ, sp tới tay giấy ngoài rách bươm, đã vậy chai sữa tắm còn rỉ nước, cầm vô sp lại phải đi rửa tay, rất phiền vì mình nhận giao đến công ty chứ k phải nhà ở. Mùi sp thì k thơm như mình nghĩ, nghe mùi hơi hóa học",1,1,True,0.003732466032599172,0.9962675339674054
660,"Đã nhận được hàng, giao hàng nhanh, đóng gói cẩn thận, lần sau ủng hộ shop",0,0,True,0.9985517549520774,0.0014482450479196933
661,Đóng gói vô cùng tệ. Phản ánh rất nhiều lần nhưng chưa bao giờ cải thiện. May lần này còn đủ số lượng. Có lúc đơn hàng tổng cộng 5 sản phẩm rơi đâu hết còn mỗi 1 sản phẩm duy nhất.,1,1,True,0.007513153789440472,0.992486846210557
662,Shop nói tặng bao đựng son nhưng khi nhận hàng ko có,1,1,True,0.01681457105884545,0.9831854289411555
663,Bao bì/Mẫu mã:đẹp Chất lượng sản phẩm:tốt Độ tuổi sử dụng:trẻ em  Giao hàng nhanh,0,0,True,0.9964156073405884,0.0035843926594145525
664,Bao bì:bia cat tong Kinh nghiệm sử dụng:dc Hương thơm:thom  thơm ok ổn,0,0,True,0.9388859247974116,0.061114075202586875
665,Bảo tặng quà nhưng không tặng,1,1,True,0.003375846736780116,0.9966241532632193
666,Chưa nói về chất lượng nhưng bao bì ko đảm bảo  Nắp có nhiều vết xước bị cảm giác hộp ở ngoài xong đóng vào vỏ,1,1,True,0.020801787100662127,0.9791982128993386
667,"Giao hàng nhanh, đây là lần thứ 5 mình mua sản phẩm",0,0,True,0.7170654293092205,0.28293457069077876
668,Bao bì:dep Mẹo:khong co Lợi ích:sach gau  Mình hay mua túi cho tiết kiệm nhưng lần này mình mua chai lớn. Tưởng được tặng quà nhưng không có quà gì cả. Vậy là ntn ạ?,0,1,False,0.02972159186938023,0.9702784081306175
669,Chất lượng sản phẩm:tốt  Thơm lắm nha mọi người .mùi hương dễ chịu ko gắt quá .giao hàng nhanh chóng nên mua,0,0,True,0.9996518793804698,0.00034812061952929944
670,Hương thơm dịu nhẹ chuản lavender mọi ngukwjf có thể thứ giá rẻ,0,0,True,0.9937014842852323,0.006298515714768985
671,"Độ tuổi sử dụng:trẻ em Chất lượng sản phẩm:tốt  Hàng chính hãng nên yên tâm, mua được khuyến mãi, shop giao hàng nhanh, gói hàng cẩn thận. Sẽ tiếp tục ủng hộ.",0,0,True,0.9998311521425303,0.0001688478574668152
672,"Hàng đóng sơ sài, đã nhiều đánh giá về vấn đề này vậy mà không có sự thay đổi. 1 hãng lớn như thế mà không có sự chỉn chu từ khâu đóng gói, tệ lắm luôn",1,1,True,0.004084322829778524,0.9959156771702208
673,"Quài luôn , làm ăn đúng chán . Không biết bao nhiêu lần giao sữa mốp méo luôn rồi đó",1,1,True,0.024354868354095,0.975645131645903
674,"Gói hàng ẩu. Chỉ gói bừa 1 lớp nilon rồi bỏ vào cái thùng rộng tênh. Kết quả bể 1 bình sữa, báo hại tôi lau dọn vì sữa chảy khắp nơi.",1,1,True,0.004003051364522451,0.9959969486354748
675,"Đã nhận được hàng, đóng gói cẩn thận, miếng rửa mặt mềm. Dùng ổn sẽ ủng hộ lần sau.",0,0,True,0.9990686405104474,0.0009313594895519353
676,Mẹo:loại này thì ok Bao bì:đẹp Hương thơm:bac hà  Sản phẩm đăng nói 1tặng1 mà giao có 1 chai xì bông... làm ăn gì không quy tính.né shop này nha...,1,1,True,0.16287941887676777,0.837120581123233
677,"Hàng đóng gói không cẩn thận, bị chảy sữa rửa mặt ra ngoài lem nhem hết cả.",1,1,True,0.0032925950993132917,0.9967074049006833
678,Shop giao thiếu hàng,1,1,True,0.012542497136494019,0.987457502863506
679,Sài nguyên bộ  Da đẹp mởn mởn Mờ thâm Cũng sáng lên Da mịn Nên mua nha moi nguoi Nên kết hôp Sài nguyên combo moi hieu qua,0,0,True,0.9741528277207,0.02584717227929876
680,Mua cả triệu mà không hề có 1 món quà tặng như hình Trong khi trên Live vẫn nói tặng quà,1,1,True,0.0004694049359761775,0.999530595064022
681,"nắp ọp ẹp, dởm, chai nặng tay nhưng mùi hương liệu quá nồng làm da bị kích ứng mẩn đỏ, khá thất vọng",1,1,True,0.07135467154609305,0.9286453284539047
682,Chống nắng L'Oréal đổi mẫu nhìn đẹp cực 😍. Giá ổn áp nữa! Còn được tặng quà mini size với túi nữa! Cảm ơn shop nhiều nhé 😘,0,0,True,0.9767737253301905,0.0232262746698101
683,"Mình nhìn nhầm cứ tưởng tắm gội đặt luôn 1 bình to oạch nhưng mà bù lại đc tặng 2 chai tắm gội nhỏ quá là hợp lý, tính ra lại quá rẻ. Thơm dịu nhẹ rất thích, mua shoppe mall thì lại quá là yên tâm nữa nha các mẹ nên thử 😘😘😘",0,0,True,0.8478195708022839,0.15218042919771882
684,Mình đã dùng sản phẩm được một thời gian nhưng cảm thấy chả khác gì so với ban đầu tức là tóc mình chả bao giờ sử dụng mấy cái loại như thế này nhưng dạo gần đây mình cảm thấy tóc mình khá là khô xơ được review trên top thì mua về dùng thử nhưng mà nói chung là cảm thấy chả khác cái gì đều như vậy nhé mọi người nói chung không nên mua sản phẩm này nên sử dụng những loại khác,1,1,True,0.24371554214758023,0.7562844578524137
685,"Làm đẹp:no Mẹo:no Kinh nghiệm sử dụng:no  Chưa dùng nhưng phải vô đánh giá dịch vụ tệ cho shop Mang tiếng shop mall nhưng làm ăn rất chán Lần đầu đặt đơn srm thấy ok nên mới đặt tiếp tẩy trang Mà lần 2 đặt tự nhiên mới đến kho shipper đã báo hoàn hàng về, mình cứ đổ lỗi cho shipper hóa ra nay đặt lần 3 mới biết lỗi do shop Ship từ cuối VN lên đầu VN mà K CHO 1 MIẾNG CHỐNG XÓC NÀO, vứt nguyên cái chai vô hộp rõ mỏng, đến nơi cái hộp nát như kia, đến miếng dán còn nhăn nhó, may hơn lần trước là chai k bị nứt chảy nước Đã bị 1 lần rồi nên ngay khi đặt đơn cũng đã note shop, sau đó lại gửi tin nhắn lần nữa, cskh hứa nọ hứa kia nhưng nhận đơn đâu vẫn vào đó Trong khi shop khác cùng tỉnh họ bọc cho mấy lớp chống xóc mà sản phẩm còn chả phải dạng lỏng, thì đây ship rõ xa sản phẩm còn dạng nước nhưng thấy bọc trông chán không  Shop nên xem lại nhân viên kho chứ cứ bọc kiểu này shop sẽ mất hết khách kể cả có là shop mall chính hãng đi nữa người ta cũng không quay lại điển hình là mình nhé!",1,1,True,1.388450408755928e-05,0.9999861154959133
686,"Shop đóng gói kỹ, giao hàng nhanh hơn dự kiến. Sản phẩm đúng mô tả, chưa sử dụng lâu nên chưa đánh giá được độ bền/hiệu quả. Nếu dùng ổn sẽ quay lại ủng hộ.",0,0,True,0.9997891330372923,0.00021086696270891292
687,Đây là mấy lon sữa mà shop mall giao cho khách đây sao :))) nói thô nhưng thật nhưng nhân viên gói hàng Ng.u thật sự :))) dán băng keo 2 lon vô với nhau r giao cho khách. Trả hàng hoàn tiền thì bắt có clip khui hàng trong khi mua sữa đó giờ ai mà quay clip khui hàng. Nhắn cskh thì cứ kêu ấn thht. CON LẠY MẤY MÁ TRẢ HÀNG KHÔNG ĐƯỢC NGƯỜI TA MỚI NHỜ CSKH HỖ TRỢ MÀ TRẢ LỜI NHƯ CÁI MÁY VẬY. MUA CẢ MẤY ĐƠN RỒI NHƯNG CHƯA LẦN NÀO THẤY ĐÓNG GÓI TỆ VÀ COI THƯỜNG KHÁCH ĐẾN VẬY,1,1,True,2.0450258035870694e-07,0.9999997954974229
688,sản phẩm ok nha hình thức khá là đẹp cách nhiệt cũng ổn đáng mua nha mng,0,0,True,0.9965299392957078,0.0034700607042912547
689,Hình ảnh mang tính chất nhận xu Sau 1 tháng gội thì thấy gàu lên x2. Mn mua nên cân nhắc . Gàu lên từng mảng trắng xoá luôn ấy. Mình sẽ k mua lần 2 sp này ! 🙏,1,0,False,0.8072090699949402,0.19279093000505637
690,Giao hàng nhanh. Đóng gói cẩn thận. Máy sấy sài siêu tốt rất êm,0,0,True,0.9976818939439779,0.002318106056023806
691,"Mua cho ck 1 lố. Chất vải khá mềm mịn, mặc cũng thoải mái. Nên mua",0,0,True,0.982816007445308,0.01718399255469172
692,Mẹo:minh chua dung Kinh nghiệm sử dụng:minh su dung lan dau tien Hương thơm:dung lan dau nen chua biet  Mình dùng lần đầu tiên nếu sản phẩm ok mình sẽ quay lại ủng hộ shop tiếp ạ,1,0,False,0.9978214180006566,0.002178581999344142
693,"Cái phần mua để tặng kèm quà nó quá bé và mờ, quá tệ",1,1,True,0.0046555107444146105,0.9953444892555856
694,Không thấy túi giấy đâu,1,1,True,0.056302880650357726,0.9436971193496427
695,Làm đẹp:lm sạch da Hương thơm:thơm Mẹo:kết hợp cùng bông tẩy trang lm sạch da  Okkkkkkk lắm nha😻,0,0,True,0.9968378822314794,0.003162117768519587
696,"Sữa rửa mặt bung nắp, nhoe nhoét hết ra. Mong sau shop cẩn thận hơn.",1,1,True,0.00569789537871403,0.9943021046212882
697,"Sữa đổ ra hết cả bịch. nt shop, chỉ đưa phương án hoàn hàng. Sữa bê bếch vậy rồi bảo khách hàng đóng gói kiểu gì",1,1,True,2.7975806545805504e-05,0.9999720241934528
698,"Chất lượng:giao hàng không thèm theo quà tặng, không giống quảng cáo",1,1,True,0.016624538441725477,0.983375461558278
699,"Đóng gói sơ sài. Ko có hộp thì thôi còn lấy keo quấn lại vậy, mình ghét kiểu đó nhất ý, gỡ ra thì dính keo, để lâu bụi bám trên lớp keo nhìn bẩn chịu không đc",1,1,True,0.0006128590821295983,0.9993871409178708
700,Mua 2 đôi mà sp cứng lại còn bị lỗi Bán hàng k có tâm,1,1,True,0.022809735310085365,0.9771902646899175
701,"Hàng shop mall thì chắc là hàng chuẩn rồi. Shop đóng gói cũng kĩ, nhưng mà trừ sao vì thời gian chuẩn bị hàng của shop siêu lâu. 10/10 mình mua chục đơn, đơn shop ở gần mình nhất nhưng lại nhận sau cùng. HCM ship qua Đnai mà còn lâu hơn HN ship vào Đnai do shop giao đơn chậm. Nt thì shop k trả lời luôn.",1,1,True,0.00466697638027282,0.9953330236197285
702,"Mua loại 200ml mà vẫn thấy nhỏ hơn so với tưởng tượng, giao hàng nhanh. Đóng hàng ok, nhưng ko thấy hộp đựng bao bì sản phẩm.",0,1,False,0.40189867015608693,0.5981013298439105
703,Bao bì/Mẫu mã:ẩu Hương vị:ngon  Lần này shop đống hàng ẩu nha không bọc chống sốc từng hộp mà lót đúng hai miếng túi bóng trên thùng và dưới thùng hậu quả một hộp bị phù đít rò rỉ sữa ra ướt một xíu thùng tui chấp nhận lấy hàng vì hậu quả không làm hư hởng sản phẩm quá nhiều tui nghỉ mới bị trong hôm nay nên ship họ không hoàn hàng vì chỉ nhiễu một ít thôi không loan ướt shop cần coi lại cách đóng gói của mình đi để không bị mất khách cho đơn tới do hậu quả không lớn nên tôi không quay video lại chỉ góp ý shop thôi,1,1,True,3.5040523069477804e-05,0.999964959476937
704,"Độ tuổi sử dụng:all Chất lượng sản phẩm:ok  Dưỡng ẩm tốt, mùi thơm dễ chịu, không biết có kích ứng không, bé nhà mình 1,5 tháng tuổi dùng thử vẫn ok",0,0,True,0.9993875392688581,0.0006124607311420778
705,Chất lượng sản phẩm:bun  Nhìn packaging rất xịn xò nhưng dán vào bị bọt khí ko huhu rất bùn nha,1,0,False,0.7152549514676791,0.2847450485323178
706,"Công dụng:sữa tắm sạch da, giao hàng nhanh, giá hơi cao, quà tặng ít Mùi hương:dễ chịu, sử dụng êm Phù hợp với loại da:mọi loại da",0,0,True,0.9996573002803467,0.0003426997196550569
707,Oke lắm nha trông xịn xò kb đi được bao lâu nma khá oke và chim ưng,0,0,True,0.9400558128367399,0.05994418716326178
708,"Tính năng nổi bật:sp tốt Chất lượng sản phẩm:10/10  giao hàng nhanh, tai nghe ổn, mẫu mã bao bì đẹp nha",0,0,True,0.9943934001592153,0.0056065998407841995
709,Sữa móp còn ráng giao nữa trong khi họ thanh toán rồi Khó chịu vô cùng nha,1,1,True,0.006522391596202698,0.9934776084037972
710,"Đóng gói hời hợt, mở ra bung bét hết trơn, kem nền chưa sử dụng nhưng đầu vòi và nắp dính đầy kem, cảm giác đây là hàng đã qua sử dụng. Trải nghiệm mua hàng quá tệ",1,1,True,0.002211933874861614,0.997788066125136
711,"Tóc mềm mượt:Chua xac dinh Giảm rụng tóc:Khong biet Hương thơm:Binh thuong  Vận chuyển rất tệ bị trào ra hết luôn, không ngờ mua gian hàng chính hãng mà đóng gói gớm tới mức như vậy",1,1,True,0.011304736939613303,0.9886952630603868
712,"Shop chuẩn bị và giao hàng nhanh, đóng gói cẩn thận.Giá tốt chất lượng.",0,0,True,0.9993649196742995,0.0006350803257004286
713,Quà tẶng là nước súc miệng ko cay vị trà xanh 750ml nhưng tự ý thay đổi bằng 4 chai nước súc miệng cay 100ml,1,1,True,0.413382125515334,0.5866178744846691
714,Giao hàng rất nhanh mới đặt hôm qua nay nhận được đã mua hàng ở shop này nhiều lần rồi rất ngon nha,0,0,True,0.9666422678625943,0.03335773213740871
715,"Hãng lớn nhưng khâu đóng gói rất coi thường khách hàng, chảy tùm lum, trong khi hộp gửi đi không hề móp méo, nhưng hãng vẫn đổ cho đơn vị vận chuyển.",1,1,True,2.1422683225741627e-05,0.9999785773167736
716,"Công dụng:hình ảnh chỉ mang tính chất nhận xu không có liên quan đến sản phẩm. Mùi hương:chất kem chống nắng này rất dễ tán.tham thấu nhanh, mỏng nhẹ.minh rất thích Dành cho da:dành cho mọi loại da.",0,0,True,0.9999223075305549,7.769246944849661e-05
717,"Mùi hương:Mùi dâu Độ lưu hương:2 tiếng  Mình mua body mist mới của hella, chai snow baby như mùi dâu tây ngọt nhẹ nhàng. Độ lưu hương nhẹ, nghe thoang thoảng. Sử dụng đi làm đi học khá ổn",0,0,True,0.9985212367169775,0.0014787632830237322
718,Giao thiếu hàng tặng làm ăn vớ vẩn mua trên live hannaolala còn thế vui lòng shop hỗ trợ giải quyết mình gửi vd khui hàng khỏi cãi,1,1,True,0.0005068090119328587,0.9994931909880647
719,"Kiểu dáng:đẹp Chất lượng:tốt Hương vị:ngon  Hàng đóng gói cẩn thận. Giao hàng nhanh. Gửi sữa cận date chỉ còn 2 tháng, thương hiệu lớn mà bán hàng nhanh hết hạn, trong khi những hãng sữa khác gửi hàng hạn sử dụng tận 6 tháng. Shop coi lại cách bán hàng ra thị trường.",1,1,True,0.008809776339088875,0.9911902236609179
720,"Đóng gói ko cẩn thận, sơ sài làm tuột đầu nhấn, dầu gội chảy ra ngoài",1,1,True,0.0030194418453018644,0.9969805581546971
721,Chất lượng sản phẩm:tốt Độ tuổi sử dụng:em bé  Hình ảnh mang tính chất nhận xu thôi nha mọi người oii,0,0,True,0.9996339138342711,0.00036608616573214134
722,Sản phẩm rẻ kkk hình ảnh chỉ mang tính chất nhận xu thoy à săn sale oki,0,0,True,0.9996119942416491,0.0003880057583516172
723,"Dầu gội mượt tóc, mùi thơm dễ chịu, shop đóng gói kỹ và cẩn thận, mua đc giá săn sale nên rẻ ghê",0,0,True,0.9991846160756824,0.000815383924319132
724,Kem dùng thích mềm da lắm . Đơn trc m mua serum và kèm 2 kem này sz nhỏ dùng thấy thích nay mua hũ to luôn. Shop gói hàng kỹ giao cũng nhanh. Túi tặng kèm nhỏ xinh xinh ra ngoài xách theo xíu đồ ok nè . Cám ơn shop nha m sẽ ủng hộ lâu dài ạ❤️❤️❤️❤️❤️❤️❤️,0,0,True,0.9980368398090665,0.001963160190936859
725,"Chất lượng sản phẩm:tốt Độ tuổi sử dụng:mọi lứa tuổi  Mùi rất thơm, nhưng hơi nồng, dưỡng ẩm tốt, nên mua",0,0,True,0.9981766366851632,0.001823363314838951
726,"Đóng gói sơ sài ,giao hàng lâu phải 1 tuần với nhận được đơn hàng ,mũ khá mỏng nhưng đội vô form ổn",1,1,True,0.05259557627322249,0.9474044237267762
727,Độ sáng:ko co Độ đều màu:kem  Dùng ko hiệu chỉnh da,1,0,False,0.787204311677422,0.21279568832257956
728,"Công dụng:thơm Mùi hương:de chiu Dành cho da:nhay cảm  Giao hàng nhanhh, chất lượng sản phẩm ổn",0,0,True,0.9997898611737693,0.0002101388262337404
729,"Dưỡng ẩm:chưa biết Màu sắc:không giống  Màu sắc ko giống như hình ảnh quảng cáo lắm, không được đổi trả hàng vì đã mở ra xem, haizzz xu cà na",1,1,True,0.02171601433171667,0.9782839856682836
730,Mình dùng một giọt nhỏ cũng bị nóng rát. Đáng lẽ ra shop phải có hướng dẫn sử dụng và cảnh báo những vấn đề không mong muốn có thể xảy ra khi dùng serum pond's bằng tiếng việt cho khách hàng. Mình là khách hàng thường xuyên dùng kem dưỡng pond's. Kem dưỡng rất ổn. Đây là lần đầu dùng serum   và đã bị kích ứng. Mình không đánh giá về chất lượng sản phẩm. Mình không hài lòng với shop về mảng tư vấn khách hàng.,1,1,True,0.08005089453594895,0.9199491054640486
731,"nhận đủ hàng, mới đắp nên kh biết chất lượng ntn nhưng thấy đắp xong da mềm ẩm",0,0,True,0.8329182948844926,0.16708170511550458
732,kem ủ tóc sài rất mượt thơm lưu hương trên tóc được rất lâu sài tốt,0,0,True,0.9943317241110315,0.005668275888967468
733,Giao hàng nhanh. Đóng gói chắc chắn cẩn thận. Sấy nóng và lạnh. Hi vọng bền hihi,0,0,True,0.9967743051374932,0.0032256948625085436
734,"Bao bì/Mẫu mã:sữa có đường  Đóng gói không chắc chắn khi mở ra 1 bịch bị thủng đổ chảy tùm lum, không hài lòng",1,1,True,0.0006078922211086794,0.9993921077788943
735,shop lsau nên bọc thêm hộp giấy và thêm chống sốc nữa. chứ mở ra hết nửa thùng uống nỗi ji nữa trả tiền r tin tg k mở ra ktra ship đi r mở ra ối dồi ôi chẳng nhẽ gọi trả lại hic.,1,1,True,0.004160717970032086,0.995839282029969
736,sản phẩm ok.shop giao hàng nhanh.Nên mua khi cần nha mọi người.shiper thân thiện,0,0,True,0.9992668320546731,0.0007331679453303098
737,bị vỡ nắp kẹp của chai dầu xả nên là nó bị chảy ra hết,1,1,True,0.00506601817826044,0.9949339818217381
738,"Màu sắc:be Đúng với mô tả:khá Chất liệu:không biết  Giá khá rẻ nhờ mình săn sale, nón form khá đẹp. Có điều shop đóng gói sơ sài quá, không đựng được cái bọc kèm theo nón",0,0,True,0.7510495289781755,0.24895047102182405
739,"Sản phẩm chất lượng tốt, đóng gói cẩn thận, giao hàng nhanh. Sẽ mua lại. Ảnh và video minh hoạ",0,0,True,0.9998416260233433,0.00015837397665942235
740,Bao bì/Mẫu mã:thiếu hàng,1,1,True,0.025702747346857728,0.974297252653141
741,Chống nắng:chưa sd chưa biết ntn  Sao trong đơn để có 2 sp quà tặng  nhưng giao hàng không hề có nha shop,1,1,True,0.00364624622094065,0.9963537537790572
742,"Bao bì:nặng tay Làm đẹp:mềm mượt tóc  Mùi hương nhẹ không nồng thoang thoảng thoi, không làm bết tóc, giao hàng nhanh, đóng gói cẩn thận",0,0,True,0.9992365714095963,0.0007634285904052107
743,ốp viền cứng op vào dễ trầy điện thoại,1,1,True,0.03541803520611209,0.9645819647938894
744,Hương vị:mua chưa thanh toán thi đơn giao rất nhanh và thùng giao tới không bị móp méo. mua thanh toán ngay thì thời gian nhà bán giao cho đơn vị vận chuyển rất lâu. đóng 2 thùng đè lên nhau. thùng dưới bị móp biến dạng và ướt. mở thùng đổ bịch sữa ra ngoài thì thấy mùi rất thối. một cảm giác rất tồi tệ khi nhận phải dịch vụ kém chất lượng và chất lượng hàng hóa cũng kém (bịch sữa ám mùi thối),1,1,True,0.000450788050978249,0.9995492119490165
745,Ship nhanh nhưng k có quà,1,1,True,0.1801076651912083,0.8198923348087926
746,Mua ở live của c Hana nhưng k có quà tặng kèn theo như live nói,1,1,True,0.03419492076535242,0.9658050792346466
747,"Bao bì:ddungs Kinh nghiệm sử dụng:oce Làm đẹp:oce  lần thứ 2 quay lại mua vì dùng hợp, dầu gội thơm mùi thảo dược dễ chịu, k ngứa gàu, oceee",0,0,True,0.9946952681730703,0.0053047318269293054
748,"1 cái dán dính ổn, 1 cái thì dán k dính",1,1,True,0.07886118213362463,0.9211388178663746
749,"Hạt quá ít, không đủ để kỳ ra da chết. Bình thường xài những loại khác, sau khi tẩy da rất mịn. Còn này xài xong thấy bình thường. Quá thất vọng",1,1,True,0.1539852873411608,0.8460147126588359
750,"Quá tệ. Đã huỷ đơn còn cố tình gửi, cộng với ship không hỏi khách đã bấm nhận hàng. Cạch mặt shop. Chăm sóc khách hàng chậm chạp. Không hỗ trợ tốt cho khách. Không bao giờ mua lại.",1,1,True,4.896959074602417e-05,0.9999510304092512
751,Cô Mai bế Anna đi muộn chút nhé c ơi em cũng cho biết thêm chi tiết nhé mẹ ạ,0,0,True,0.6936696864641964,0.30633031353580437
752,vãi cả shop đóng góii.  :)),1,1,True,0.32392353471775387,0.6760764652822473
753,"Mùi hương:Thơm Công dụng:sạch da Phù hợp với loại da:đã mụn  Hình ảnh chỉ mang tính chất nhận xử ,shop giao hàng nhanh chóng, chưa được hfwgjvvfgjyhh",0,0,True,0.9999531560673544,4.68439326464913e-05
754,M mua combo 5 cái thì vừa 3 cái .còn 2 cái chật ko thể mặc đc .sẽ ko mua lại lần 2,1,1,True,0.06718040406049457,0.9328195959395029
755,Công dụng:sang da mo tham nam Mùi hương:thơm Dành cho da:mọi loại da  Giao hàng nhanh chất lượng so tốt Lần t3 mua sp bên shop zùi ạh,0,0,True,0.999598736932239,0.00040126306776180925
756,Hương vị:tho nhe ngon k ngot gat Bao bì:mau ma dep,0,0,True,0.9520488529708353,0.047951147029166315
757,"Đã mua sản phẩm này rất nhiều lần và dùng trong một thời gian dài rồi nên phải yên tâm về chất lượng, giao hàng nhanh đóng gói sản phẩm cẩn thận, còn được tặng kèm quà khuyến mãi",0,0,True,0.9873110173740599,0.012688982625939494
758,Làm sạch:Sữa tắm giúp da sạch sâu và không bị nhờn Hương thơm:Mùi hương rất dịu nhẹ và dễ chịu Phù hợp với mọi loại da:Phù hợp với nhiều loại da,0,0,True,0.9999468570301936,5.314296980299377e-05
759,Hàng như thế này mà vẫn giao cho khách. Đặt 2 lần lần nào cũng có 1 thùng bị lỗi. Lần đầu thì mình nghĩ chắc do vận chuyển nên thôi mình bỏ qua. Nhưng lần này rõ ràng thùng này hình như bị ngập nước bị hỏng cái thùng. Bên trong sữa bịch cũng hỏng đổ ra ngoài luôn mà vẫn giao cho khách được. Trả đi trả lại thì mất công. Mà làm ăn cái kiểu chẳng hiểu nổi,1,1,True,1.954936413196968e-06,0.9999980450635841
760,"2 gói nhỏ rất loảng , k thơm , 1 lần giặt cho nửa gói mà phơi lên mùi hôi rình",1,1,True,0.09110106092115149,0.90889893907885
761,"Giao hàng nhanh, đóng gói sản phẩm sơ sài. Dễ kết nối, thi thoảng bị mất tiếng, k có đệm nên hơi đau tai, nghe ổn, pin trâu.",0,0,True,0.8145740573598045,0.18542594264019402
762,"Sữa bị bể, hôi rình, định quay phim lại hoàn hàng nhưng mà bực bội, khỏi , rồi ko biết có lần sau ko, cái này do quăng hàng nên mới bể Chán chả muốn nói lun",1,1,True,0.00048615773984885533,0.999513842260151
763,Lúc nào cũng để đính kèm quà tặng nhưng toàn bịp thôi,1,1,True,0.006639351338571131,0.9933606486614293
764,"Sữa bị bể. Khiếu nại shopee ko đền bù, gây khó dễ",1,1,True,0.0012147710007850139,0.9987852289992184
765,Mùi hương:cay Làm sạch:cay  Cay xè chảy nước mắt mà quảng cáo là không cay,1,1,True,0.2527051210599142,0.7472948789400862
766,Thiếu bộ đồ chơi rùi,1,1,True,0.027988091646763892,0.9720119083532346
767,"Bé nhà mình theo sữa này từ nhỏ trộm vía bé khỏe OK. Mua ngày sale nên dc giá rẻ hơn vài chục. Chứ sữa này ko có quà, chỉ chơi minigame trên live mà hên xui vì bame tham gia đông xác xuất trúng quà rất ít. Khi trúng nhận quà Cực Cực Cực kì lâu.",0,0,True,0.7094461234023014,0.2905538765977005
768,Bao bì:6 Làm đẹp:6 Mẹo:6  Ừ cũng được cũng được đi nhưng mà thấy giá nó cứ sao sao Ý nhưng mà nó rẻ hơn 1 xíu thì mình yêu xấu nhất thế giới luôn mà thấy chất dở hơi ấy Ý sợ nó đi nhiều lại bận rồi lại móc lại méo lại không vừa lại hỏng lại tụt này tụt nọ lên là mong shop,1,1,True,0.06134482957928585,0.938655170420711
769,Trên hình để tặng dầu gội mà có tặng đâu,1,1,True,0.0037556614397498433,0.9962443385602513
770,"Mùi hương:bình thường Đối tượng sử dụng:mọi người Chất lượng sản phẩm:bình thường  Sài chả thấy thơm gì cả, ko quét dk mã vạch ,sd voucher nên giá rẻ nhưng ko mua lần 2 nữa đau...chán",1,1,True,0.1495566298427025,0.8504433701572979
771,Làm sạch:sạch nha Độ dịu nhẹ:an toàn cho da bé  Oke mọi thứ đều ổn. Sẽ ủng hộ lần sau.🥰,0,0,True,0.9996292362229927,0.00037076377700984424
772,Khó thao tác trong việc thêm quà tặng vào đơn hàng,1,1,True,0.009709184218382945,0.9902908157816162
773,"Độ bền màu:siêu sạch Công dụng:làm sạch da dịu nhhe, an toàn bạn nào da dầu nên mua e này mua được giá rẻ hãng codn tặng bông tẩy trang nữa! Mọi người nên mua cảm ơn nhãn hàng hiều",0,0,True,0.9983177040119801,0.0016822959880226235
774,Shop giao hàng siêu mạnh chong  Hành gió đừng số lượng  Shop ở nhiệt tinh thần thuê  Sẽ quý là ủng hộ tiếp Thank you shopp See you sooon,0,0,True,0.9990266372780535,0.0009733627219475129
775,Giữ nhiệt:chua xai nen chua biet Chất lượng:chua biet Thiết kế:cung dc  Bình cũng đẹp mà ko phải mẫu như hình t muốn. Tr ơi t thấy bạn t xài bình đẹp quá tr. Đi kiếm mua về xấu quắc :) xấu thậm tệ. So sánh bình b t mua như ảnh và bình t mua chắc rửa mắt,1,0,False,0.5626473136638993,0.4373526863361003
776,"Đóng gói và ship hàng nhanh. Săn sale giá rẻ còn tặng thêm nước tẩy trang nữa. Dịu nhẹ, phù hợp all da. 😌😌😌",0,0,True,0.9994508003758529,0.0005491996241478697
777,Giao hàng nhanh sp đẹp lắm nhoa nên mua. Hình ảnh chỉ mag tính chất nhận xu,0,0,True,0.9996931837374899,0.0003068162625127312
778,Không có quà tặng kèm như quảng cáo nhé,1,1,True,0.0030511277042881853,0.9969488722957133
779,Đóng gói rất chán. Trên trang thì hình ảnh mua 1 tặng 1. Đến khi nhận thì chẳng có,1,1,True,0.0026497400813480405,0.9973502599186488
780,"Mẹo:lamf ddejp Lợi ích:lamf sansg da Kinh nghiệm sử dụng:binh thuong  Giao nhanh, sản phẩm rất tốt, dùng nhiều lần rồi.",0,0,True,0.998210630976157,0.0017893690238430628
781,"Chất lượng sản phẩm:nhu quang cao, xai thom lau  Mùi thơm, sử dụng dễ, giao habgf nhanh",0,0,True,0.99246114412465,0.00753885587534845
782,Bao bì/Mẫu mã:khong dung mo ta  Vỏ hộp không đúng mô tả.,1,1,True,0.25593398765747505,0.7440660123425253
783,Bao bì/Mẫu mã:ok Hương vị:ok  Rất ok mua đi mua lại kb bao lần r con mình chi thix uog sữa này thơm ngon toàn mua nhju tích uong dần,0,0,True,0.9372824316219437,0.06271756837805317
784,"Hương thơm:không mùi Làm đẹp:sạch da  Hãng lớn làm ăn nên xem lại đi nhá, k tặng quà thì đừng có ghi rồi bắt khách thêm vào, đóng gói thì như trò đùa.",1,1,True,0.0046995989244916925,0.9953004010755064
785,"Tôi k đánh giá chất lượng, tôi đánh giá dịch vụ của người bán. Sp quảng cáo mua 1 tặng 1 nước tẩy trang nhưng gửi hàng về k có, lúc mua live chọn vào mua với voucher hoàn toàn k có dòng mua kèm deal sốc, khiếu nại thì nhân viên cứ nói k ấn.vào mua kèm deal sốc, chụp hình gửi cho xem mà vẫn cứ giải thích do lỗi thao tác khách hàng.",1,1,True,3.527436159156371e-05,0.9999647256384102
786,Dầu gội thì chưa dùng nhưng lúc mua thì thấy có tặng quà lúc mình bấm thanh toán cũng có quà đến khi giao thì ko có quà,1,1,True,0.0004977251673025918,0.9995022748326976
787,Thấy tặng gói nhỏ mà ko có giao chỉ có chai lớn vậy ghi tặng làm gì.,1,1,True,0.0008697817044034731,0.9991302182955997
788,"có đơn thì đc tặng ntt còn có đơn lại kco, đểu thế. ko đúng như quảng cáo",1,1,True,0.006576799213248572,0.9934232007867541
789,"Âm thanh:tot Thiết kế:dep  với mức giá này thì âm thanh ổn nha, thiết kế ngoại hình đẹp",0,0,True,0.9905983423789633,0.00940165762103739
790,Mua 2 cây đc tặng túi đựng son mini. T mua 3 màu rồi. Chất mướt okela,0,0,True,0.8829296449320824,0.1170703550679177
791,Nhỏ gọn dễ sử dụng Âm thang tốt Quan trọng giá rẻ,0,0,True,0.9956699211637616,0.0043300788362389455
792,"Bao bì/Mẫu mã:đẹp Độ tuổi sử dụng:1-6 tuổi  Đóng gói cẩn thận, giao nhanh hơn dự kiến. Giá tốt hơn cửa hàng bên ngoài",0,0,True,0.9880043899884732,0.011995610011527054
793,Giao hàng nhanh đóng gói chắc chắn sp tốt sẽ ủng hộ thêm nữa hikdkc giao tới bị móp 3 hộp gói hàng cần cẩn thận hơn,1,0,False,0.9951001101666197,0.004899889833382741
794,Hiệu quả:ko nha Mùi hương:mùi khá cổ  Chắc do đầu mình k hợp 🙂 càng xịt càng bết và rất ngứa ngứa điên lên ý,1,0,False,0.6066256177253343,0.3933743822746622
795,"Mùi hương:khong Dành cho da:dau Công dụng:sang da  Xài xong thấy da siêu khô luôn, khô ráp y như bị dị ứng vậy đó mà ko dị ứng, khô rát cả mặt mà sợ luôn, sau 7 ngày thì dục luôn",1,0,False,0.6231217742689059,0.3768782257310942
796,"Sữa bị hỏng, bị phồng lên giữa 2 hộp khác nhau. Có lẽ để lâu quá, bị hỏng rồi nhé mng. Uống vào đau bụng nữa môi người. Mua rồi hối hận nhé. Shop bán hàng quá chán. Bán hàng kiểu này uống vào ngộ độc thực phẩm thì làm sao",1,1,True,0.0005512483401313914,0.9994487516598688
797,"Sản phẩm dùng thích, hợp với bà nào khô, mỏng, mùi thơm, đóng gói cẩn thận",0,0,True,0.9981192439319622,0.001880756068035134
798,"Làm đẹp:toc Lợi ích:tot Hương thơm:thom  Nói về mùi thơm thì khỏi bàn r, rất thơm nha chị em, xứng đang mua về dưỡng tóc nha",0,0,True,0.9967448311024655,0.003255168897537967
799,Này bị kẹt k lấy dk..khi lấy ra thì như này sao nghe dk.nt thì shop k TL.chán shop . có 0 sao là tui chấm lun....mail mà quá thất vọng nặng nề.,1,1,True,0.0002702610034080669,0.999729738996595
800,"Đóng gói Ok, nhưng hàng bên trong nhìn rất fake, lọ serum chống nắng thì hộp bị khui ra sẵn, bên trong hộp bao bì nhìn rất cũ, chai toner bên ngoài nhìn bth nhưng lọ toner bên trong cũg bị trày trụa như hàng lỗi ( trày mảng lớn chứ k phải sướt đâu nha). Tẩy trang và dưỡng tóc hàng tặng mình k có ý kiến. Brand lớn mà ship hàng nhìn như hàng chợ làm mình rất thất vọng. Nhìn hàng như v ai mà dám dùng ????mình ra siêu thị mua hàng còn mới và bao bì còn nguyên luôn đó",1,1,True,0.0002755642990833717,0.9997244357009158
801,"Bao siêu mỏng nó dùng quan hệ lâu sẽ bị rát . Khô , không nhiều gel. Lần đầu như lần cuối xài hãng này.",1,1,True,0.13031361913442388,0.8696863808655748
802,Sữa chảy hỏng gần mất trục bịch .. quá chán,1,1,True,0.012937271576482752,0.9870627284235186
803,Chưa biết dùng ntn nhưng khi cần huỷ đơn thì từ chối k cho huỷ( mình đặt 2 lần muốn huỷ 1 lần)  từ chối huỷ mặc dù mình huỳ luôn sau khi đặt nhầm. Rất bực mình,1,1,True,0.00026247870326327456,0.9997375212967373
804,Độ tuổi sử dụng:ai cũng dùng đc Chất lượng sản phẩm:ok  Ủ tay chung zs nivia hộp thiếc xanh ta nói nò mềm điên,0,0,True,0.9315081014138588,0.06849189858614346
805,Đối tượng sử dụng:ng lớn trẻ nhỏ Mùi hương:nhẹ nhàng Chất lượng sản phẩm:ổn  Mùi thơm nhẹ nhàng...dùng khá ổn nhó...nên mua nha mn okkkkk..hihaahiabibsj djebhweb,0,0,True,0.9998445495389994,0.00015545046100228562
806,Săn sale nên đc giá mềm nha Giao hàng nhanh  Đóng gói cẩn thận Được tặng nhìu mini sample ok nha,0,0,True,0.9997941702041734,0.00020582979582350975
807,Bán giá 1 thùng 24 bịch đôn giá lên bằng 48 bịch. Lúc khách mua thì hướng dẫn sai khiến k thể trả hàng?,1,1,True,0.0008001123513181132,0.9991998876486828
808,Công dụng:phủ bạc Dành cho tóc:bạc  Đã nhận được hàng. Shop giao hàng nhanh. Đóng gói rất kỹ. Đã mua hàng ở đây nhiều lần rồi. Nay được thêm hàng tặng nữa. Cái ly đẹp và chai serum nữa. Ưng nha. Ủng hộ nha mn.,0,0,True,0.9957467629418433,0.004253237058156236
809,"Mùi hương:thơm Phù hợp với loại da:mọi loại da Công dụng:dưỡng ẩm , trắng da  Sản phẩm được rv nhiều nên mua về dùng thấy ok , không bị bết rít . Bôi lên cảm thấy da căng mướt hơn",0,0,True,0.9998628987949866,0.000137101205010723
810,"Bao bì/Mẫu mã:bao bì ko cẩn thận  Tháng nào mình cũng đặt sữa nhưng mà  Đây là lần thứ 2 shop giao cho mình bị bể sữa ướt hết. Lần trước mình đánh giá 1 lần shop kêu đổi trả vì mình lười nên ko làm. Mà lần này cũng vậy, shop ko rút kinh nghiệm, đóng gói ko kĩ dẫn đến bể sữa đổ ra ngoài. Ẩu thật sự",1,1,True,4.9084921551378915e-05,0.9999509150784508
811,Công dụng:duong da Phù hợp với loại da:ok Mùi hương:ok  Sản phẩm tốt Săn sale đc giá rẻ hơn bt Hình ảnh mang tính chất nhận xu thôi  Sẽ mua lại nếu cần,0,0,True,0.9999960161293504,3.983870650620544e-06
812,Mùi hơi kinh Mình thấy bình thường,1,1,True,0.06981534706748063,0.9301846529325192
813,"Hàng dễ vỡ mà giao cỡ đó đó, bể sữa đổ ra tùm lum Giao hàng vừa lâu vừa ko chất lượng",1,1,True,0.0007764953962153375,0.9992235046037834
814,Hương vị:cô gái Hà Lan  Sữa ngonn sạch sẽ đáng để uống. Sẽ ủng hộ lần sau..,0,0,True,0.9689646407693258,0.03103535923067555
815,Bao bì/Mẫu mã:ok Hương vị:ok  Ko hiểu bên vận chuyển gói hàng kiểu gì mà khi nhận hàng thì sữa rách mấy gói lận. Lần đầu đặt cũng như lần cuối :)) bực k chịu đc,1,1,True,0.0005864386218535072,0.9994135613781444
816,"Thời gian giao hàng nhanh, đóng gói cẩn thận, chắc chắn",0,0,True,0.998154817717712,0.0018451822822888803
817,"Thường mình mua hàng hiếm khi complain lắm và cũng đã mua hàng của shop 3,4 lần rồi. Nhưng lần này shop giao cho mình 1 chai thì vỏ chai trầy xước, rất bẩn, đã đem rửa rồi mới được thế này, 1 chai còn lại thì hsd còn lại mấy tháng thôi",1,1,True,0.010541189529619747,0.9894588104703818
818,Bao bì:nho gon tien hang kh bi nhop meo Kinh nghiệm sử dụng:may test khoe  Su dung ok cong suat phu hop voi nhu cau,0,0,True,0.9739455180684017,0.02605448193159716
819,"K có tác dụng phồng tơi tóc mấy đâu cả nhà, xog xịt n còn đọng vân trắng trông kinh lắm nc là k thích bằng xịt tơi tóc nhà spes đâu t dùng 4 chai rùi xog thấy cái này rv nên mua thử nhưng hơi thất vọng",1,1,True,0.17479568579835705,0.8252043142016445
820,"Sản phẩm đẹp màu sắc như mô tả, hình ảnh mang tính chất nhận xu, mọi người thông cảm",0,0,True,0.9993874781500234,0.0006125218499772268
821,Hương thơm:khá ok nha mùi hương cũng thơm Làm sạch:đã dùng nhiều và ok,0,0,True,0.9996260229748131,0.0003739770251872229
822,Nước hoa thơm lại mát nữa. Mua của mall nên yên tâm. Mong sẽ có nhiều ưu đãi hấp dẫn nữa để tiếp tục ủng hộ. Yêu thương,0,0,True,0.9948087344198758,0.005191265580124079
823,"Bao bì:ok Lợi ích:rửa mặt  Đóng gói và giao hàng nhanh. Đặt lúc 8h tối 9h.30 thấy giao vc rồi. Nhanh như gió Sản phẩm dùng ổn,cảm giác sạch,khô thoáng",0,0,True,0.9866449257819887,0.013355074218013388
824,"Giao hàng mhanh, đóng gói kĩ, săn sale giá tốt được tặng thêm quà",0,0,True,0.9946031265025156,0.005396873497482121
825,"Mua 2 hộp cả 2 hộp đều móp, chứng tỏ trước khi đóng gói không kiểm tra hàng",1,1,True,0.00045245952416421225,0.9995475404758345
826,"Hàng shopee mall mà làm ăn óc chó như này, móp méo mó. Ko thấy quà tặng đâu, bọc ko chắc chắn vớ vẩn",1,1,True,0.00012101468485030059,0.9998789853151494
827,"Sữa hỏng , vỡ khi rao , nhân viên ko trả lời thắc mắc",1,1,True,0.0027208214737986314,0.9972791785262028
828,Mua nhiều lần rồi nhưng lần này đánh giá không được xu nên cho 1sao,1,1,True,0.06600266068310576,0.9339973393168957
829,"Đóng hàng quá ẩu tả. Quay video nhận hàng giới hạn video 1phút mà đòi lật tới lật lui 6 mặt trong khi hàng to và nặng. Quay 5 mặt rõ ràng lúc khui hàng vẫn không cho trả hàng. Video khui hàng thì quay bình thường chưa lật tới lật lui kiện hàng đã hơn 1 phút, đằng này yêu cầu quay rõ lật đủ 6 mặt kiện hàng to nặng và không quá 1 phút. Xử lý kém. 1*",1,1,True,0.0006744647263189685,0.9993255352736781
830,Đặt hàng có quà tặng nhận hàng k có quà.treo thịt heo bán thịt chó.không dám mua lần 2,1,1,True,0.00019381144322574103,0.9998061885567747
831,Lợi ích:sạch gầu Hương thơm:mùi thảo dược Làm đẹp:giúp sạch gầu  Sản phẩm sài cũng được mùi thơm dễ chịu,0,0,True,0.9967289592503503,0.0032710407496498303
832,"Mua không biết bao nhiêu lần rồi, lần này thấy có quà mà nhận không hề có quà, nhắn tin shop mấy ngày ko thèm rep",1,1,True,0.0004929249315298875,0.9995070750684683
833,"đây lần 2 mk bị lấy hàng boom trc đó gửi lại cho mk lun toàn dán lại thông tin ko á, sp nắp mở ra thấy lỏng rồi may còn có cái giấy bạc ở đó",1,1,True,0.0015049808189584496,0.9984950191810421
834,"Giao hàng khá nhanh, đóng gói kĩ càng, nên mua hàng nha, shop tư vấn nhiệt tình",0,0,True,0.9932039681731428,0.006796031826856042
835,"Ha mang tchat nhận xu, sp ko có gì để chê. Vẫn ủng hộ shop, vote 5s",0,0,True,0.9461978689858169,0.05380213101418488
836,Thiếu phụ kiện nhắn tin không trả lời,1,1,True,0.0012369080446194248,0.9987630919553807
837,Hương thơm:hang chuan,1,0,False,0.9448647748944115,0.05513522510558945
838,"Giao hàng nhanh, đủ sản phẩm chính và hàng tặng kèm. Mall nên cũng yên tâm hàng chính ngạch. chưa sử dụng thử nên chưa rõ kết quả",0,0,True,0.9836208465537712,0.016379153446230876
839,"Kinh nghiệm sử dụng:lắc ddeeuf truocws khi sử dụng Hương thơm:dịu nhẹ  chân ái của mình  chai thứ n luôn gòi shop đóng hộp giấy chống sốc thân thiện môi trường , chim ưng 10đ",0,0,True,0.9853668126984786,0.014633187301520799
840,"Hương vị:tạm Bao bì/Mẫu mã:tạm  Giao hàng nhanh, đóng gói sơ sài, túi sữa bên trong bị bục chảy ra các túi sữa khác. Lại ngồi lau sữa chảy và cất hết trong tủ lanh. Tiếc voucher săm dc giá rẻ và khâu trả hàng cồng kềnh. Đợi hàng hoàn về shop chắc cả thùng sữa bốc mùi lên men theo rồi",1,1,True,8.067460530570002e-05,0.9999193253946999
841,Vẫn vân tay bình thường nhé các bạn,1,1,True,0.05435978078800868,0.9456402192119905
842,Làm sạch:sach Hương thơm:mui thom de chiu Chất lượng:chat luong on dinh  Giá tốt chất lượng ổn nhưng k thơm lâu phải xài thêm nước xả,0,0,True,0.9987081496843971,0.0012918503155996657
843,"Mình đã yêu cầu cần op có màng bọc tất cả cam lại , shop ok mình mới đặt, nhận hang thi thấy ko co che cam nào cả, thất vọng",1,1,True,0.029831033881363034,0.970168966118638
844,Ko có  qua tang j het,1,1,True,0.008602831221556164,0.9913971687784422
845,Đóng hàng không có tâm. Không có chống sốc sản phẩm. Sản phẩm gãy vòi. Hộp hàng méo mó. Không chấp nhận được,1,1,True,0.004406853940831801,0.9955931460591707
846,Cần shop giải thích . Vì sao sữa bị bục vẫn đóng gửi cho khách . Trong khi 1kiện gửi cùng đóng gói sơ sài thì ko bị bục . Đây đóng gói rất kỹ càng lại bị bục ra đổ hết sữa ra ngoài .,1,1,True,5.3996452806910995e-05,0.9999460035471919
847,Mùi hương:sua gao Chất lượng sản phẩm:tốt. Dịu nhẹ Đối tượng sử dụng:trẻ em  Sữa tắm thơm. Chai to đùng. Shop đóng gói rất cẩn thận. Nhận hàng không bị đổ tràn. Mình vừa tắm cho bé trưa nay. Thơm dịu nhẹ. Mình khá thích. Không phải kiểu mùi hương như sữa tắm dnee. Mùi này nhẹ nhàng và không bị kiểu thơm ảo nhiều. Chai to 1L chắc ba mẹ bé tắm chung luôn quá trời nhiều sữa tắm. Áp mã giảm nữa giá siêu hời. Date xa 2026. Mình rất hài lòng,0,0,True,0.9978003175307992,0.0021996824691987186
848,"Giao thiếu bàn chải điện, báo giao bù thì nói là ko bù thêm được vì ko tự ý gửi thêm hàng cho khách. Giờ bắt tôi phải hoàn trả đơn thì tôi mất luôn đơn hàng sữa có voucher. Làm ăn tệ hại.",1,1,True,8.283206339726348e-05,0.999917167936603
849,Lần đầu mua sử dụng hi vọng sẽ phù hợp với tóc của mình. Nếu ổn định sẽ sử dụng và ủng hộ lâu dài. Sản phẩm giao hành nhanh. Shipper thân thiện,0,0,True,0.9999073134061298,9.268659386875235e-05
850,"Shop uy tín, sản phẩm chất lượng tốt, y hình y mô tả. Mình rất hài lòng, sẽ quay lại ủng hộ.",0,0,True,0.9986857879937623,0.0013142120062396444
851,"Lúc mình mua hàng là có quảng cáo tặng quà kèm, nhưng lúc nhận hàng lại không có quà tặng",1,1,True,0.00031030895654480655,0.9996896910434533
852,Mua 2 đơn 1 đơn đi còn 1 đơn hạn nhận 11/8 nhưng tới 14 t8 ms đi hàng đã trễ lại còn giao thiếu,1,1,True,0.008031426384377961,0.9919685736156237
853,"Đúng với mô tả:đúng Chất liệu:vải thun thấm hút Màu sắc:đen trắng  Đẹp vải thoáng mát mặc rất đẹp , đóng gói kỹ , giao hàng nhanh chóng .",0,0,True,0.9997339657085018,0.00026603429149794786
854,"Hàng giao chỉ quấn màng co thông thường, bị bể mấy bịch sữa, ướt nhẹp thùng như hình, đây là lần thứ 3 mình mua bị như này, vỏ thùng đã mỏng mà Mall ko chịu đóng túi bóng, trong khi hãng Vinamilk thùng rất dày, đóng rất kỹ, chưa bao giờ bị bể, thực sự phải suy nghĩ cho lần mua sau.",1,1,True,0.00043022737785197273,0.99956977262215
855,"Xem livetream trực tiếp làm theo hướng dẫn nhưng k có quà,nhắn hỏi shop thì shop đổ thừa làm k đúng hd nên k có quà .",1,1,True,0.0015552599079692614,0.9984447400920283
856,Đã nhận được hàng. Chưa dùng nên không biết tốt không. Nếu tốt sẽ quay lại mua thêm.,0,0,True,0.9796204681983083,0.020379531801694283
857,Nhận hàng không biết bịt nào bể mà nó Thúi chịu không nổi quá là thấy vọng,1,1,True,0.031239444542473346,0.968760555457524
858,Lem sơn lấy tem che lại,1,1,True,0.20414685883300893,0.795853141166992
859,hàng bị móp hộp hết móp 2 lon sữa,1,1,True,0.0010580605313124196,0.9989419394686889
860,"Vặn mãi k mở nổi lắp, định up video mà nặng quá 60mb",1,1,True,0.1833778981791575,0.8166221018208415
861,"Sp chỉ dùng để dưỡng ẩm chứ bôi kích ứng thì k ăn thua, bé nhà mình bị mẩn đỏ li ti nhưng dùng hơn tuần k đỡ. Chán",1,1,True,0.4288039975341648,0.5711960024658329
862,"cho 1 sao vì phần đóng gói quá là ẩu đoảng, lọ thuỷ tinh không bọc chống sốc, lọ mình nhận trong tình trạng vỏ và hộp rời rạc nhau",1,1,True,0.006580923074461493,0.993419076925536
863,"Công dụng:tranhs thai  sản phẩm như hình, giao hàng đóng gói cẩn thận, dùng rất mê nên đã mua nhiều lần, ai sài nhiều thì nên mua hộp 10c cho tiện nhé!",0,0,True,0.9848183955484792,0.015181604451521483
864,"Ghi rõ 11/11 tặng quà nhưng ko có. Rất nhiều người giống mình vì thấy có quà tặng mới mua.   Shop mall mà lạ lắm, nhắn tin hỏi ko có đc 1 câu trả lời thì cho 1*",1,1,True,0.00010565605427156613,0.9998943439457252
865,Bao bì:giooống mẫu Hương thơm:chx mowr neen chx bt  hàng ok. vận chuyển nhanh nhưng shop gửi hàng rất lâu,1,0,False,0.5532197765930075,0.4467802234069944
866,"Lần đầu cũng như lần cuối mua shop này , mau gần 100 gói , hạn sử dụng 8 tháng , mà giao toàn tháng 1 k còn , còn 1 tháng ăn gì hết , vậy mà cũng shop mail dc , mọi người k lên mua mhes, gói thì nhỏ ít hơn",1,1,True,0.0014247025334062319,0.9985752974665957
867,Mua của enfa gần 2 năm rồi nhưg thỉnh thoảng vẫn bị những đơn như này. Sữa bị bung lớp siu nhưng thôi con mình cũng đang hết sữa nên nhận luôn,1,1,True,0.012537282378634622,0.987462717621362
868,Hộp k bọc không dán gì sao biết dùng rồi hay chưa  Đơn nhiều toàn đồ dễ vỡ mà k cho bọc xốp?,1,1,True,0.0027580830009136014,0.9972419169990865
869,"Mình bị kích ứng nhẹ sau khi dùng retinol, nên thử kem dưỡng phục hồi này. Chất kem mỏng nhẹ, thoa lên thấy mát và dễ chịu. Sau khoảng 3–5 ngày, da giảm bong tróc, phục hồi độ ẩm, cảm giác hàng rào bảo vệ da được củng cố rõ. Rất phù hợp cho da nhạy cảm hoặc sau peel, laser.",0,0,True,0.9724431980414019,0.02755680195860231
870,"Giao thiếu đồ, nhắn tin cho shop k thấy tl. Hàng thì giao cực kỳ lâu, ngày nào cũng thấy live mà đơn hàng báo nhận hàng k thành công tận 10 lần! Quá chán !!",1,1,True,0.0003599286426292624,0.9996400713573712
871,Đã nhận được hàng rồi nhé ạ. Mua nhiều lắm rồi nên yên tâm lắm nhé. Săn được sale nên giá rẻ hơn mua ở cửa hàng. Nhà mình chuyên dùng nước giặt này.,0,0,True,0.9982474250834618,0.0017525749165399486
872,Cố tình giao lon sữa bị móp. Tặng quà ko đồng nghĩa với việc là coi thường khách hàng như v,1,1,True,0.00027410064935075285,0.9997258993506513
873,"Mùi hương:nhẹ nhàng  Cám ơn shop nhé , shop giao hàng nhanh , sản phẩm đẹp , cầm chắc tay , màu hồng xinh yêu lắm , da mình là da hỗn hợp thiên dầu nhạy cảm có mụn , mình bôi lên da có châm chích ạ , nhưng không bị mụn nên không biết da bị châm chích là sao nữa , bạn nào biết chia sẻ cho mình được không , đây là nước hoa hồng chứa AHA 5% ạ , mình cám ơn shop và các bạn nhé ☺️",0,0,True,0.9975379419892495,0.0024620580107443182
874,"Shop đóng gói k cẩn thận làm đổ rất nhiều xà phòng một cách uổng phí,còn lại thì giao vẫn đủ và đúng",1,1,True,0.07560429656607597,0.9243957034339207
875,Không có quà tặng mà ngoài thùng vẫn để có quà,1,1,True,0.0011538824056205686,0.9988461175943782
876,Lợi ích:dầu gội Clear thảo dược sạch gàu mượt tóc hơn mềm mượt hơn Giao hàng nhanh,0,0,True,0.9948079749845251,0.005192025015477582
877,Máy sấy này chỉ có gió là mạnh thui ko có nhiệt nóng :((((( sấy mãi ko đc cái tóc nên suy nghĩ kĩ trước khi mua 🥹Giá cx 300 mà độ nóng còn ko bằng cái máy vài chục quá thất vọng,1,1,True,0.029030932204406067,0.9709690677955922
878,Mang tiếng shop mall lớn như vậy nhưng chăm sóc khách hàng thua mấy shop nhỏ. Mình mua tại đây cả trăm lon sữa xong đổi lại được cách tiếp đãi như này nha mọi người. Tui vẫn còn mua và nếu các bạn còn làm việc cho có lệ như này nữa thì ăn 1 ⭐ dài dài nha :)),1,1,True,0.0012740576372260795,0.9987259423627673
879,"Giá khá rẻ, màu xanh vải dày hơn màu đen, nói chung mua đc nha",0,0,True,0.7988321461713059,0.20116785382869207
880,"Dán keo lên các bịch sữa, gỡ ra sẽ dơ, dính rất khó chịu!",1,1,True,0.008401854985713976,0.9915981450142896
881,"Trời ơi bôi lên mặt h nát bét mụn lên banh chành mặt, rất thất vọng về hãng lần này",1,1,True,0.008548230693006037,0.9914517693069949
882,Hình ảnh chỉ mang tính chất nhận xu thôi ship cũng nhánh chóng. Hi vọng dùng tốt lần sau sẽ mua lại,1,0,False,0.9999371475392748,6.285246072297752e-05
883,"omo nhãn hiệu việt nam ko có gì để chê ạ, thương hiệu tin dùng của người việt.mua giá rẻ nên mua dùng dần ạ. hình ảnh chỉ mang tính chất nhận xu ạ",0,0,True,0.9892375342514728,0.010762465748529354
884,"Độ dịu nhẹ:đỉnh Làm sạch:khá sạch, nên mua nếu da đang mụn nhạy cảm đỏ  lâu lắm mua mới có cái tem này, bx mua ko có. đánh giá 1sao để mấy bạn biết và nên mua nha.",1,0,False,0.962039405108913,0.03796059489108667
885,Nó mỏng lét à kh có dày dặn như hình đau,1,1,True,0.39001814999871925,0.6099818500012819
886,"Đóng gói kém, sữa bị móp mấy hộp, bể hết 2 hộp",1,1,True,0.018375394600795576,0.9816246053992042
887,Đối tượng sử dụng:moi người Chất lượng sản phẩm:tốt Mùi hương:thơm  Sản phẩm chất lượng tốt sẽ mua lại lần sau moi người nên mua nhé,0,0,True,0.9995493689155441,0.0004506310844564338
888,"Hàng thì tạm ok, mà lần nào mua hàng thấy bọc hàng cũng rất tệ, hộp ngoài thì xước hết cả",1,1,True,0.001935117967383503,0.9980648820326133
889,Bao bì/Mẫu mã:be vo Hương vị:it dương  nhận hàng bị bể sữa tùm lum . đóng gói k cận thận,1,1,True,0.003049050333821096,0.9969509496661765
890,Thấy ghi mua 2 chai lớn tặng 1 chai cùng loại 450ml mà không thấy,1,1,True,0.007717795636605989,0.9922822043633923
891,"Công dụng:dưỡng thể Mùi hương:thơm Phù hợp với loại da:hong biết  Đây là chai thứ ba rồi á=)) mình mua cho mẹ mình sài, mẹ nói thấy ok nên mình đặt típ ắ=)) app xu dô cộng voucher có 48k thôi rẻ hơn so với với bách hoa xanh nhìu",0,0,True,0.9922168155986845,0.007783184401313771
892,"Hàng thì ok nhưng hộp đựng hàng nát như thùng rác , nhìn rất mất thẩm mỹ.",1,1,True,0.07846292069884435,0.9215370793011559
893,"Hương thơm:không Bao bì:Bình thường  Riêng cảm nhận của mình thấy nó không hề thơm một tí nào luôn, mà cảm thấy mùi nồng:(((. Sản phẩm không hề như mong đợi luôn. Hạn sử dụng thì in mờ không biết phải chính hãng không. Đóng gói khá là cẩn thận. Giao hàng nhanh. Mọi người nên suy nghĩ trước khi mua.",1,1,True,0.02649667377706523,0.9735033262229321
894,Đơn không đg biet dat lon đã huỷ rồi đặt lại có đg vẫn k cháp nhận - ng nhà k biet nhận đon không đg bể - mac công đổi toi đổi lui - cho cháu uống luôn. Mong shop chú ý hon - đóng gói thấy cũng kỹ lm mà  bị bể .,1,1,True,0.0007142554578130278,0.9992857445421873
895,Gói kĩ quá ship bể hết 3 bịch thày lầy,1,1,True,0.11731399322381479,0.8826860067761836
896,Làm sạch:ok Dịu nhẹ:ok Hương thơm:ok  Rẻ tẩy trang sạch dịu ok rẻ giao nhanh okila la lá lô lắm lun,0,0,True,0.9990485622785503,0.0009514377214495572
897,"Bao bì:đẹp Hương thơm:hương thơm dịu nhẹ tự nhiên Làm đẹp:tọc mịn  Shop đóng gói kỹ, giao hàng nhanh, mùi thơm dễ chịu, shiper giao hàng vui vẻ, có tặng phẩm cho shop 5 sao",0,0,True,0.9993834747365303,0.0006165252634681588
898,Màu sắc đẹp ý mih sài nhìu máy sấy  thấy loại đc lắm ý,0,0,True,0.8643858182655306,0.1356141817344678
899,Bao bì:ok Làm đẹp:o Hương thơm:bth  Trải no của mình thấy chống nắng = 0 í :(( mình thoa kem và bạn mình ko thoa đi biển cháy nắng ngang ngang nhau lun 😢,1,0,False,0.5694036586499643,0.4305963413500386
900,Xơ bông:raats xow  tưởng rẻ chứ cũng k hề rẻ bông gì vừa mỏng vừa xơ chê,1,1,True,0.36316234992727625,0.6368376500727249
901,Da mềm mịn:da mềm mịn và sáng Mùi hương:thơm nhẹ hương cafe  Dùng nhiều lần ròi và săn đc deal hời nữa,0,0,True,0.9996045226441961,0.0003954773558038488
902,tặng cái chai ko đc nữa chai nữa,1,1,True,0.021139081833453376,0.978860918166546
903,"Bao bì:clear  Không biết có phải chính hãng không. Mình mua trên clear Việt Nam, dùng mùi đúng clear. Ở đây mùi bạc hà hắc và ít bọt hơn",1,1,True,0.12698854027466885,0.8730114597253287
904,"Mua nhiều lần rồi ạ, hết lại mua thui ạ. Rất ưng ý luôn nha. Rcm mọi người nên thử nhaaaaaaa",0,0,True,0.9937604453493407,0.006239554650662797
905,"Hương vị:tốt Bao bì/Mẫu mã:tốt  Shop giao hàng nhanh, gói hàng cẩn thận, giá hợp lý sẽ ủng hộ thêm ạ",0,0,True,0.9998670876344353,0.00013291236556168482
906,Mùi hương:Thơm mát phù hợp mùa hè Độ lưu hương:2-3 tiếng  Không hiểu sao 2 chai cozy vanilla với chai after hours cùng mua từ 8-9 tháng trước nhận hàng siêu ưng mà 1 thời gian chai after mất màu còn chai cozy thì không  Màu chai after hiện tại siêu xấu sợ 1 thời gian chai matcha cũng mất màu quá huhu. Shop có giải thích là do oxy hoá khi tiếp xúc với không khí nma 2 chai có mỗi 1 chai mất màu thì không hợp lí lắm,1,1,True,0.49973251597123125,0.5002674840287645
907,"Mua về tg đc quà tặng ai ngờ là mỗi cái dầu gội ko có tặng kèm ,mọi người chú ý nha ,shop để nguyên hình có quà tặng nhưng mà chữ mua kèm deal sốc thì bé, những hãng khác ghi quà tặng là tặng luôn ,hãng này còn phải mua kèm ,1 số ng ko bt là mất luôn,săn live nên thấy ms mua vậy ,chán quá mn chú ý .Gói hàng cũng hơi sơ sài ,co 1 miếng sốc duy nhất.",1,1,True,0.00016506436824253486,0.9998349356317611
908,"Hình ảnh chỉ mang tính chất nhận xu, sữa rẻ ,ngon, giao hàng nhanh",0,0,True,0.9994788536198846,0.000521146380116642
909,"Đúng mẫu qc, đóng gói đẹp, nhìn rất chất lượng, xài thử cũng rất ok luôn, nên mua nha mng ơi",0,0,True,0.989531551255478,0.010468448744525266
910,Vận chuyển làm bể sữa,1,1,True,0.007447576701443655,0.9925524232985578
911,Hình ảnh mang tính minh hoạ thôi son dùng ok nha màu lên môi xinh nhưng là mầu 02 Còn màu 24 bôi lên k ăn môi lộ van môi bôi 1 lúc là tợt toạt hết dù k ăn uống j  Hoàn hàng thì k chịu chấp nhận đổ lỗi do cơ địa ủa sao mài 02 k bị vậy vô lí,1,1,True,0.07162711265060696,0.9283728873493946
912,"Giao hàng nhanh, đóng gói không cẩn thận, chưa dùng thử nên chưa biết có tâc dụng tốt k",1,0,False,0.9580806771665956,0.041919322833402085
913,"Có mùi thơm nhẹ, tán nhanh khô",0,0,True,0.9635894593062244,0.03641054069377441
914,Giá giảm rồi mà còn đắt hơn ngoài tiệm. Thật sai lầm khi mua.,1,1,True,0.009187505883127651,0.9908124941168703
915,"Bao bì:mop meo  Săn live c H 12.12 đc giá tốt, mà nhận hàng thấy bực mình luôn. Móp méo hộp kinh khủng khiếp",1,1,True,0.01298101912696953,0.9870189808730295
916,Hương vị:ngon Bao bì/Mẫu mã:đẹp  Hạt ăn ngon giòn giad rẻ phải chăng sau lại ủng hộ hạt mới,0,0,True,0.9938590919847482,0.006140908015252684
917,Đóng gói ổn hơn mọi lần. Hộp vuông vắn ko bị móp méo. Mua hãng sữa này nhiều rồi mà mãi không thấy sale hic,0,1,False,0.11594149573061464,0.8840585042693871
918,Nón mới dữ chưa.  bán hàng bớt toxic lại,1,1,True,0.030245364857704647,0.9697546351422964
919,"Mùi hương:thơm nha Công dụng:sáng da Dành cho da:nhạy cảm  Giao hàng nhanh nè , shiper thân thiện , còn lần đầu dùng nên ko bt châtd lượng á",0,0,True,0.999687570342064,0.00031242965793274656
920,Nhận được hàng mà hộp móp méo trông mất thiện cảm quá,1,1,True,0.010481697465638087,0.9895183025343636
921,Shop giao hàng nhanh chóng. Shop đóng hộp cẩn thận nên hộp thuốc nhuộm tóc phủ bạc màu đen tự nhiên nguyên vẹn không bị móp méo. Sản phẩm thương hiệu L' Oréal nên yên tâm sử dụng.,0,0,True,0.9859927797453665,0.01400722025463434
922,"Bất ngờ về cách gói hàng và sản phẩm. Không biết có phải hàng real không mà vừa mở hộp, cầm loh dưỡng tóc trên tay mà đầy nhớt. Không hiểu sản phẩm bị sao mà băng dính dán quanh nắp.  Mình từng dùng lọ Serum mua tại cửa hàng, lôi lọ cũ và lọ vừa mua rs so sánh. Lọ cũ có mùi thơm, đậm đặc hơn lọ mới này rất nhiều. Không biết có phải hàng trộn không nữa. Shopee mall chắc không có hàng giả chứ??? Hoang mamg quá vậy",1,1,True,0.0011144920837487797,0.9988855079162573
923,"Nước giặt thơm lưu hương lâu giặt sạch mọi vết bẩn , hình ảnh mang tính chất nhạn xu vì ngại lên phòng giặt chụp ảnh",0,0,True,0.9920261782626844,0.007973821737318535
924,"Mùi hương:thơm mùi bạc hà  Giao hàng nhanh, đóng gói cẩn thận, thơm, mát,",0,0,True,0.9962889684824009,0.003711031517598897
925,"Làm đẹp:tham tot,thom,ok,on,nenn muaaaaaaaaa Kinh nghiệm sử dụng:buoi sang ban ngay Hương thơm:thomm  10đ khong có nhưng",0,0,True,0.9935850456609212,0.006414954339076455
926,Sữa tươi tiệt trùng không có đường uống rất ngon nha 🥲 mà sao nhiều bạn hông uống được dị,0,0,True,0.6991688856803174,0.300831114319686
927,Quà tặng ghi không rõ ràng,1,1,True,0.017366571798830676,0.9826334282011683
928,"shop gói hàng cho khách thì bọc chống sóc giúp mình ,nhận hàng về móp hết hộp bên trong",1,1,True,0.0009581359077916193,0.9990418640922054
929,"Shop giao hàng nhanh, đóng gói cẩn thận, giao đủ hàng không thiếu. Chai màu xanh lá thơm hơn chai màu tím nha",0,0,True,0.9698397483927189,0.030160251607277967
930,Hương vị:ngon Bao bì/Mẫu mã:đẹp  Sữa thơm ngon uy tín 10₫ không có nhưng. Nên mua nên mua.,0,0,True,0.9769724507276677,0.023027549272335184
931,"Giao hàng nhanh chóng và tiện lợi, shipper thân thiện và dễ thương",0,0,True,0.999274788052681,0.0007252119473206109
932,Mùi rất là thơm và dịu á gội thì mình cảm giác đầu mình mọc tóc và bồng bềnh hơn rất thích mình mua nhiều lần r,0,0,True,0.9333396406917026,0.06666035930829867
933,Shop giao hàng nhanh đóng gói bảo quản sản phẩm ko tốt sơ sài hộp bị rách,1,1,True,0.1824118660652583,0.8175881339347385
934,"Bao bì:đóng gói quá tệ  Quá thất vọng vì cách đóng hàng, săn sale của c Hannah và VHL họ gộp luôn đóng gói 3 đơn vào 1. Không chống sốc, kể cả các sản phẩm serum dung dịch. Chưa biết chất lượng ra sao nhưng đóng gói âm điểm",1,1,True,0.005491606910791103,0.9945083930892119
935,"Dầu gội như bị pha nước lỏng vào, gội có rất ít bội, ko có tinh chất bạc hà. Quà tặng đi kèm thì ko có. Nói chung là chất lượng rất tệ, các bạn nên cân nhắc kĩ khi mua nha",1,1,True,0.003647556433243571,0.9963524435667552
936,Lần 2 mình nhận hộp sữa móp. Đóng gói cẩn thận thì không có cách nào hộp bị móp cả. Shop hãy trả lời phản hồi của mình,1,1,True,0.0015901723915072304,0.9984098276084944
937,"Hàng ship lâu hơn các shop khác Ảnh quảng cáo là có quà tặng mà cuối cùng chỉ có 2 chai nước súc miệng, nghi vấn treo đầu dê bán thịt chó!  Nên nghiên cứu trước khi mua nha",1,1,True,0.00055875705810443,0.999441242941893
938,Báo sh ko nhận dc hàng nh ko nhận dc hỗ trợ,1,1,True,0.050380661005680304,0.9496193389943186
939,"Dùng được 1 tuần ngoi lên đánh giá, mình ở trong nhà thôi nên không test mồ hôi đc, thoa lên ráo",0,1,False,0.29831202346550656,0.7016879765344927
940,"“Sản phẩm nhận được đúng như mô tả, đóng gói cẩn thận, giao hàng nhanh chóng. Chất lượng tốt so với giá, rất hài lòng khi mua sắm trên Shopee. Shop nhiệt tình, phản hồi nhanh. Sẽ ủng hộ thêm lần sau.”",0,0,True,0.9996945740570857,0.00030542594291573633
941,Bao bì:đẹp Làm đẹp:19 tuổi Hương thơm:k thơm lắm ạ  giao hàng nhanh sữa rửa mặt dạng gel ạ chưa sử dụng chưa biết ạ,0,0,True,0.986966599294406,0.013033400705595112
942,Mùi hương:thom Dành cho tóc:khô xơ Công dụng:tạp nếp và dưỡng tóc  Shop đóng hàng khá cẩn thận sản phẩm được bọc vào túi chống shock bằng chai thủy tinh trong khá lịch sự và sang trọng mùi thơm nhưng mình thấy thành phẩm này phù hợp cho việc tạo nếp tóc hơn là dưỡng tóc,0,0,True,0.9982784711653231,0.001721528834672168
943,"Hàng tặng làm dối trá, có 70g mà rút ruột của khách hàng còn có 10g trong chai, tặng như không tặng  Cty nên xem lại, quá thất vọng, lần nào cũng vậy  Bán hàng quá dối trá với khách hàng",1,1,True,1.3144136764432014e-05,0.9999868558632385
944,"Đúng với mô tả:cos Màu sắc:hong phan Chất liệu:nhua eva  dép siu xinh, chân mình 25,to và bè nên mang bị khít quá , shop có hỗ trợ đổi size lun nma mình làm 7749 cách nên nó dãn ra dc=) mua charm về gắn thêm siu xinh luôn áy dth",0,0,True,0.8468231964156244,0.15317680358437788
945,"Kiểm soát dầu:không tốt lắm  ôi tại sao làm bao bì lại kém như vậy nhỉ ? đóng hẳn vào rồi nhưng nắp hộp phấn không được chặt , t để trong túi xách bị đổ ra hết túi với đồ đạc luôn",1,1,True,0.001457698406613404,0.9985423015933869
946,"đóng gói ọp ẹp, hàng nhận bị móp nát rất mất thiện cảm. 1 sao cho dịch vụ",1,1,True,0.005987318729753746,0.9940126812702479
947,Giao hàng nhanh Đúng mẫu Shop nhiệt tình Vì đặt giúp nên không có hình ảnh ở đây Nếu chất lượng tốt sẽ ủng hộ tiếp,0,0,True,0.999641903410561,0.0003580965894378558
948,"Đóng gói sản phẩm kĩ càng , giao hàng nhanh chưa dùng nên chưa biết sp như thế nào",0,0,True,0.988835927139738,0.011164072860264912
949,"Giao hàng nhanh, đủ đúng số lượng Chưa dùng nên không biết chất lượng ntn",0,0,True,0.9603181560136319,0.039681843986364575
950,"Đóng gói ẩu hộp sữa bị méo, hộp giấy rách tả tơi. Đặt mẫu mới giao hàng mẫu cũ",1,1,True,0.0021504157544176565,0.9978495842455829
951,Hương vị:vani  Dịch vụ giao hàng quá chậm. Giao hàng chậm trễ hẳn 1 tuần. Bấm hoàn hàng thì mới lại có sự cập nhật giao hàng. Wtf? Chán không tả nổi,1,1,True,0.0036865059282514268,0.9963134940717479
952,"Làm đẹp:chong nang Kinh nghiệm sử dụng:chưa sd Hương thơm:bà nào từng dùng pond sẽ biết mùi này. thơm nhẹ ok  sp mới nên k có đánh giá gì. mua của pond cũng yên tâm. Nhưng 1 sao hcho sự cẩu thả khi đóng hàng, k bỏ hàng khuyến hmãi như qc. hàng km là mẫu thử nhưng 1 khi đã live và thông báo kèm nhưng khách k nhận được thì vẫn phải đánh 1 sao",1,1,True,0.06079102289780482,0.9392089771021904
953,"Bông mềm, mình dùng mấy năm rồi. Nay trộm vía săn trên live nên giá rẻ",0,0,True,0.9941180746563866,0.0058819253436117784
954,Rất bực mình với cái nắp của dầu gội. Mình mua mấy lần xoay nắp đều bị gãy. Không hiểu có vấn đề gì với cái nắp đấy. Đề nghị nên xem lại cách thức làm cái nắp chai đấy,1,1,True,0.00021007615533878048,0.9997899238446577
955,Sữa thơm ngon bổ rẻ. Giao hàng nhanh chóng. Có kèm quà tặng. Chất lượng,0,0,True,0.9952469108071771,0.004753089192824763
956,"Sản phẩm giống y hình, hàng chính hãng nên yên tâm khi sử dụng, đóng gói oke nha",0,0,True,0.9985939096124231,0.0014060903875772655
957,"Công dụng:sạch sâu  Muaa ngayy salee nên đựt nhìu quà lắm tr oi. Nma nước tẩy trangg vẫn xịn nhaa, dùng mấy chaiii rùi đó trrrr 😌🥰",0,0,True,0.7138539173274683,0.28614608267252983
958,"Gói hàng chán không chịu được, lần nào cũng mua số lượng nhiều mà thùng gói tạm tạm, thùng thì kinh khủng, bị vài lần rồi mà giờ bực quá mới đánh giá",1,1,True,0.030142315891931316,0.9698576841080669
959,"Giao hàng rất nhanh, shop đóng gói rất cẩn thận. Đã mua của shop rất nhiều lần, shop uy tín là địa chỉ mọi người nên mua.",0,0,True,0.9514667279346017,0.04853327206539937
960,"Mình đã mua bông tẩy trang này nhiều lần, nhưng đây là lần đầu tiên mình gặp trường hợp đóng gói tệ đến vậy. 6 hộp bông tẩy trang đựng trong túi bóng, không 1 hộp nào lành lặn.",1,1,True,0.026793804661760935,0.9732061953382375
961,Thiếu quà tặng nước tẩy trang,1,1,True,0.01890675854168162,0.9810932414583188
962,"xài gần 1 tháng thì nghe mùi khét nên sợ quá k dám xài tiếp dù k làm rơi rớt gì, cứ mở lên sấy thì nghe mùi khét, sợ cháy nổ nên k dám xài",1,1,True,0.0267807431070296,0.9732192568929706
963,"Mua 1 combo mà giao 1 hộp số 1, 1 hộp số 3. Mọi người mua cẩn thận kiểm tra kĩ, tin tưởng mua xong vừa mở ra thấy cây muỗng khác xem lại thấy nhầm thì đổ thừa do mình khui rồi nên giờ bỏ chứ ko giải quyết hay hỗ trợ gì cả. Từ giờ ko bao h mua trên đây nữa cũng may chưa cho con uống.",1,1,True,3.330228811738752e-05,0.9999666977118811
964,Hương thơm:ko Lợi ích:ch biet Mẹo:ko  thiếu quà tặng. giải quyết vấn đề quá lâu nt giải quyết rất lâu mới tl,1,1,True,0.002737359794295156,0.9972626402057037
965,Trả hàng còn nguyên mà dám bảo khách dùng ra bóc rồi bảo cung cấp bằng chứng trước khi vận chuyển thì không cung cấp được,1,1,True,0.0022700532974600277,0.9977299467025366
966,sản phẩm dùng không có cải thiện hay gì đâu  mn đừng nên mua vì sẽ thất vọng shop lớn nhm cskh kém  buồn,1,1,True,0.030195067201728733,0.9698049327982743
967,"Bao bì/Mẫu mã:ok Hương vị:ok  Mình săn dc giá hời, shop đóng hàng chắc chắn giao hàng nhanh chóng. Sẽ mua lại khi cần",0,0,True,0.998509169557388,0.0014908304426152629
968,Bị bục 1 bịch. Shop nên đóng chống sốc dày hơn.,0,1,False,0.01924131477745647,0.9807586852225418
969,Chất liệu:.. Màu sắc:..  Rõ ràng là mình bỏ thêm tiền gần 100k để được thêm hộp và túi vậy mà shop giao cho mình cái hộp bị rách để mình mang tặng? K giao được cái hộp đẹp đẹp thì đừng thu thêm tiền được không? Bực quá mà gần đến ngày 8/3 r nên cũng trả được hàng nữa. Mn nên né nha,1,1,True,0.005574135265915249,0.994425864734082
970,lúc giặt có mùi thơm mà phơi lên chả có tí mùi nào,1,1,True,0.2300972627246788,0.7699027372753214
971,"Shop v/c nhanh, gói hàng đẹp. Mua sale giá tốt, sữa ngon. Mong có nhiều ch.tr k/m cho khách có s/p tốt giá hợp lý để s/d. Tặng shop 5* nhé.",0,0,True,0.992082275564746,0.007917724435256316
972,Công dụng:lam sach mieng Mùi hương:k cay  Mua lần thứ n săn sale chứ bt mắc hic mua lần 6-8 chai cho đã cái nư,0,0,True,0.9559047084866786,0.044095291513318736
973,Kinh nghiệm sử dụng:tẩy bụi bẩn trên mặt  Tẩy êm không bị rát da không bị kích ứng tại vì da mình là da dầu mụn thuộc dạng nhạy cảm nên thường chọn sản phẩm lành tính mới sài được,0,0,True,0.9845751336100979,0.015424866389898973
974,"Mềm mượt:c Hương thơm:thom  thơm lắm,vuốt vao thơm xíu mới bớt ,có mượt,không bị bết tóc,e gai mình nó xài nó chỉ mua xài cho toc uốn,vuốt vào ra lọn đẹp",0,0,True,0.9810881483195998,0.018911851680397707
975,Ko biết hàng chuẩn ko nhưng ko thấy tem phụ như 2 lọ trước mình mua chỉ thấy cái lọ tinh chất tặng kf là có tem phụ còn cái này ko có chỉ thấy chữ tiếng anh và chữ thái thôi nên ko hài lòng lắm,1,1,True,0.03492903577881098,0.9650709642211864
976,"Màu sắc:đen, xanh Đúng với mô tả:đúng với mô tả của sản phẩm  Hàng chuẩn size, dễ mặc, giá cả dễ tiếp cận",0,0,True,0.9905557530835404,0.009444246916459748
977,Bao bì/Mẫu mã:đẹp Hương vị:ngon  Gh nhanh . Sp tốt. Giá thành rẻ. Shop uy tín. Ship nhiệt tình.. ngon,0,0,True,0.9994417851610748,0.0005582148389230611
978,"Công dụng:dưỡng ẩm, làm dịu da Mùi hương:thơm lắm lắm luônn  Shop giao hàng nhanh đóng gói chắc chắn ạ, da mềm mượt hơn vị cíu tinh...",0,0,True,0.9999886143123451,1.1385687656089533e-05
979,Sữa nhà dùng gần như là của Dutch Lady... thay đổi bao bì sản phẩm thấy dễ nhầm lẫn với hãng khác. Mình vẫn thích hình cô gái vắt sữa bò cơ kkk,0,1,False,0.06345118544861396,0.9365488145513831
980,"Shop giao hàng nhanh, gói hàng kĩ và hàng nhận giống hình nha ❤️",0,0,True,0.9255581701989386,0.07444182980105986
981,Tệ. Giao hàng thiếu. Móp méo. Ntin ko tloi. Hàng giá trị đồ ăn đồ uống mà quăng như nùi giẻ,1,1,True,0.004251155160919749,0.9957488448390787
982,Chất lượng sản phẩm:ok la phết Độ tuổi sử dụng:từ bé tới lớn  nên mua sdung nha mấy bạn thơm với lại là sp dành cho ebe nên khong bị kích ứng đâu,0,0,True,0.9944398038889076,0.005560196111092238
983,Dành cho da:dầu Công dụng:làm sạch da Mùi hương:thơm nhẹ  Mk thấy cũng ổn áp  Rửa xong mà ko bị rít da,0,0,True,0.998905590578348,0.0010944094216524033
984,"Shop giao hàng đúng mẫu, nhận hàng chất lượng không như quảng cáo. Giá cả ok",0,1,False,0.4099886396226911,0.5900113603773082
985,Giao hàng nhanh.sản phẩm cũng ok .sẽ tiếp tục ủng hộ shop.bwh,0,0,True,0.9998149783219425,0.00018502167805714405
986,"Đơn hàng gần 3 triệu. Đặt 3 hộp to tặng kèm 1 hộp nhỏ. Giao hàng nhận được có 1 hộp to và 1 hộp nhỏ. Thiếu 2 hộp to, khiếu lại mà giải quyết như trên, bắt chấp nhận mất ko tiền 2 hộp, mất gần 2 triệu như không.",1,1,True,0.0015891461070701514,0.9984108538929264
987,đẹp nha mn nên mua nè xin lắm thơm nữa,0,0,True,0.9977829985059118,0.0022170014940885753
988,Sữa đóng gói rất kém v sơ sài.  Tung sua ra ngoài hôpk méo mó ảnh hưởng chất lượng sữa,1,1,True,0.011822355473425321,0.9881776445265743
989,"Mình vừa nhận hàng nên không thể đánh giá chất lượng sản phẩm ra sao, nhưng thái độ của bên CSKH thì vô cùng tệ. Bao bì sản phẩm có lỗi, có hiện tượng bị rò rỉ tinh chất ra ngoài ở phần vòi xịt khi lắc sản phẩm hoặc để sản phẩm nằm xuống. Mình có nhắn với shop, nhưng shop chỉ xin lỗi rồi bảo mình nhấn trả hàng hoàn tiền để bên Shopee xem xét. Shop xin lỗi cho có, rồi để hết cho Shopee với khách hàng tự giải quyết với nhau. Mình chờ tận 2 tuần mới nhận được hàng, hàng quốc tế lại cận Tết, rồi bên vận chuyển này kia nên mình cũng đành chờ. Vì tin tưởng hãng nên mình cũng không quá để ý, mình dùng serum, kem dưỡng bên hãng trộm vía hợp nên mua hàng của shop cũng hơn 5 lần rồi, thế mà đến lần này bao bì sản phẩm có lỗi thì shop lại giải quyết như vậy. Trả lời tin nhắn lâu nữa chứ. Chất lượng sản phẩm của hãng mình đánh giá rất cao, các tháng trước hãng có sale mình còn mua sản phẩm của hãng để tích trữ đến nay vẫn còn cơ mà, nhưng thái độ CSKH như vậy nên mình xin phép đánh giá 1 sao. Mình thật sự vô cùng thất vọng với trải nghiệm mua hàng lần này ở shop.",1,1,True,0.00012680349583518418,0.9998731965041657
990,Bao bì/Mẫu mã:móp méo hết,1,1,True,0.00820455300881384,0.9917954469911853
991,"Chất lượng:oke, dày dặn ko bị quăn Thiết kế:Thiết kế hologram siêu óng ánh lun  Lần đầu tiên đu tiểu thuyết và gặp được shop chân ái, ahihi🥰",0,0,True,0.8885220915831842,0.11147790841681794
992,Chất lượng phù hợp với giá rẻ mạt cho người sử dụng   kiểu Nhật Bản là một ok,0,0,True,0.9754927672930591,0.024507232706941513
993,Mùi hương:thom xiu Công dụng:làm mềm tránh khô tóc Dành cho tóc:khô xơ gãy rụng  mùi thơm xĩu giá săn sale hạt dẻ giao nhanh làm tóc đỡ khô😍,0,0,True,0.9989963238251057,0.001003676174897749
994,"Thật sự! Mình đã mua loại bông tẩy trang này rất nhiều lần, nhưng lần đầu tiên “bị” trải nghiệm tệ đến vậy! Không 1 hộp nào còn lành lặn khi được vận chuyển! đựng 6 hộp bông tẩy trang chỉ đựng trong 1 cái túi bóng ???",1,1,True,0.008298161719723706,0.9917018382802786
995,Bao bì:nhựa  Rất rất ổn sử dụng tầm 4-5 phút là máy nó nóng hổi,1,0,False,0.6155740204998316,0.3844259795001674
996,Chất lượng sản phẩm:tốt Bao bì/Mẫu mã:con mình u từ trước đến giờ thấy đóng hàng cẩn thận mà sao đợt hàng vừa rồi loại 800g nữa cơ có hộp bị bóc nắp inox ra rồi vừa mở nắp ra sữa rơi ra đầy.. vì mỗi lần mình mua nhiều hộp u hộp nào mới mở hộp đó nhưng bữa nay mở đến hộp thứ 3 ra thì bị như vậy... vì nhận hàng lâu rồi nên ko thể trả lại buồn thật chứ giá thì tăng suốt thôi  Chất lượng sản phẩm:tốt Bao bì/Mẫu mã:con mình u từ trước đến giờ thấy đóng hàng cẩn thận mà sao đợt hàng vừa rồi có hộp bị bóc nắp inox ra rồi vừa mở nắp ra sữa rơi ra đầy.. vì mỗi lần mình mua nhiều hộp u hộp nào mới mở hộp đó nhưng bữa nay mở đến hộp thứ 3 ra thì bị như vậy... vì nhận hàng lâu rồi nên ko thể trả lại buồn thật chứ giá thì tăng suốt thôi,1,1,True,0.0006750207498233348,0.9993249792501808
997,"Gói bọc hàng rất tệ, mua 2 thùng chồng chất lên nhau mà không thấy có mút xốp gì để lót, khui hàng ra bể tè le, lại mất công dọn",1,1,True,0.0007084964562829942,0.9992915035437194
998,"Hàng ship đến bị gãy vòi, dầu gội thì bị chảy ra ngoài. Gói hàng thì cẩu thả. Mùi dầu gội thì k thơm, khó chịu",1,1,True,0.0008976898044001743,0.9991023101956011
999,"Chất lượng sản phẩm:tot Bao bì/Mẫu mã:móp Độ tuổi sử dụng:6-12M  Lần này mình sử dụng nick mới để mua thì nhận được lon móp. Khá lâu rồi mình mới gặp lại lon móp kể từ lần đánh giá đầu tiên ở nick cũ. Có vẻ như hãng rất thích gửi lon móp cho khách hàng mới trải nghiệm, và vẫn ko có hướng xử lí triệt để cho các lon móp như này nhỉ. Không giảm giá và cũng ko có phương án khắc phục giống như hãng sữa khác. Con hợp sữa nên mình mua, và nếu vẫn nhận lon móp thì cứ tiếp tục 1-3sao thôi ạ",1,1,True,0.0033190473444414162,0.9966809526555644
1000,"Công dụng:nước súc miệng Mùi hương:dâu thơm  Chốt combo 3 chai có 130k, còn nhận đyọce quà thêm 1 chai nữa ahihi. Cảm ơn ạ",0,0,True,0.933926279156106,0.06607372084389095
1001,Đúng với mô tả:dung mo ta Màu sắc:ghi Chất liệu:cotton  Quần chất liệu tốt mang lại cảm giác thoải mái thoáng mát cho người mặc!,0,0,True,0.9964175970047455,0.003582402995253654
1002,Hương vị:thơm ngon Bao bì/Mẫu mã:đẹp mắt  Má chồng thix ăn màu này nên lần nào mua cũng chỉ mua duy nhất màu này thôi hjhj,0,0,True,0.7332914192585978,0.2667085807414024
1003,Kinh nghiệm sử dụng:thowm Hương thơm:thowm Mẹo:thowm  Mua trúng đợt sale lơn nên đc giá ưu đãi lắm cả nhà. Hàng dùng bao chất lượng rồi,0,0,True,0.992587121660189,0.007412878339813428
1004,Không có quà tặng như trong mô tả,1,1,True,0.00431823620691779,0.9956817637930814
1005,"Giữ nhiệt:giu nhiet kha tot Chất lượng:on va dang tin cay de su dung Thiết kế:xinh xan, dthw, de cam  recommend mn nên mua, hang re ma chat luọng",0,0,True,0.9987801200988905,0.001219879901112875
1006,"Công dụng:tránh tideeee  Giao nhanh, 24h có rùi, bao bì sặc sỡ, chưa xài nên chưa biết ra sao hết, hi vọng là tốt Có nt báo shop che tên, siêu có tâm luônnnn 💕",0,0,True,0.8581584221174136,0.14184157788258953
1007,"Hộp cũ, móp méo, như đã bị bóc ra rồi, không biết là lọ này đã qua sử dụng chưa",1,1,True,0.002474887765431502,0.9975251122345685
1008,Chất liệu:đẹp  Giao hàng nhanh. Chất lượng phù hợp giá tiền. Nên mua nhé.,0,0,True,0.9997983958214854,0.00020160417851102576
1009,"Mùi hương:th Dành cho da:da dau Công dụng:chong nang  Giao hàng nhanh, săn được giá khá hời. Sản phẩm chất lượng. Rất ok sẽ ủng hộ in",0,0,True,0.9999622964532529,3.7703546748786593e-05
1010,"Hàng móp méo quá nhiều,",1,1,True,0.011756512620668014,0.9882434873793302
1011,Mua 2lon có 1 lon bị móp quá,1,1,True,0.009876189240658442,0.9901238107593426
1012,Bình luận chỉ mang tính chất nhận xu shop đóng gói cẩn thận nhé anh đi shop đóng gói cẩn trọng khi sử của mình để làm cho chi,0,0,True,0.8445599895217597,0.15544001047824038
1013,"Kinh nghiệm sử dụng:dưỡng da  Giao hàng nhanh , đóng gói cẩn thận , mua để tặng nên chx bt chất lượng bên trong của sản phẩm",0,0,True,0.9913359999221775,0.0086640000778217
1014,"Lợi ích:rửa mặt Hương thơm:ko có Kinh nghiệm sử dụng:chà sạch mặt, ko dùng sữa rửa mặt cũng đc  Rửa mặt sạch hơn. Tại da t ko hợp dùng sữa rửa mặt nên mua cái này về rửa mặt cho sạch. 10đ nha",0,0,True,0.9758333713719384,0.024166628628058347
1015,Shop chuan bi dong goi can than giao hang nhanh san pham nhu anh mieu ta💯,0,0,True,0.9976082568156953,0.0023917431843060045
1016,"Dành cho da:mình thấy da dầu hợp hơn Công dụng:trắng da  Sản phẩm có vẻ seeding hơi lố, không như loại cũ… da dễ bị xót, dùng mặt banh mụn mặc dùu là tín đồ của loreal từ nước hoa hồng cũ đến cấp ẩm, kem dưỡng… tóm lại quá tệ… phí tiền… đã dùng một thời gian mới vt đánh giá nha",1,0,False,0.7834505846653989,0.21654941533459648
1017,"Bao bì/Mẫu mã:Bad Độ tuổi sử dụng:5 Chất lượng sản phẩm:Bad  Rất không hài lòng với cách bán hàng của shop/shopee Cảm giác như shop/shopee sử dụng câu chữ loằng ngoằng để lừa gạt người mua Trên hình ảnh thể hiện rõ tặng lon 1,7kg thì đúng ra người mua chỉ việc click mua và thanh toán, còn việc hàng khuyến mãi có thể hiện trong giỏ hàng hay không đâu phải trách nhiệm của người mua, đây là việc giữa shop và shopee Trên hình ảnh cũng chẳng có dòng chữ “hình ảnh chỉ mang tính chất minh hoạ” Còn cái lưu ý “hàng khuyến mãi ở trong giỏ hàng” là cái gì? Có lưu ý trong hình ảnh cho người mua là vào giỏ hàng không thấy thì phải liên hệ với shop hay gì không? Đằng này nhận hàng xong xuôi hỏi shop mới phản hồi như vậy, rồi còn thêm cái lý do chương trình chạy ngày 1/11 đã hết, nếu đã hết chương trình sao còn thể hiện combo sản phẩm? Sao không thể hiện combo sản phẩm này đã hết?",1,1,True,6.116575440690943e-05,0.9999388342455956
1018,"Đóng gói như không, trong khi video thì có cái khung form giữ hộp đàng hoàng.",1,1,True,0.009570333299295714,0.9904296667007033
1019,Mẹo:u toc khoang 30 phut xa sach voi nuoc Kinh nghiệm sử dụng:su dung 30 phut Lợi ích:giup toc suon muot,0,0,True,0.9804444866037578,0.019555513396243174
1020,"Kinh nghiệm sử dụng:Ms mua dùng thử lần đầu Làm đẹp:Mọi loại tóc Bao bì:Đẹp  H.ảnh và video chỉ mang tính chất nhận xu thôi nha mn  Theo mik thấy thì chất kem đc nha, thơm mùi đào lắm mn, cần t/gian dài ms thấy rõ hiệu quả của sp 🤗",0,0,True,0.9986610469697097,0.0013389530302948514
1021,Gửi sai hàng so với đơn đặt Nhắn tin thì shop chơi kiểu phản hồi theo gợi  Không chủ động hay có ý support Tóm lại làm ăn như lộn què mà cũng đăng kí shoppe mall =))),1,1,True,0.00021632203852745466,0.9997836779614754
1022,Giao hàng nhanh lắm ạ đóng gói hàng kĩ mua cho mẹ xài ổn sẽ ủng hộ tiếp ạ,0,0,True,0.9997677530831515,0.00023224691684796918
1023,"nước giặt đóng gói hẳn hoi,có quà tặng đủ,săn sale giá hời. mình thấy giặt sạch ở mức khá,mùi dịu nhẹ,nên dùng cùng nước xả",0,0,True,0.9836083966130947,0.01639160338690185
1024,Giao nhanh đóng gói cẩn thận giao đúng số lượng đúng mẫu mã đã chọn giá rẻ,0,0,True,0.9944357474794073,0.005564252520590653
1025,"Bao bì thiết kế nhìn xinh xỉu, bao bên trong xài ok, chắc chắn sẽ mua lại",0,0,True,0.9784575007916636,0.0215424992083391
1026,"Giao hàng nhanh chóng, sản phẩm tốt. Sẽ quay lại ủng hộ shop ..",0,0,True,0.9997720806121364,0.00022791938786377448
1027,"Chất liệu:cotton Màu sắc:đúng Đúng với mô tả:đúng  Lần này là lần t2 mình mua của shop, do ny mình ưng nên lần này mình mua 6c, shop có tặng cho 1c. Cả 2l mình đều đặt dạng quần ngang. Vậy mà shop tặng cho mình 1 cái tam giác. Mình cũng kh đánh giá gì vì thấy đây là hàng tặng, nma cho đến khi mình nhìn size, lớn hơn bth mình đặt 1 size. Rồi quần lót mà rộng thì vừa mặc vừa sợ nó tuột hay sao nhỉ 😐",1,1,True,0.030861048057885497,0.9691389519421177
1028,"Lợi ích:công dụng dưỡng ẩm, giảm mụn rõ rệt Làm đẹp:cấp ẩm cho làn da, làm dịu da",0,0,True,0.9996095840693268,0.000390415930675223
1029,Hình ảnh chỉ mang tính chất nhận xu Nhận đủ hàng nhưng chỉ cho shop 2 sao vs cái thái độ tặng quà Tôi mua hàng t cũng k quan tâm quà tặng kèm đâu chỉ quan tâm chất lượng sp ntn  Mà shop gửi cái hộp khăn ướt km bẩn thỉu như kiểu bố thí cho khách tôi đây k thèm,1,1,True,0.0020425697591605133,0.997957430240842
1030,"Âm thanh:Âm thanh rõ ràng Thiết kế:Nhỏ gọn, đeo lâu thì hơi nhức tai  Ngon, bổ , rẻ, highly rcm",0,0,True,0.9765820295673148,0.023417970432687653
1031,"Đúng với mô tả:đúng Màu sắc:đen  Đồ của shop thì chất lượng khỏi bàn rồi , mình sử dụng dòng boxer của shop từ thời gian đầu còn thử nghiệm sản phẩm , rất ưng và ủng hộ đến bây giờ",0,0,True,0.9931815933670184,0.006818406632983793
1032,Mẹo:săn sale Làm đẹp:đẹp Hương thơm:nhe  Săn sale giá siêu hời luôn còn được tặng quà rât nhiều nữa,0,0,True,0.9977345543069513,0.002265445693049749
1033,"Kênh lừa đảo khách hàng, ship hàng k thấy kèm quà tặng, đóng gói sơ sài bị rách khi đến tay khách hàng, chất lượng chai rất mỏng, nên k dám sử dụng. Ai muốn mua nên tránh shop này ra. Kẻo mất tiền còn ôm cục tức",1,1,True,0.00031960386218096807,0.9996803961378182
1034,"Khi mk nhận hàng, 2 thùng bìa đều bị ướt, và bung ra, các gói sữa trong thùng cũng bị rơi ra.",1,1,True,5.0044837650018444e-05,0.999949955162353
1035,"Giao hàng nhanh, shipper dễ thương, đóng gói chắc chắn, hàng như quảng cáo, đủ số lượng, date còn xa, shop có chú ý đọc lời nhắn của khách. Sẽ tiếp tục ủng hộ shop.",0,0,True,0.9164099398449409,0.08359006015506067
1036,Sp khác với sp munhf đặt,1,0,False,0.5488433972057072,0.4511566027942945
1037,"Màu ko đúng thực tế như ảnh. Ship lâu. Nhận hàng về thấy ko đúng màu trả lại ngay sau 5p nhưng shop ko hỗ trợ. Mua ol các bác để ý cẩn thận chứ màu trên này 1 đường nhận 1 nẻo, như màu này thấy nhìn ngoài vỏ và mở cây son là nâu nhiều hơn hồng",1,1,True,0.00417199145159196,0.9958280085484061
1038,"Mình đã nhận đủ hàng. Shop đóng gói cẩn thận, giao hàng nhanh lắm ạ. Chất lượng sản phẩm tuyệt vời, mình đã tìm hiểu sp này và rất an tâm sd. Sẽ ủng hộ shop dài dài nha.",0,0,True,0.9997861880469155,0.000213811953083929
1039,"Đặt ly về để uống nước mà mỗi lần uống là hoá điên luôn, cái bình bật ra hút đôi khi k lên, đôi khi thì rút kêu rít rít trong khi bình đây nước, ống hút uống 2 ngụm phải mở ra gắn dô lại, uống nước ngọt là auto đi rửa tay hoài luôn chưa bh mình mua bình nước mà bực như vậy phải lên đánh giá liền, mình uống 2 ngày bực bội qá, chỉ đc cái đẹp vs giữ đá lâu còn lại thì k uống đc cx như k mỗi lần uống mở hẳn nắp bình ra thấy mệt mà ống hút thì bị hư",1,1,True,0.0019754691638957968,0.9980245308360987
1040,"Giao hàng nhanh hơn cả dự kiến. Săn sale nên giá ổn áp lắm, không có gì để chê cả. 5 sao cho shop nha",0,0,True,0.9761603462081592,0.023839653791844412
1041,"Mẹo:ok Kinh nghiệm sử dụng:ok Bao bì:ok  nên mua nha máy êm ngon lắm dùng thích lắm tôi dùng máy này là máy thứ 2 r, sài bền dữ lắm",0,0,True,0.9971310658927157,0.002868934107283689
1042,"Giống hàng thải, cận date. Sản phẩm dính bẩn",1,1,True,0.06559348284365984,0.9344065171563409
1043,"thấy bth, k có công dụng gì lắm số đo chân kia mình để bừa nha :)))))))",1,1,True,0.10466041380244116,0.895339586197559
1044,"Làm đẹp:toc Lợi ích:sangs da Bao bì:dep  Giao hàng và chuẩn bị hàng rất nhanh, đặt 2 hôm là giao tới rồi , chưa dùng nên không biết tốt không",0,0,True,0.9925885015797419,0.0074114984202561735
1045,"Đây là sữa tắm, k phải tắm gội như tên sp và live chia sẻ",1,1,True,0.2242708585152144,0.7757291414847826
1046,"Đóng gói hàng Oke, ship rất nhanh, mình xài thử thì thấy có mùi hương thơm nhẹ, mình rất thích điểm này, tóc cũng có mềm thôi, chứ chưa được suôn mượt",0,0,True,0.9951192290398408,0.00488077096015875
1047,Mua về chưa đụng tới nay đụng tới thì mũ lỗi k cài được :))),1,1,True,0.013024914127967854,0.986975085872031
1048,"Hết tím thì báo hết đây đặt tím giao hồng mà hồng đậm này cg chả có trong phân loại hàng mình đặt luôn! Đang cần chứ k là t trả hàng rồi nha , shop làm ăn chán 👎🏻",1,1,True,0.0014004702713426734,0.9985995297286581
1049,"Dầu gội trị gàu hiệu quả, mùi thơm thảo dược dễ chịu,  tóc mềm mượt ko bị khô. Đã mua nhiều lần. Shop giao hàng nhanh.",0,0,True,0.9982600857670292,0.001739914232969325
1050,Sản phẩm thì OK Nhưng link thì để mua 1 tặng 1  mà nhận hàng thì k có quà tặng.,1,1,True,0.00044116075576923193,0.9995588392442311
1051,Ghi trên trang mua hàng là tặng 1 chai dầu gội nữa nhưng khi nhận thì không có,1,1,True,0.0007994082671312781,0.9992005917328657
1052,"Dành cho da:thích hợp cho mọi loại da Công dụng:chống nắng Mùi hương:không mùi  Kem chống nắng dạng sữa, rất dễ thẩm thấu vào da, chất lượng ok, nên thử nha mn.",0,0,True,0.9999451662239698,5.483377603336245e-05
1053,"Để có quà tặng nhưng mua về k có quà nha mn, chưa hài lòng lắm nha.",1,1,True,0.060538739612371176,0.9394612603876321
1054,"Không hề có quà tặng kèm, chỉ gửi đúng 6 hộp bông tẩy trang. Mua deal tặng kèm quà, quá thất vọng",1,1,True,0.002265753562467775,0.9977342464375346
1055,"không bọc gói chống sốc, vận chuyển gỡ tùm lum hết ca đổ lênh láng chả lẽ trả về thì chắc chảy hết toàn bộ thì mình lại ác quá, 1 sao cho bọc gói vô trách nhiệm",1,1,True,4.245691251613219e-05,0.9999575430874866
1056,Hương vị:chưa uống Bao bì/Mẫu mã:đẹp  Săn giá rẻ có 230k thôi giao nhanh ship nhiệt tình nên mua nha,0,0,True,0.9989436521010873,0.0010563478989144362
1057,Dành cho da:mọi da Công dụng:giảm thâm mắt. Bọng mắt. Nếp nhăn  Chưa sài nên chưa biết hiệu qả như nào. Nhưng phần đóng gọi qá xịn xò. Dễ thg😍 cho shop 10*,0,0,True,0.9841561571897072,0.015843842810291546
1058,"Chất lượng:không đảm bảo  dùng đến cái t2, lúc cho ít ước vào test (cho ít, không cho căng phồng) thì bục đứt đôi, không bền. :)",1,1,True,0.036545605812840366,0.9634543941871598
1059,"Ko biết do sản phẩm hay do vận chuyển. Sữa hư lủng bịch chảy hết ,chua lè. Bỏ rác hết",1,1,True,0.00017551145267643537,0.9998244885473218
1060,Shop bảo được tặng tui mà nhận k thấy j,1,1,True,0.007614465406491117,0.9923855345935075
1061,"Phần quà tặng cho khách hàng không rõ ràng, khiến khách hàng hiểu sai và cũng không nhận được sản phẩn như mong muốn.",1,1,True,0.0007275788817228363,0.9992724211182787
1062,"Kinh nghiệm sử dụng:Sử dụng rất hiệu quả Làm đẹp:da nào cũng xài được, phù hợp Hương thơm:Chất thấm sau",0,0,True,0.9912103895918379,0.0087896104081587
1063,Công dụng:dưỡng da Phù hợp với loại da:tất cae Mùi hương:thơm  Da mình kén mấy loại khác dùng hay bết dính kiểu gì nhưng loại này xài được chai thứ 4 rồi,0,0,True,0.9928538273810675,0.007146172618931586
1064,Công dụng:trắng da mờ thắm Mùi hương:thơm Dành cho da:mọi loại da  Shop gói hàng cẩn thận ghê. Chưa xài nên chưa rõ . Chỉ biết là ưng.Mua hàng của shop lần đầu lên mình chưa biết rõ đc kết quả. Hi vọng là sẽ như mình mong muốn.,0,0,True,0.994184065506188,0.00581593449381845
1065,Đóng gói cẩn thận. Giao hàng tương đối nhanh. Nhưng đơn hàng này giao thiếu quà tặng.,1,1,True,0.2518821825043186,0.7481178174956834
1066,"Chất liệu:thun Màu sắc:5 màu Đúng với mô tả:tốt  Quần lót coolmate mặc rất là êm luôn, có độ co giãn tốt, mà chất liệu vải mặc k bị hằn lên da 💯",0,0,True,0.9938872079788632,0.006112792021137934
1067,"ms test thử , da mình nhạy cảm và dầu nhm ko bị kích ứng  ,chất dễ tán và ko bết bí da nha khá tốt ,mình muốn mua cả hũ mà ko bt mua đâu",0,0,True,0.9501132540084598,0.0498867459915405
1068,đóng hàng không cẩn thận hàng bị trào ra ngoài nhiều đây là ảnh mình lau bớt rồi chứ lúc đầu bầy nhầy muốn vứt đi,1,1,True,0.006702377735468424,0.9932976222645342
1069,"Túi hãng mà bộ phận chăm sóc khách hàng rất tệ , nhắn tin toàn trả lời tự động, còn đã hỏi trên live có kèm túi giấy HK shop  bảo có mình mới đặt , mà nhận hàng thì không kèm túi giấy , ôm cái hộp đi tặng HK có túi giấy xách bên ngoài kì lắm luôn. Bực hết cả mình luôn ý.....Lần đầu tiên đánh giá 2*",1,1,True,3.91752836889537e-05,0.9999608247163105
1070,Hiệu quả:ok ok duoc do Mùi hương:lam nha  Hình ảnh chỉ mang tính chất nhận xu thôi henn,0,0,True,0.9997695296063185,0.00023047039368385253
1071,"Mẫu mã đẹp, sữa ngon",0,0,True,0.9652959979364798,0.03470400206352101
1072,Lợi ích:Làm sạch da mặt phù hợp cho làn da dầu dễ nổi mụn và nhạy cảm và không gây bít tắc lỗ chân lông Hương thơm:Mùi thơm dịu nhẹ an toàn lành tính Bao bì:Đẹp đơn giản,0,0,True,0.999459793211421,0.0005402067885816877
1073,"Shop giao hàng nhanh, sp bao bì nhìn chỉn chu, đẹp. Ủ khoảng 2,3 lần đầu tóc rất đẹp, mượt, bóng. Nhưng sp chứa silicon nên sau những lần đó tóc trở nên khô xơ, cứng. Nói chung ai mua sp thì tóc cũng đều sẽ có vấn đề là khô, xơ hoặc rụng. Nhưng sp dùng về lâu dài ko hiệu quả. Tiền nào của đó thôi ạ. Mình mua 120k nhé",1,0,False,0.7824471412145251,0.21755285878547065
1074,Viết sản phẩm k rõ ràng,1,1,True,0.08809015108353252,0.9119098489164685
1075,"Thơm ngot, dễ uônhs ,,ung hộ sho lâu dài shhdhdjkvhhhhjhghjjjjjjjhgvbbbhuji",0,0,True,0.9968490570979447,0.003150942902055878
1076,"Kem chống nắng này đeo khẩu trang bị dây dính đầy khẩu trang, cảm thấy ko hài lòng",1,1,True,0.10985477349345119,0.8901452265065458
1077,"Sai lầm lớn nhất là mua hàng mà k ktra cẩn thận, hàng hỏng, hàng lỗi, hàng méo mó... Không thiếu phát nào, mua 6 hộp, hỏng 2 hộp, méo 5/6 hộp, mà giá cả dù có voucher nhưng vẫn k rẻ hơn so với tạp hoá gần nhà 1k/hộp. Tác hại của lười ra hàng tạp hoá nên trả giá k hề kém là đây. Mình quên mất k chụp lại hộp hỏng hoàn toàn đã vứt đi rồi... Thật choáng với nhân cách người bán hàng....",1,1,True,0.0012914119296564938,0.9987085880703486
1078,"Mặc dù chai sữa tắm đã gãy vòi rồi mà shop cố tình gói hàng đem đi giao, lần này lần thứ 3 tôi bị vậy rồi,không hiểu tại sao shop lại như vậy nữa",1,1,True,0.00034095970770305653,0.9996590402922958
1079,Bon nay bán hàng khg có tâm bảo là sản phẩm tặng. mẹ nó bảo khg bấm nút tặng 0 đồng..bấm mẹ  tụi mày..sản phẩm khg tốt rồi mọi người thận trọng khi chọn shop này..,1,1,True,0.01660929104230359,0.9833907089576992
1080,"Nhà mình shipper quen toàn vất hàng vào trong cổng vì sợ mất hàng giá trị cao nên mình đã note : CHE TÊN SẢN PHẨM + và còn nhắn tin riêng cho shop nhưng nhận về vẫn như này đây, đây là lần thứ 2 mua bị ntn rồi ( lần trước shop nt kêu sửa đánh giá nhưng lần này thÌ KHÔNG NHÉ)",1,1,True,0.002533199548224121,0.997466800451779
1081,"Đúng với mô tả:dep Màu sắc:dep Chất liệu:dep  Giao hàng đủ, giao đến mình rất nhanh, đóng gói cẩn thận có bọc chồng sốc đầy đủ, nên mua ạ 😘",0,0,True,0.9943279689719765,0.005672031028023993
1082,gói hàng quá sơ sài . họp móp méo đủ kiểu mà ko có nổi 1 miếng chống sốc. mang tiếng mua sale 15/8 mà đắt hơn ngày thường,1,1,True,0.0008698909130912236,0.9991301090869065
1083,Hương thơm:mùi quá hơi ghê 😃 dính lên da dăm dăm rát vùng da nhay cảm cánh mũi các thứ siêu rát đỏ  Ko nên dùng 🥲,1,0,False,0.7263666873443452,0.2736333126556542
1084,Giao hàng nhanh. Đóng gói cẩn thận. Xài rất thích. Thơm. Da mềm.,0,0,True,0.9996620909987907,0.0003379090012092585
1085,"Bao bì/Mẫu mã:quá tệ, cực kì tệ Hương vị:đóng gói kém nên bị vỡ sữa  Thật sự là mình nhận hàng trong tình trạng giống như những người mua đáng giá 1* ở đây.  Không được gói trong thùng sữa như bình thường, mà chỉ là lấy bìa cotton quấn qua loa với 1 lớp túi bóng quá sơ sài, đồ dễ vỡ nhưng k đóng được hẳn hoi như mua quần áo. Về đến nơi thì bị vỡ sữa hết ra ngoài, mùi kinh khủng. Rồi đến vài hôm sau thêm 1 bịch nữa bị lọt khí r hỏng tiếp. Và sữa là sữa ít đường bình thường,  KHÔNG PHẢI LÀ LOẠI BỔ SUNG CANXI NHƯ TRONG ẢNH.  Không biết cái này có được gọi là '' treo đầu dê bán thịt chó "" không nữa. K nghĩ 1 shoppe mall của 1 hãng sữa quá phổ biến mà lại làm ăn theo kiểu này. Nên mình khuyên mọi người không nên mua. Nên mua trực tiếp bên ngoài, tính ra cũng k rẻ thêm được bao nhiêu mà còn cảm thấy k hài lòng một chút nào.  K hiểu sao rất nhiều đánh giá 1* về việc đóng gói nhưng shop cũng không cải thiện một chút nào?  1* cũng thấy k hài lòng để đánh giá với việc bán này của shop.",1,1,True,2.125561731021764e-06,0.9999978744382639
1086,"Hiệu quả:ok Mùi hương:thom  Giaonhang nhanh, bọc ok. Xịt vào thấy phồng tốc lên luôn. Sau mua 2 tuần xịt vào lại bết la tnao shop 😳",1,0,False,0.923106910770398,0.07689308922960138
1087,Độ bền:ko Chống bụi:ko Khả năng dán:dan ko vo man hinh lun nhé  giao hàng ổn đồ đầy đủ nhưng dán theo vid eo hướng dẫn thì ko áp dc kính vào máy nch là ko ổn kiểm tra kĩ trc khi mua nhé,1,1,True,0.22367983369035552,0.776320166309641
1088,Bọc kĩ nhận hàng nhanh lần sau sẽ mua quay lại ủng hộ shop đúng sữa,0,0,True,0.9963141210614606,0.0036858789385419326
1089,"Sản phẩm chất lượng vượt mong đợi, dịch vụ chu đáo, giao hàng siêu nhanh.",0,0,True,0.9774980355472067,0.0225019644527911
1090,Xài thử ok sẽ ủng hộ lần sau. Bôi thử ra tay thì mát mát thơm thơm,0,0,True,0.9871346480696419,0.012865351930355023
1091,"Chưa biết chất lượng sản phẩm như thế nào nhưng không có quà tặng, trong phiên live của Chị HaNa mấy bạn mua hàng coi kỹ trước khi đặt hàng chứ không dễ mắc lừa như mình, chơi chiêu với khách hàng, nếu đã không còn tặng quà nữa thì nên gỡ thống tin xuống chứ, à mà quên gỡ xuống thì ai mua nữa ai còn bị mắc lừa nữa😆",1,1,True,0.0010330965783001175,0.9989669034216934
1092,Pass lại 180 màu 110 mới test da chưa sử dụng thấy để da sáng mua test lên da thấy xuống cở 2 tone 🥲 mấy bạn da trung bình sài màu này chắc ổn hơn á  Dép : ko 358874701,1,0,False,0.7292862739955552,0.27071372600444565
1093,K hiểu shop làm ăn kiểu j mà bọc hàg bị tug hết ra Mọi lần thì nát vỏ hộp ngoài rồi Lần này thì bị bóc hàg xog thiếu hàg K hiểu shop ngĩ j,1,1,True,0.00043367423367426987,0.9995663257663264
1094,Báo là có tặng phẩm nhưng không gửi hành tặng phẩm. Khá thất vọng. Làm ăn k uy tính,1,1,True,0.0009710585035088841,0.9990289414964879
1095,"Kinh nghiệm sử dụng:xài sau buo2sc dầu gội Hương thơm:mùi thơm nhẹ Làm đẹp:tóc khô rối  Mùi thơm nhẹ, xài thấy ưng có điều hơi nhớt đi dễ trơn nên gội xong xả nước lại",0,0,True,0.979177341566215,0.02082265843378716
1096,Hương vị:rất ngon phù hợp pha cà phê sữa nhé Độ béo:beso nhieu  Sữa rất ngon pha cà phê sữa nhé,1,0,False,0.95858553713346,0.0414144628665405
1097,"Viết mượt:muc deu, muot Độ đậm:dam vua phai Thân bút:hoi dau tay vi k co dem",0,0,True,0.8556777401610542,0.1443222598389444
1098,"Chất lượng sản phẩm:bt  Đã nhận được hàng rồi nhưng không như mong đợi sữa kém chất lượng, không thơm pha sữa bị lắng cặn.",1,1,True,0.017427556811075627,0.9825724431889244
1099,mua lần thứ N... rồi nè giao hàng nhanh  sữa chính hãng  Giao hàng nhanh  ok nha,0,0,True,0.9958758724905101,0.004124127509486682
1100,Lợi ích:sh ghi tặng 3 hũ nhỏ mà ko có??? lừa,1,1,True,0.01895295941988852,0.9810470405801103
1101,Son không ăn môi. Đánh xong trôi luôn,1,1,True,0.1901698848190024,0.8098301151809992
1102,"Shop đăng ảnh mẫu kèm quà, nhưng thời gian khuyến mại tặng quà đã qua nhưng shop vẫn k gỡ hình ảnh xuống để khách hàng nhầm lẫn tưởng là vẫn có quà, shop làm ăn k chuyên nghiệp, nhân viên tư vấn cũng giải quyết vấn đề chẳng ra sao Trước đó mk cũng đặt 1 đơn 2 lon sữa nhưng chờ đợi cả tuần k giao, nhắn tin nhờ shop giải quyết cũng chẳng thấy giải quyét gì xong mấy hôm sau tự dưng thấy báo bị huỷ trên ap, chẳng hiểu như nào Mà shop cũng k nói lại gì và cũng chẳng giải quyết cho khách hàng Shop làm ăn quá TỆ!",1,1,True,2.177864914459929e-06,0.9999978221350841
1103,"Giao hàng nhanh chóng. Đã mua và sử dụng nhiều lần. Rất thơm, được tặng kèm thêm chai 200ml nữa",0,0,True,0.9826883447474236,0.017311655252576493
1104,"chưa dùng thử, do tui không đọc kĩ cách mua nên không có quà đi kèm:(",0,1,False,0.06655595827725874,0.9334440417227378
1105,"Hương vị:ngon Bao bì/Mẫu mã:dep  Sữa thơm ngon oke hợp khẩu vị, rất oke nhé. Giao hàng nhanh. Sữa ngon",0,0,True,0.9994191440413535,0.0005808559586453808
1106,"Mình đã đặt hàng nhiều lần, nhưng lần này nhận hàng rất thất vọng, bao bì móp méo, chưa mở ra sản phẩm đã bị rơi ra rồi. Sản phẩm cũng bị trầy xước chứ không mới như mọi lần.",1,1,True,0.001761441994402004,0.9982385580055971
1107,"Sản phẩm đóng gói rất cẩn thận, shop hỗ trợ nhiệt tình sản phẩm chính hãng",0,0,True,0.9839861787360018,0.01601382126399782
1108,bao lần cái cách đóng gói kh ra thể thống gì,1,1,True,0.04999137118940926,0.950008628810589
1109,Giá sp cao hơn cả giá ngoài.dù áp mã.ảo giá,1,0,False,0.5620872727441691,0.4379127272558326
1110,Lợi ích:sạch da Làm đẹp:ổn Kinh nghiệm sử dụng:ổn  nói chung lần này mua rất thất vọng về cách đóng gói và bao bì sản phẩm rất tệ:))),1,1,True,0.24362603563148216,0.7563739643685202
1111,"Chất lượng sản phẩm:mùi hắc kinh khủng  Lọ nhỏ được tặng thì dùng ok không mùi kem đặc dùng thích, lọ to mùi ghê kem lỏng. Mùi kinh như vậy sao dám dùng cho trẻ con được.",1,1,True,0.41672297425224447,0.5832770257477554
1112,1 sao cho cách đóng gói cẩu thả của shopee Nhìn hàng chán không muốn nhận luôn,1,1,True,0.0023289209709238495,0.997671079029073
1113,"Kinh nghiệm sử dụng:sử dụng ban ngày Hương thơm:ko bt Mẹo:cứ dùng bth thoi  bao bì xinh xinh màu hồng, chắc chắn",0,0,True,0.96966591340155,0.03033408659844942
1114,Làm sạch:ok Hương thơm:ok  Thấy review quá nên mua thử xài xem thế nào vì da mình da khô,0,0,True,0.9966650703151816,0.003334929684821324
1115,"Bao bì/Mẫu mã:siêu đẹp Công dụng:sấy tóc  ê xinh vá luôn cả nhà, hốt liền i nè trời ơi, được tặng lược cũng xinh luôn",0,0,True,0.9825315181219821,0.017468481878014492
1116,Mua của shop mấy lần rồi lần nào cũng săn qà tăngh kèm.dầu xả mùi dầu dừa thơm còn vaselin kia k biết có chống nắng ổn k.mua cho mẹ xài nữa nch okila,0,0,True,0.7654131373629972,0.23458686263700332
1117,Mua 1 thùng bể 7 bịch 🙂,1,1,True,0.01268452281737921,0.9873154771826212
1118,"Độ mềm mịn:min nhe nhang che khuyet diem ranh moi Màu sắc:mau hong và mau nude Hiệu ứng làm đẹp:lam tuoi mong moi  Màu D03 lên môi ra hồng sen không thích, D06 dùng cuốn oke",0,0,True,0.9803360009127063,0.019663999087292994
1119,ủ tóc bị khô hơn lúc chưa ủ :((,1,1,True,0.4489185287774837,0.5510814712225176
1120,Quảng cáo là tặng serum và tẩy trang mà hàng lại ko có,1,1,True,0.004385897600163343,0.9956141023998399
1121,Đối tượng sử dụng:con người Mùi hương:thơm  Chất lượng sản phẩm tốt nhưng shop k giải quyết vẫn đề mình thắc mắc shop nói là kiểm tra lại nhưng sau hơn 1 ngày vẫn chưa có phản hồi với mình,1,1,True,0.0031472556579289217,0.9968527443420692
1122,thơm giá rẻ mà chai to quá chèn nhe ns chung là dưỡng ẩm tốt đáng để muaaaaaa,0,0,True,0.9555671707262453,0.044432829273757496
1123,"Giao hàng nhanh, đóng gói cẩn thận, săn trong live nên được giá hời mà còn được tặng nhiều quà, xem nhiều review nên lần này đặt về dùng thử, sẽ tiếp tục ủng hộ shop",0,0,True,0.9963746926983185,0.0036253073016849443
1124,"Mùi thơm là ưu điểm duy nhất Xịt lên rất khô tóc nhen, nó khô như rơm á, ko làm phồng tốc, chỉ là xịt cồn lên cho bớt dầu bết thôi Ko nên mua",1,1,True,0.4692198577212827,0.5307801422787141
1125,Hộp bị móp méo. Gói chống sốc rùi mà vẫn k ăn thua. Giao hàng thì nhanh,1,1,True,0.008382311484121533,0.991617688515875
1126,"Sản phẩm ok,giao hàng nhanh, hình ảnh, video chỉ mang tính chất nhận xu",0,0,True,0.9999533023964454,4.669760355215668e-05
1127,"Dùng thích, thẩm thấu nhanh trên da!  Nhưng hôm đấy được tặng quà mà shop quên ko gửi",0,0,True,0.710651854112054,0.2893481458879488
1128,Đóng gói quá tệ chưa kể sữa bị bể và đỗ ra tùm lum luôn quá cẩu thả,1,1,True,7.625358178774819e-05,0.9999237464182152
1129,"Lợi ích:bthg ủ xong tóc vẫn vậy Hương thơm:mùi dễ chịu  Đóng gói đc mỗi cái hộp ko cho bọc chống sốc hay j, mở hàng ra sốc luôn. Nhắn tin hỏi shop thì thái độ vòng vo ko giải thích",1,1,True,0.0008378565791215749,0.9991621434208776
1130,"đóng gói rất tệ, chỉ chèn vào hộp mỗi 1 túi khí",1,1,True,0.03263000210367321,0.9673699978963299
1131,"Hình ảnh chỉ mang tính chất nhận xu. Sản phẩm chất lượng , giá cả hợp lý, chắc chắn sẽ mua lại",0,0,True,0.9999459552935517,5.404470644762775e-05
1132,"Độ tuổi sử dụng:mọi độ tuổi  Mk đọc và xem nhiều review về lọ dưỡng ẩm của trẻ em này, thấy có nhiều công dụng ,đặc biệt như trị thâm hoặc trị mụn đầu đen, mk cx mua về dùng thử, ok thì mk sẽ quay lại mua tiếp",0,0,True,0.9821164295643228,0.017883570435675154
1133,"Kinh nghiệm sử dụng:thoa body Làm đẹp:seeding cho nhiều vào , nếu có âm sao âm sao luôn nhé, dùng thì vón cục, tưởng người bẩn b nhiều ghét , nhiều như da chết , mẹ tổ sư dùng như cc, ngứa, nổi mẩn",1,1,True,0.32848290151567416,0.671517098484324
1134,"Sản phẩm giao đến bị thủng sữa, sữa chảy ra có mùi chua. Không biết do bên đóng gói hay do bên vận chuyển.",1,1,True,0.00018880292765916125,0.999811197072343
1135,Mẹo:Mọi người đừng nên mua ở shop này vì bị nó lừa mua 1 tặng 1 nó đâu có tặng nên đắt hơn shop khác  đóng gói còn sơ sài,1,1,True,0.007326315262698811,0.9926736847373018
1136,"Chống nhìn trộm với góc 160 chứ k phải 45 nha, kính quá kém, chất lượng k tương xứng với giá tiền",1,1,True,0.09773704855461691,0.9022629514453808
1137,Gói hàng đổ hết của khách là sao?,1,1,True,0.0025011231870062187,0.9974988768129938
1138,"vừa xịt chưa tới 15p thì bay sạch mùi, không nên mua nha đúng phí tiền luôn á, lần này brand làm tệ hơn những lần trước. Mình nghĩ brand nên tìm hiểu và update độ lưu hương nhé. Những mùi trước rất thơm và bám cũng dai nhưng mùi này chỉ bám chưa tới 15 phút là bay sạch luôn í, rất mong chờ và giờ thì thất vọng về matcha latte",1,1,True,0.07754399805278563,0.9224560019472127
1139,Hương thơm:ok Lợi ích:sach gau Bao bì:ok  Mua cho ck dùng được mấy bữa rùi nay mới vào đánh giá được. Giá rẻ hơn mua ngoài lại chính hãng nữa nên yên tâm nha,0,0,True,0.9961551225714179,0.003844877428582572
1140,Săn được giá tốt giao hàng nhanh chóng,0,0,True,0.9985168660774334,0.0014831339225656764
1141,"Giao hàng nhanh chóng, đóng gói cẩn thận và chắc chắn, mùi thơm",0,0,True,0.9994426708213977,0.0005573291786035579
1142,"Công dụng:cạo râu Mùi hương:thơm  nên mua nha mọi người, giao hàng nhanh shop tâm lý tư vấn hàng",0,0,True,0.9996492135043232,0.0003507864956790361
1143,"Hàng đóng gói cẩn thận , không bị bóp méo , mua lần thứ 2 , sữa khá thơm , bé mình hay bị đau bụng nhưng uống sữa này thấy có cải thiện tiêu hóa . Sữa ổn",1,0,False,0.5298192798966909,0.47018072010330725
1144,Đặt dòng matte giao dòng hydrate? Cũng chẳng có quà tặng như mô tả,1,1,True,0.01839037781381083,0.9816096221861889
1145,Bao bì/Mẫu mã:tốt Độ tuổi sử dụng:tốt Chất lượng sản phẩm:kém,1,0,False,0.9605502822266504,0.03944971777335112
1146,"Son chính hãnh, chất lượn 3CE thì mọi người đều thấy rồi.  Màu này mình ko ưng lắm, hơi hồng quá đối với mình",0,1,False,0.36495595153583776,0.6350440484641651
1147,"Sản phẩm dùng ổn phù hợp giá tiền, ảnh và video chỉ mang tính chất minh hoạ, mình thích mùi huyền diệu nhất, thơm",0,0,True,0.9999465332569939,5.3466743003320944e-05
1148,Hinha änh mang tinhchat nhab xuhang giao nhanh chingdog goi can than á,0,0,True,0.9958122350159843,0.004187764984015898
1149,Bao bì/Mẫu mã:mới Hương vị:ngon  Mua nhiều mà không thấy có mã giảm giá cho khách hàng bao giờ cả trong những lần lần này ẩu nhất bị bục mấy vỉ sữa sữa bục dây ra các hộp khác có mùi chua hôi chán,1,1,True,0.006144980049508151,0.9938550199504921
1150,rất chi là tệ . bắt thì nỏ bắt đc blt . mua về 3 ngày thử cả trăm lần mới 2 lần đc . loa thì rè . síp thì lâu quá thất vọng . biết hàng điện tử thì tuỳ nhưng mà shop cũng phải tét trước khi giao cấy,1,1,True,0.0018312451669094158,0.9981687548330872
1151,"Công dụng:tot  Sản phẩm tốt, bao bì đẹp rất thích hợp để sử dụng kajanxbs xínnanxnb",0,0,True,0.9972833713693382,0.0027166286306639954
1152,Hương vị:bình Bao bì/Mẫu mã:xấu đau đớn  Rõ ràng mua của Mall mà vỏ ngoài của hộp sữa in xấu tới mức nghi ngờ chất lượng bên trong luôn. Dù thế nào cũng sẽ ko quay lại. Chắc chắn.,1,1,True,0.002931536162768666,0.997068463837234
1153,Đây là lần đầu tiên mk mua hàng trên live chị Hana  mà khi nhận hàng về rất thất vọng Shop đăng ảnh hàng có kèm quà tặng nhưng khi mk nhận về lại ko có quà  Mk nhắn tin hỏi shop thì trả lời vòng vo hỏi một đằng shop trả lời một nẻo  Thông thường khi shop khác đi đơn thiếu quà sẽ gửi lại nhưng shop này thì ko nhất quyết ko chịu giải quyết ko tôn trọng khách hàng  Xưng tên hết ng nọ ng kia nhưng vde ko đc giải quyết nhất quyết ko chịu bồi thg cho khách hàng,1,1,True,2.492935471561656e-07,0.9999997507064533
1154,"Bao bì:k dep, giao hang bo bop meo. Hương thơm:bthg Lợi ích:k bt  khó tán, hơi bết, kbt hàng đã qua sử dụng chưa. đơn giao đến hộp bị móp rất nhiều. hình ảnh mang tính minh hoạ.",1,1,True,0.3764741528520604,0.6235258471479369
1155,"Độ tuổi sử dụng:5 tuổi Chất lượng sản phẩm:tốt Bao bì/Mẫu mã:bao bì mới  Mình rất hài lòng với đơn hàng này. nhưng mình có phần không vui, bạn mình gửi link qua zalo để mình đặt đơn để tham gia KOC affiliates ,nhưng bên affiliates báo đơn hàng đã huỷ không hợp lệ ,vậy bạn mình nghĩ thế nào về mình ?? Yêu cầu các bạn liên hệ bên tiếp thị liên kết đừng có làm trò bẩn như vậy ,có mấy trăm ngàn mà mất uy tín của mình . Mình xin lỗi shop ,shop mình đánh giá 5*, nhưng bên shoppee mình đánh 0*.",1,1,True,0.0018318169322726894,0.998168183067722
1156,"Giao hàng nhanh, đóng gói kỹ càng, mua của mall nên cũng yên tâm hơn chút, giá thành ổn hơn so với nhiều mall khác",0,0,True,0.985681573722202,0.014318426277797442
1157,Làm đẹp:mềm tóc Hương thơm:thơm  giao nhanh. sản phẩm tốt,0,0,True,0.9995716520491401,0.00042834795085881116
1158,Tin tuong hana thấy c hana live mua luôn k tìm hiểu sp mà thấy live kêu có quà giao thì không có quà E ks shop 1sao,1,1,True,0.006160441013624093,0.993839558986378
1159,"Giao sai hàng mua combo số 2 mà giao số 2 và số 3, số 3 rẻ hơn thành ra mất công săn sale. Hoàn thì ko kịp sữa cho con poa tay",1,1,True,0.015860304080596566,0.9841396959194043
1160,"Đó giờ t xài màu taupe là tone đỏ nâu cam mà bản này đánh lên hồng tím, thất vọng vô cùng, ib cho shop thì kêu tuỳ nền môi? tuỳ tới mức cái màu taupe nó ra thành màu hồng tím? t xài màu taupe bản cũ nhiều rồi rất hợp còn bản này bị vậy.",1,1,True,0.01934757247683662,0.9806524275231645
1161,Giao hàng nhanh chóng đóng gói cẩn thận tẩy da chết ok mịn da hjj,0,0,True,0.9985758808557039,0.0014241191442959634
1162,Cảm giác không giống với sữa mua ỏ siêu thị ms uoonhs 1 gói nhưng bị anh tào đuổi đánh mẻ đúyt chưa dám uống tiếp nữa,1,1,True,0.34783124580061453,0.6521687541993864
1163,"Seeding lố vừa thôi. Săn seo peel hồng này giá 300k mà chất lượng thì như qq, như bôi nước lã có màu hồng trên mặt. Thua xa ordinary săn seo 180k. Thua xa cái peel hàn quốc nacific nữa. Có âm 100 điểm cũng cho. Quảng cáo nói lố còn hơn chữ lố. Sợ hãi!",1,1,True,0.06877642364384165,0.9312235763561559
1164,Hỏng mất 2 túi mặc dù bọc hàng cẩn thận  Shop chuyển hàng nhanh va có quà tặng  Giải quyết vấn đề nhanh chóng,1,1,True,0.037039552814982606,0.9629604471850196
1165,"rất tệ, thiếu quà tặng, giải quyết ko thoả đáng , dù mua rất sớm",1,1,True,0.00047761002886972557,0.999522389971129
1166,"Shop giao đúng sản phẩm đã đặt hàng. Đóng gói rất kĩ lưỡng, mặc dù cây son nhỏ xíu. Màu son ok",0,0,True,0.7740759544215134,0.22592404557848927
1167,Shipper làm bể 2 bịch,1,1,True,0.07566232976038341,0.9243376702396169
1168,"Shop giao thiếu cái túi giấy để đựng hộp túi xách, nt thì ko thèm trả lời sao cho nghe lọt lỗ tay, im luôn 😵‍💫",1,1,True,0.0008387437404301003,0.9991612562595668
1169,"Đóng gói rất sơ sài nhé, xem lại cách đóng gói",1,1,True,0.0201574950565717,0.9798425049434266
1170,Kết cấu:diu nhẹ phù hợp mọi loại da Làm sạch:tay trang sach ko gây khô da Hương thơm:diu nhe  Giao hàng nhanh và đóng gói cẩn thận. Sản phẩm chất lượng,0,0,True,0.9999783546631682,2.1645336830244594e-05
1171,"Nhìn cái hộp là cũng đủ biết rằng sản phẩn bên trong có bóp méo hay ko , mk quên ko chụp lon . Ôi trời t thề luôn là n méo như méo vành xe đạp , chưa kể là chuẩn bị hàng và giao quá là lâu luôn , chưa bh mà mua hàng thất vọng như lần này . Vì t mua rất nhiều hàng trên sàn",1,1,True,0.0101952005419173,0.9898047994580802
1172,"Giao hàng rất nhanh, đóng gói cũng siêu kỹ luôn, ủng hộ shop nhiều",0,0,True,0.9974390667994133,0.002560933200587349
1173,"Bao bì:dep, sach  shop nhiệt tình , chu đáo, săn trong live nên được nhiều quà",0,0,True,0.9862387416143631,0.013761258385633648
1174,"Sản phẩm phù hợp với giá tiền, hình ảnh mang tính chất nhận xu do chưa có tg chụp lại dc",0,0,True,0.995971250095792,0.00402874990420695
1175,"Nói tặng Vaseline mà có tặng đâu, ghét nhất là mấy cái shop xạo l",1,1,True,0.006224205506054457,0.9937757944939443
1176,Ghi chú có kèm hàng tặng mà k có. Buôn bán kiểu gì kì cục,1,1,True,0.0007510551118929255,0.9992489448881041
1177,"giao hàng trễ, hoàn hàng thì k hỗ trợ",1,1,True,0.006026511410194395,0.9939734885898065
1178,"Hương thơm:mui thom Kinh nghiệm sử dụng:diu nhe  Nước tẩy trang dịu nhẹ, mình đã mua lần 2, shiper nhiệt tìnhh, đánh giá shop 5 saoooooooooooo",0,0,True,0.9961558451904482,0.003844154809552446
1179,trên ảnh ghi có tặng hàng về thì lại không lừa dối làm ăn chi lạ tệ,1,1,True,0.00010635227973929722,0.9998936477202616
1180,"Mẹo:ok Kinh nghiệm sử dụng:ok Lợi ích:ok  *hình ảnh và video chỉ mang tính chất nhận xu Hàng oke, nên mua",0,0,True,0.9999194643066576,8.053569334067573e-05
1181,"Mùi nào cũng siêu thơm và lưu hương lâu, chất đặc nữa. Mua hai lần lần nào cũm ưng",0,0,True,0.915037544204805,0.08496245579519775
1182,"hình ảnh đính kem được tặng , đặt hàng ngày 15 ( km từ 14-17) vậy khi hết hàng KM shop không có cảnh báo để khách hàng biết ? ghi chú là ktra giỏ hàng trước khi đặt hàng , k kèm cảnh báo thì những khách hàng mới làm sao biết được là hết KM?",1,1,True,9.795281537628746e-05,0.9999020471846257
1183,"Công dụng:tẩy trang Độ bền màu:ok  Shop giao hàng ok, đóng gói ổn, mua ở shop cũng nhiều lần r nên tin tưởng, hi vọng sẽ có nhiều ưu đãi trong tương lai hơn",0,0,True,0.9934735639292995,0.006526436070697184
1184,"Chất son:. Màu sắc:.  Mình đặt 1 cây son kem và 1 cây son dưỡng, nhận về ko còn nhu cầu sử dụng nữa nên mình bấm trả hàng. Các shop hay thông báo là lúc trả hàng vấn đề gì cũng để lí do ko còn nhu cầu sử dụng để shop khỏi bị điểm xấu đúng ko? Nhưng ko, shop này ko cho trả hàng với lý do phải có hộp carton hoặc bì nhựa như ban đầu, lý do rất vớ vẩn, mình đâu có nghĩ là sẽ mua và trả hàng nên mình k giữ lại hộp như ban đầu, mình gói vào bì nhựa và trả hàng. Shop ko đồng ý và hoàn lại cho mình, chỉ hoàn lại cây son chứ mất luôn cây son dưỡng🙂 nhắn tin xin video gói hàng của shop thì shop nói nhắn với shopee. Lần đầu mua 1 đơn hàng mà cảm thấy khó chịu như vậy luôn. Xin phép thêm vô blacklist.",1,1,True,0.00010317448395820677,0.9998968255160391
1185,"Chất lượng sản phẩm:cũng cũng  Lần đầu dùng bản mới, mình thấy k bằng dạng hộp nhỏ nhỏ. Dưỡng ẩm cũng tốt, nói chung dùng dc. À mùi thơm lắm, bôi lên cảm thấymát",0,0,True,0.9462692085268352,0.053730791473167325
1186,Hàng săn sale nên giá tốt lắm ạ. Shop đóng gói kĩ càng chống sốc và vận chuyển nhanh. Loại này mình dùng mấy năm nay rất tốt nhé mn nên mua nhé,0,0,True,0.9966077947223598,0.0033922052776436274
1187,Mua hàng chính hãng nhận được đúng chai kem nền k có hộp là sao má ?,1,1,True,0.011458227407739642,0.98854177259226
1188,"Hương vị:ngon Bao bì/Mẫu mã:date mới  Shop đóng gói hơi ẩu ,chỉ chêm mấy tờ lót chống sốc ,lúc vận chuyển tới nhà mk bị vỡ 2 bịch ko biét có phải shiper cẩu thả hay lúc vận chuyển bị vỡ rồi",1,1,True,0.010557348757505414,0.9894426512424911
1189,tui chưa dùng nên chưa biết sp như nào nm shop đóng gói sieuu chắc chắn luonn tặng kèm 2 mặt nạ nua cơ,0,0,True,0.8960638905170156,0.10393610948298437
1190,"Đội ngũ tư vấn cskh vô cùng tệ, toàn trả lời những câu vớ vẩn, 1 đoạn chat mà 3-4 nhân viên nhảy vào chỉ nhắn xin chào r kêu đợi, đợi mấy ngày luôn vẫn k giải đáp đc thắc mắc của kh về việc kiểm tra hàng chính hãng, cảm thấy nghi ngờ về chất lượng.",1,1,True,0.00010540554004982465,0.999894594459951
1191,"Chất lượng sản phẩm tuyệt vời, đóng gói tốt, giao hàng nhanh.",0,0,True,0.9995322139975318,0.0004677860024678334
1192,Độ mềm mại:ổn Hương thơm:nhẹ  Chất lượng sản phẩm ổn. Giao hàng nhanh. Đóng gói cẩn thận chắc chắn.,0,0,True,0.9996726601872012,0.0003273398127999791
1193,Đặt sản phẩm mình nhận không được luôn Á chứ queo queo huhu buồn lắm,1,1,True,0.03720838058127612,0.9627916194187238
1194,"Hình ảnh chỉ mang tính chất minh hoạ. Giao hàng nhanh, đủ số lượng",0,0,True,0.9984047736545645,0.0015952263454323144
1195,"Date xa, có khuyến mãi đầy đủ, mua sale nên giá rẻ, hàng mall nên yên tâm",0,0,True,0.9904462698899693,0.009553730110031772
1196,Trong quá trình vận chuyển đảo lộn làm muỗng nằm ở đáy,0,1,False,0.016451605752058944,0.9835483942479415
1197,"Trên đơn shop có để kèm quà, khi giao đến thì không có quà, quá tệ",1,1,True,0.0001614703180724332,0.9998385296819245
1198,"Thumnail ghi mua được tặng quà mà gửi hàng thì không có, nói chung không hài lòng",1,1,True,0.0007314972322530175,0.9992685027677487
1199,"Chất lượng sản phẩm:ok Đúng với mô tả:đúng  Lần đầu mua ở shop. Đóng gói kĩ, sản phẩm chất lượng, dễ dán. Nên mua nha. Mình sẽ quay lại ủng hộ.",0,0,True,0.9992744502943101,0.0007255497056924333
1200,"gói hàng quá tệ , không chống sốc quá  sơ xài làm hỏg hàng hết",1,1,True,0.0014631047014890077,0.9985368952985082
1201,Quảng cáo mua 1 tặng 1 để cho vui thôi chứ có thấy tặng đâu,1,1,True,0.0010184341029348828,0.9989815658970672
1202,Ảnh khong lien quan lắm để nhận du hí hí  San pham dung ok nha moi nguoi mua duoc gia sale nua qua ung,0,0,True,0.9959293237551297,0.004070676244866956
1203,đắp dc 1 ngày lên 1 ề mụn,1,1,True,0.2979378154053494,0.7020621845946493
1204,Sản phẩm chất lượng nha giao hàng nhanh shop chuẩn bị hàng nhanh,0,0,True,0.9995882097479375,0.00041179025206290287
1205,"Không biết gen nào làm CSKH mà tệ không tưởng. Mình đã nhắn tin hỏi trước khi mua sàn phẩm có dùng được cho vùng da khác không thì bạn trả lời có ạ, sau đó mình mua và làm theo hướng dẫn thì da sần sùi và ngay lập tức mọc rất nhiều mụn bự đến giờ chưa hết. Mình nhắn tin cho sốp thì lật lọng kêu không được dùng cho vùng da khác?!!!, trong khi sản phẩm cũng không hề ghi chỉ dành riêng cho da mặt. Sử dụng vùng khác còn bị kích ứng vậy đưa lên mặt chắc banh cái mặt. Vậy mà một chị gái kia rất nổi tiếng quảng cáo sản phẩm như đúng rồi nữa đó.",1,1,True,0.0022221190490381852,0.9977778809509562
1206,"Cấp ẩm:ok Kết cấu:nhẹ Hương thơm:thơm  Mình dùng thấy okie nha, chống nắng êm, che khuyết điềm, lót nền siêu ok luônnnnn nên thử nha",0,0,True,0.9990508295596238,0.0009491704403739964
1207,Chỉ giao 2 hộp kem chống nắng mà ko có quà đi kèm. Trong khi đó sản phẩm có quà đi kèm,1,1,True,0.002088149459737165,0.9979118505402629
1208,Bao bì/Mẫu mã:đẹp Hương vị:tự nhiên  Giao hàng nhanh sữa rất thơm ngon shop  tuyệt vời uy tín,0,0,True,0.9968499491867118,0.0031500508132892534
1209,"Đắp oke phết, bằng 1 thế lực nào đấy mà miếng mask vừa khít vs mặt mình luôn :))",0,0,True,0.8942945861252849,0.10570541387471201
1210,"Hàng đẹp, sẽ ủng hộ shop lần sau , sẽ ủng hộ shop lần sau, ship nhiệt tình",0,0,True,0.9997914830669673,0.0002085169330334506
1211,"Mình mua hàng của shop 3 lần, hết 2 lần giao hàng móp méo. Mặc dù là Shopee Mall nhưng cách giải quyết cực kì tệ. Mình mua combo 2 lon sữa, shop đóng gói bọc chống sốc rất kĩ nhưng khi mở ra thì có 1 lon bị móp thì liệu là shop cố tình gửi sữa móp cho mình, mình nt báo cho shop thì bắt mình đợi 5 ngày không hề phản hồi không giải quyết và đến khi mình nhắn lại hỏi thì chỉ nói do mình không có video khui hàng nên không giải quyết. Shopee mall nhưng cách làm việc chậm trễ, bỏ sữa móp vào giao cho khách sau đó không bồi thường để khách phải chịu trách nhiệm vì không có video, quá tệ.",1,1,True,6.683589483872896e-08,0.9999999331641072
1212,"Mình mua đơn hàng rất nhiều sản phẩm. Nhưng khi nhận về brand đóng gói vô cùng sơ sài, ko chống sốc kĩ cho từng sản phẩm trong khi toàn bộ sản phẩm đều là hộp thủy tinh dễ vỡ. Nhận về tay các hộp serum bị rách hộp giấy, cầm lên là tuột luôn chai serum hẳn ra bên ngoài. Ngoài ra, mình ở nội thành HCM nhưng đặt đơn từ t2 đến t6 mới nhận được. Liên hệ shop thì ko nhận đc bất kì sự hỗ trợ nào. Mình rất thích chất lượng của brand nhưng lần này trải nghiệm mua sắm quá tệ so với danh tiếng của brand.",1,1,True,0.0001809306787350679,0.9998190693212679
1213,Lợi ích:sach da dau  Shop có lót chống sốc và dán băng dính cho ko bị tràn sản phẩm,0,1,False,0.128684830883345,0.8713151691166539
1214,"Kinh nghiệm sử dụng:thom ,sach gau Bao bì:cung Làm đẹp:mem toc  Giao hàng nhanh,shipper nhiệt tình Đóng gói cẩn thận Giao hàng hộp hơi móp méo",1,0,False,0.998706574432737,0.0012934255672664911
1215,"Xl vì hình ảnh và video kp của sp, nhưng lần mua thứ 3 này mình bực quá. Sữa chảy thối cả ra từ bao giờ, bục nhề hết vỏ catton. Mình phải kiểm tra từng túi 1 xem bục ở đâu để vất túi đó đi, phát hiện 1 túi bục còn 1 nửa, rửa lại 1 loạt những túi còn lại vì thối hoắc ấy. Hôm sau mình uống thì vớ đc 2 túi sữa uống thì hỏg chua lòm, giờ những túi còn lại ko biết sao nữa, ko dám uống vì ám ảnh túi sữa hỏng đưa lên uống chua thối ra.  1 là do shop đóng góp sơ sài ko đủ chống sóc 2 là sữa đóng bị hở nên chua hỏng từ bao giờ Thất vọng tràn trề, quá tệ",1,1,True,0.00015001873016897902,0.9998499812698368
1216,Mùi nồng quá. Trời nắng gắt ngửi thêm mùi này khó chịu,1,0,False,0.5258708932644516,0.47412910673554626
1217,"Đợt này hàng cũ lại còn bị móp méo, nhờ shop kiểm tra lại ,đóng hàng cẩn thận hơn trước khi gửi đi ạ",1,1,True,0.0011554669598389346,0.9988445330401607
1218,"Giao hàng nhanh, săn sale giá 175k rẻ nè. Giặt đồ cho con thơm nhẹ, nhanh sạch",0,0,True,0.9948530589281138,0.005146941071882716
1219,"Thấm hút tốt, mềm mịn, mỏng nhẹ, k bị hăm, thoáng mông, bỉm đêm chống tràn tốt Sữ xịnh",0,0,True,0.9940835904224343,0.005916409577563329
1220,Không có khuyến mãi đi kèm. Pr ảo,1,1,True,0.04213275086846635,0.9578672491315332
1221,"Kinh nghiệm sử dụng:mong là nó bền lần đầu xài của hãng này Bao bì:màu sắc đẹp như hình  Shop đóng gói cẩn thận , màu sắc đẹp tuyệt vời",0,0,True,0.9921828955418807,0.007817104458122507
1222,"Mình mua để chuẩn bị đi sinh nên chưa biết chất lượng thật sự ntn, hi vọng bé hợp tác",0,0,True,0.7568410398391547,0.24315896016084784
1223,"Dành cho da:sáng da Công dụng:trị thâm quầng mắt Mùi hương:thơm mùi cam  Chờ giao hàng mãi.hihi. Shipped thân thiện. Sp đóng gói cẩn thận, còn thêm quà tặng. Mùi thơm dễ chịu. Sẽ thử ạ.",0,0,True,0.9999167717158715,8.322828412613763e-05
1224,Sữa chính hãng giao hàng nhanh mà giá rẻ hơn ở con cưng nhiều lắm nên mua ở đay nha mọi người hàng chất lượng lắm nha,0,0,True,0.9963831565400371,0.0036168434599617755
1225,hộp rách toe toét. mở ra bên trong như bị xới tung lên. máy và phụ kiện sứt sát bụi bặm như dùng rồi,1,1,True,0.0015151621722792044,0.9984848378277242
1226,Mua trikenol plus quét mã ra muối tắm ????,1,1,True,0.21958238397054936,0.7804176160294508
1227,"Mình đặt 2 thùng được vận chuyển bằng xe oto, tuy nhiên 2 thùng được đặt trong một thùng carton không có loại nilong hình trụ chống va đập như mọi khi thì cũng như không bảo vệ. Kết quả là một thùng sữa có 2 túi bị vỡ và chảy hết ra ngoài.",1,1,True,0.0001576030095561979,0.9998423969904409
1228,"Chất lượng sản phẩm:ổn  đúng mô tả, âm thanh nghe ổn, tai nghe khá nhạy, các chức năng cảm ứng đều ổn, nhưng tai nghe khá to, ai tai nhỏ thì nên cân nhắc vì rất dễ tuột rớt. sau khoảng gần 1 tháng thì nó đã bị hư một bên, rất bức xúc",1,1,True,0.24965198697596971,0.7503480130240358
1229,Luôn tin tưởng hết mk vào shop này. Từ lúc bé 6thg đổi sang sữa này trv lắm các mom ạ. Kp cứ sữa đắt tiền là tốt đâu. Qtrong hợp với bé nhà mk,0,0,True,0.5639633433525072,0.43603665664749536
1230,"Mẫu mã đẹp giao đúng hàng, giao hàng nhanh rất đánh mua. Sản phẩm ok, lần sau sẽ úng hộ típ. Đánh lên rất tệp da",0,0,True,0.9990223111772996,0.0009776888227029199
1231,"Sản phẩm này mình đánh giá không cao, mình da dầu. Nhược điểm: Sau hai tuần sử dụng da mình thêm mụn ẩn, da vẫn bị châm chích và hơi rát khi dùng, tác dụng trắng không rõ rệt Ưu điểm: Thiết kế đẹp, sang, dùng lên da vẫn còn độ ẩm nhất định Tựu chung: 5/10, nhãn hàng quảng cáo hơi quá",1,0,False,0.6753767860407567,0.32462321395924393
1232,"Kinh nghiệm sử dụng:chưa Bao bì:Bình thường  quà tặng của shop dường như hết hạn dán bao bì mã qr mới , mình k quan trọng quà tặng nếu shop tặng dây thun mik cũng cảm ơn .sp tặng như k thể sd đc mùi hăng như rượu!!",1,1,True,0.007926055080104553,0.9920739449198955
1233,"Mẹo:kbt Kinh nghiệm sử dụng:kbt Làm đẹp:cho da bth  Nước tẩy trang dịu nhẹ , k bị kích ứng da , làm sạch sâu . Ncl nên mua nha",0,0,True,0.9926326380159307,0.0073673619840714044
1234,Chất lượng sản phẩm:bt Độ tuổi sử dụng:trẻ nhỏ Bao bì/Mẫu mã:xấu móp  Mình rất k hài lòng về cách đóng gói hộp sữa của shop. Bao bi thì móp méo. Ở cuối hộp sữa còn bung đáy vậy mình rất nghi ngờ về chất lượng sữa có bị tráo đổi hàng khác vào hay k nữa. Là sp dành cho trẻ em shop nên xem lại cách đóng gói cũng như bao bì để ng mua có thể yên tâm về chất lượng,1,1,True,0.00545986971095075,0.9945401302890547
1235,"Mùi hương:rất KHẮM  Lần đầu tiên phải đánh giá 1 sao.  Mua combo 2 chai: trắng và vàng. Chai vàng chưa dùng, chai trắng ( hình) mùi hương rất KHẮM. Các bà mẹ ông bố sẽ biết cái mùi khắm từ nước bọt của con mình trên cái gối ghiền của con nhỏ như thế nào thì cái mùi của chai trắng này y chang. Đặc biệt là khi cho sữa tắm lên khăn bông, rất khắm nhá; cho sữa tắm lên bông tắm thì đỡ hơn nhưng mùi hăng.  Phòng R&D coi lại cái mùi này trên body nó như thế nào chứ đừng tạo ra rồi hửi hửi sương sương thấy cũng được là được.",1,1,True,0.05837141674333838,0.9416285832566624
1236,Hương thơm:thơm Kinh nghiệm sử dụng:1 tháng Lợi ích:đẹp da  Mua để trải nghiệm. Nghe mọi ng review khá ổn.giao hàng nhanh đóng gói cẩn thận. Lần sau sẽ mua ủng hộ shop. Hi vọng shop phát huy thêm,0,0,True,0.9996354942008737,0.00036450579912569036
1237,"Mùi hương:Dễ chịu Tính năng:Tốt  Sản phẩm đúng như mô tả, giao hàng nhanh, sẽ ủng họi shop lần sau!",0,0,True,0.9998698047262501,0.00013019527374682785
1238,"Mùi hương:thơm Dành cho tóc:bạc Công dụng:phủ bạc, màu.  Dùng rất thích.",0,0,True,0.9988427259979008,0.0011572740021010865
1239,"Shop giao hàng nhanh đóng gói cẩn thận nma hơi thất vọng với mùi này. Thích mùi matcha nma chai này thật sự mình k ngưit ra đc mùi matcha, thêm nuẫ là mùi cồn thực sự quá nặng. Nó có mùi giống mấy chai nc hoa mấy năm trc ý, k như mong đợi Mong shop nên cải thiện lại",1,1,True,0.2590343842008287,0.7409656157991662
1240,"Dùng hơn 1 tuần mới vào Shop đánh giá. Thật sự lúc đầu mình cũng nghĩ không nghĩ kem chấm mụn lại hiệu quả đến vậy. Hiệu quả nhanh, với những nốt mụn mới nổi chỉ bôi vài lần là xẹp. Kem không bết rít, nhanh khô. Nói chung rất hài lòng và sẽ mua tiếp",0,1,False,0.4124587026906245,0.5875412973093792
1241,Hàng bị móp nhiều rách các góc của hộp nhưng may chưa đổ sữa. Giao hàng chắc hơi mạnh tay,0,1,False,0.012474863246899793,0.9875251367530976
1242,hàng ok nhưng đặt 1 đen 1 xám gửi 2 cái đen khá là bức xúc,1,1,True,0.08281317165502945,0.9171868283449722
1243,"sản phẩm vỡ khi nói chuyện với nhân viên thì nhận được phản hồi nửa chừng, thật sự không hài lòng với thái độ đấy",1,1,True,0.0021091263258976693,0.9978908736741003
1244,Hương vị:?? Bao bì/Mẫu mã:?? méo mó  đóng gói vận chuyển kiểu gì đây ? làm ăn quá chán nhé,1,1,True,0.005802427914025123,0.994197572085973
1245,Công dụng:duowxn da Dành cho da:dầu Mùi hương:ok  Đã nhận hộ hàng và chưa cảm nhận. Muốn đánh giá nhưng chưa dùng thử ok ok ok,0,0,True,0.9954984079457545,0.004501592054242266
1246,"Đặt 1 thùng không đường, lại đi giao có đường. Chán",1,1,True,0.012310740675835988,0.9876892593241642
1247,"Lợi ích:ok Mẹo:ok Bao bì:ok  Hình ảnh chỉ mang tính chất minh họa, sản phẩm tốt. ín ó",0,0,True,0.9995512013538278,0.00044879864617297654
1248,đã mua lần 2 đầy đủ dụng cụ lên màu khá dống hình khoảng 80% có găng tay có dầu gội xã tóc sau khi nhuộm giá cả hợp lý nên mua nha cả nhà,0,0,True,0.9915054888972371,0.00849451110276408
1249,"Công dụng:dưỡng ẩm Dành cho da:da khô Mùi hương:thơm  Đóng gói cẩn thận, thân thiện môi trường, đã dùng hết 1 hộp, oke",0,0,True,0.9995562848414543,0.0004437151585423473
1250,"Kinh nghiệm sử dụng:Gàu nát da đầu  Sau khi sử dụng thì gội cái đầu GÀU ko.  Hàng ko phải của Clear, ko hề mát lạnh.  Ko nên mua. Trải nghiệm thực tế và quăng thùng rác. Mua mất tiền mà KO PHẢI DẦU GỘI TRỊ GÀU, đổ dầu khác vào chai Clear.",1,1,True,0.013333086711298547,0.9866669132886983
1251,"Chất liệu:tốt Màu sắc:đúng Đúng với mô tả:tốt  Sản phẩm chất lượng ổn so với giá thành, ship nhanh và shiper thân thiện. Các bạn nên mua, hình ảnh và video mang tc nhận xu",0,0,True,0.9999803265838317,1.967341616990646e-05
1252,"Máy sấy êm, màu xinh, tốc độ sấy thì nhanh khỏi phải bàn rồi, có nhiều chế độ để sấy",0,0,True,0.9853747065391719,0.014625293460827353
1253,"Mới vừa nhận hàng khui xem sợ gãy vòi, shop đóng gói cẩn thận, săn sale siu hời 300k tậu 4 món",0,0,True,0.5870255912797461,0.41297440872025276
1254,"Bao mỏng, co giãn tốt không dễ rách, mua của shop nhìu rồi Rẻ, mỏng, dùng siêu thích luôn ạ CSKH cũng tốt nữa Rẻ, uy tín chất lượng cao ạ",0,0,True,0.9712000079252485,0.02879999207474814
1255,Mình chưa xài sp nhưng quà tặng bị hư và bẩn nên bực mình. Cho 1 sao để shop chú ý quà tặng cũng phải chỉnh chu,1,1,True,0.003711390558347165,0.9962886094416527
1256,Săn sale 11.11 nhận hàng ko thấy quà tặng đi kèm,1,1,True,0.015091279015845206,0.9849087209841559
1257,Công dụng:tốt  Shop siêu tâm lý khi che tên sản phẩm giao hàng siêu nhanh chóng chất lượng tốt mà giá thành lại rẻ còn có thư tay và có quà tặng kèm nữa quá tâm lý rồi sẽ ủng hộ shop nhiều lần nữa,0,0,True,0.9986958311292208,0.0013041688707807818
1258,Công dụng:Mọi người đừng mua Phù hợp với loại da:Mọi người đừng mua Mùi hương:Mọi người đừng mua  Lần 1 mình đánh giá 3* vì sản phẩm cũ và trầy xước .shop đã sửa lại đánh giá của mình. Khi tối mình dùng lọ hồng thấy mùi ko  thơm như lọ cũ và mùi cx  khác luôn. Mình vào định đánh giá thêm và phát hiện shop sửa lại đánh giá của mình thành 5* . Hahhaha buồn cười. Mong Mn thấy được đánh giá trân thật của mình. Mình đã chụp hình lại lần đánh giá bày nếu shop còn sửa mình xẽ bóc phốt shop hết sức . Hi    vọng    shop   làm    ăn    Có   Tâmm.....,1,1,True,0.014613268897968369,0.9853867311020343
1259,Hương vị:ngon Bao bì/Mẫu mã:ok  Hình ảnh chỉ mang tính chất nhận xu giao hàng nhanh nah dnxjhz,0,0,True,0.9998191407686542,0.00018085923134614424
1260,"Đóng gói sơ sài ,,k cẩn thận thỉ mỉ gì cả ,,k hài lòng",1,1,True,0.08418792537208228,0.9158120746279177
1261,"Bao bì:Vòi thiết kế khi sử dụng nhìn k được vệ sinh  Không tem nêm phong nắp trong lẫn vòi chai,trong khi người tiêu dùng khó có thể phần biệt được sản phẩm đã mở ra hay như thế nào,trong quá trình vận chuyển thì tinh chất lại chảy ra ngay vòi",1,1,True,0.0048804359317127415,0.9951195640682916
1262,"Giao hàng siu nhanh. Máy cầm chắc tay, dc tặng kèm giá đỡ nhưng dán ko chắc lắm. Có 3 chế độ gió + 3 mức nhiệt. Gió siu mạnh nha như clip mình quay thổi bay luôn hai cái chai trên kệ lun. Còn nhiệt độ có cả nóng và lạnh nhưng sấy lạnh mình thấy lâu khô hơn.  Tóc mình khá dày nên sấy 5p vẫn chưa khô hoàn toàn, nên ai tóc ngắn mỏng sẽ nhanh khô hơn á. Mình mua sale 8/8 áp mã còn 301k nói chung thấy chất lượng cũng ok 👌",0,0,True,0.9790789779356336,0.020921022064362967
1263,Mua lần thứ n tại shop. Hình ảnh chỉ mang tính chất nhận xuuuuuu,0,0,True,0.9942695780096598,0.005730421990340563
1264,"Dành cho da:mọi loại da Công dụng:chống nắng  Chống nắng tốt, không bị nặng mặt, bôi lên da thấm nhanh, k bị trôi bởi nước không bị cay mắt, date tới 2027",0,0,True,0.9962443302031844,0.003755669796815572
1265,"Đối tượng sử dụng:mọi người Mùi hương:ngày hè Chất lượng sản phẩm:tốt  Đóng gói hàng cẩn thận,mùi thơm kiểu tươi mát nha, xịt trên da để tầm 1 chút ngửi lại thơm lắm á",0,0,True,0.9948556995143238,0.005144300485678955
1266,"giao hàng nhanh, nhân viên ship thân thiện, hộp đựng to , khá thơm, dùng mềm mượt",0,0,True,0.9981732253114917,0.0018267746885074032
1267,Kinh nghiệm sử dụng:sd dc 1 tuan ma rung toc kinh khung khiep Lợi ích:lam rung toc rat rat nhieu  Hên cho shop là t k hoàn hàng được nữa chứ t gội xong rụng k còn gì mà tới tết cmnr :),1,1,True,0.016159651816630188,0.983840348183371
1268,"Hương vị:ít đường Bao bì/Mẫu mã:đúng  Đã nhận được hàng, shop đóng gói cẩn thận, giao đúng mẫu đặt. Hình ảnh chỉ mang tính chất nhận xu",0,0,True,0.993018586967939,0.006981413032064074
1269,"Độ tuổi sử dụng:u30 Chất lượng sản phẩm:chưa biết  Mình dùng dưỡng ẩm hay bị kích ứng nên dùng thử của em bé xem ntn, chưa dùng nên chưa biết chất lượng. Lọ 200ml bé xíu đáng yêu, giá cũng rẻ có mấy chục. Nếu dùng tốt sẽ mua lại. Giao hàng nhanh.",0,0,True,0.9972160548938075,0.0027839451061957864
1270,"Đúng với mô tả:ok Chất liệu:ok Màu sắc:ok  Chất khá ổn, tuy nhiên kích thước mn nên đặt rộng ra chút vì form khá nhỏ",0,0,True,0.9952801217995142,0.004719878200482891
1271,"Nếu bạn nào rơi vào hoàn cảnh như mình sẽ hiểu. Đặt sữa cho con vì k có thời gian, xong đến lúc con hết sữa thì lại giao sữa người cao tuổi. Bây giờ hoàn hàng sẽ ngồi lại đóng gói quay video rồi chờ người đến lấy rồi chờ shoppe giải quyết rồi mới trả tiền. Nên tốt nhất các bạn đừng nên mua shop này. Chẳng may các bạn cũng xui và cũng mang tâm trạng khó chịu như mình.",1,1,True,0.0008635376187203622,0.9991364623812808
1272,"Bao bì/Mẫu mã:mới Độ tuổi sử dụng:1-6y Chất lượng sản phẩm:ok  Shop ghi có quà tặng kèm nhưng khi giao ko có , có trao đổi thì đổ lỗi ng mua quên ko cho quà vào giỏ , nhưng mình mua của shop 5 năm nay rồi có phải ko biết đâu , khi mua của enfa thì ko cần cho quà vào giỏ vì nó là tự động . Đã mua đắt hơn mọi lần để lấy quà cho con rồi mà , tệ hết sức",1,1,True,0.0008682315958527903,0.9991317684041426
1273,"sữa dưỡng mùi thơm, bôi lên da ko bị nhớp dính, dùng cho cả bé và mẹ nhé,",0,0,True,0.8933871690881892,0.10661283091180788
1274,"Hộp đã móp méo, sữa có dấu hiệu ẩm vào vẫn gửi khách",1,1,True,0.0030667045258301246,0.9969332954741731
1275,"Phù hợp với loại da:phù hợp với mọi loại da Mùi hương:mùi thơm nhẹ Công dụng:dưỡng sáng, dịu da  Làm mát da",0,0,True,0.999945088838225,5.491116177411791e-05
1276,"Đóng gói quá chán, móp hết hộp",1,1,True,0.0055014081941289275,0.9944985918058711
1277,Lợi ích:dau goi Mẹo:m Bao bì:mua thì 840g nhưng shop giao 600g. Mjk lười trả lại shop nên cũng đành để nhận. Không ưng tý nào cả.,1,1,True,0.015946747729629538,0.9840532522703673
1278,Bao bì/Mẫu mã:bao bì. mẫu. ma.  dep.  dong.   gói.   chac.   chan. Hương vị:thom ngon. gion. béo,0,0,True,0.9914729534677225,0.008527046532278431
1279,"Máy xài khá tốt so với giá tiền. Máy mạnh không quá nóng sấy tóc chưa tới vài phút là khô rồi. Đóng gói kỹ càng, giao hàng nhanh.",0,0,True,0.9765220730784492,0.02347792692154946
1280,Đặt từ 21/12 âm lịch mà 9/1 mới giao. Ko có hộp,1,1,True,0.02583472605306968,0.9741652739469313
1281,sản phẩm có mùi thơm nhẹ nhàng trên da màu sắc bắt mắt sử dụng để peel,0,0,True,0.9945843142714539,0.00541568572854464
1282,"Công dụng:Tay trang Độ bền màu:ko  Nước tẩy trang dễ dùng cho mọi loại da, giá bình dân, mình hay dùng hằng ngày rất tiện. Ko makeup gì thì cũng phải dùng nước tẩy trang này để yên tâm da mặt sạch.",0,0,True,0.980525339349479,0.019474660650523074
1283,"Bao bì:đóng gói thấy gớm  Giá hợp lý,,, nhưng mình mua để tặng bạn gái mà cá hợp tơi tả,,, khui ra hết hồn,,, cứ nghĩ đồ củ sài ròi ko á",1,1,True,0.008547678381114202,0.9914523216188867
1284,Trên phân loại có quà nhưng khi nhận lại k có,1,1,True,0.0042543410578318105,0.9957456589421696
1285,dù mình là đứa dễ mồm rồi mà cái sữa này vị socola nhưng mặn mặn chua chua rất khó uống,1,1,True,0.02076528549903759,0.9792347145009617
1286,Kinh nghiệm sử dụng:thường xuyên Bao bì:đẹp Lợi ích:ok  Dầu gội thảo dược mình đã sử dụng đến chai thứ 3 chất lượng tốt thơm dịu nhẹ,0,0,True,0.9996135975561466,0.00038640244385023526
1287,Đã sử dụng nên giờ mới đánh giá.  Mình thực sự nghi ngờ khi mua đồ gia dụng hay mỹ phẩm trên shopee mặc dù mua từ mall nhưng hàng sử dụng thấy chất lượng k giống như mua ngoài cửa hàng. Tóc rụng khủng khiếp nên phải dừng sử dụng ngay. Trong khi cùng hãng mua ngoài siêu thị thì hoàn toàn không bị. Chừa,1,1,True,0.019205189237443507,0.9807948107625614
1288,Công dụng:dưỡng tóc Mùi hương:thơm  Bao bì đẹp thơm nha không bếch như lời đồn dưỡng tóc ok mua được tặng chai nhỏ nên mua nha mọi người,0,0,True,0.9971353400809525,0.002864659919045608
1289,"Hương thơm:chưa dùng Mẹo:không có Bao bì:bình thường  Thấy bảo mua 1 tặng 1 mà khui ra không thấy quà tặng, nhắn tin với người bán không thấy phản hồi, cho shop 1 sao thôi vì cái thái độ phục vụ không được",1,1,True,0.00028709697145955584,0.9997129030285375
1290,Mùi hương:thơm  Mua deal tặng gửi hang k tặng quà,1,1,True,0.04395285800460576,0.9560471419953925
1291,"Mình săn được giá rẻ, nên mình  mua thui. Mà shipper k thân thiện tẹo nào cả",0,0,True,0.900666822909503,0.0993331770904981
1292,"Gói hàng cẩn thận, giao hàng nhanh, máy hoạt động tốt, không rõ có bền không",0,0,True,0.9473768454650298,0.05262315453497277
1293,Chất lượng kém.  Nhận hàng ngày 02/12 dùng xịt đúng 1 lần. Hôm nay ngày 11/12 mở ra để xịt lần thứ 2 thì hết sạch. Xịt ko ra 1 tí gì.,1,1,True,0.015755531672686656,0.9842444683273143
1294,Bao bì/Mẫu mã:xấu rách  Giao hàng lâu đã vậy hàng còn bị móp méo. Nhìn khá là cũ ko như hộp nhà còn. Khui ra mình cứ nghĩ mình đã mua nhầm hàng giả luôn ấy,1,1,True,0.0023684335183530177,0.9976315664816484
1295,"Cấp ẩm:cap am tot Kết cấu:min Hương thơm:huong kem  nen mua nha moi nguoi, ne thu va trai nghiệm sản phẩm này , tui đã mua lại 3-4 lần rồi",0,0,True,0.9959516174844079,0.004048382515595595
1296,Độ tuổi sử dụng:sua  Kêu tặng quà r quà tặng đâu v ??? Để chỗ nào mà có mỗi hộp sữa là sao . Không có thì đừng để lên chứ để chi v shop ?,1,1,True,0.0006466896269483847,0.9993533103730484
1297,Mẹo:máy yếu gió yếu không sử dụng cho tiệm cắt tóc dc,1,1,True,0.14997136170966022,0.8500286382903415
1298,"Độ tuổi sử dụng:duong am Chất lượng sản phẩm:oke  thơm lắm nha, thấy review nên mua về dưỡng ẩm thử xem.",0,0,True,0.9988309456104384,0.0011690543895637852
1299,Sp có quà tặng kèm mà shop k gửi 😡,1,1,True,0.001988197541410022,0.9980118024585902
1300,"Chăm sóc khách hàng tệ hại nhất nhì trong các hãng sữa mình từng mua qua. Tư vấn vòng vèo, lươn lẹo.",1,1,True,0.0018900753638776805,0.9981099246361202
1301,"Shop giao hàng nhanh, đóng gói cẩn thận, giá cả hợp lý, dùng rất ok, đáng mua nha",0,0,True,0.999417293422488,0.0005827065775131003
1302,chất lượng sản phẩm tuyệt vời đóng gói sản phẩm chắc chắn sản phẩm rất đẹp chất mịn,0,0,True,0.9997092193019999,0.00029078069800044095
1303,Chất lượng sản phẩm:ok Bao bì/Mẫu mã:đẹp Độ tuổi sử dụng:2-6 tuổi  Ok lắm nha. Cảm ơn shop nhiều nha,0,0,True,0.9990143731906374,0.000985626809365713
1304,"Ok lắm nhaaaa tui sử dụng thì ổn đấy, tạo bọt nhiều. Nói chung giá tui săn ổn áp, sạch nữa.",0,0,True,0.9556335675733076,0.0443664324266888
1305,"Mới test thử thấy ok lắm, âm thanh êm, to rõ, còn lâu dài như nào thì chưa biết nhưng trc mắt thấy là rẻ ngon vô cùng",0,0,True,0.8814392139732479,0.11856078602675472
1306,"Chất lượng sản phẩm:ko ổn  Hình ảnh mang tính chất minh hoạ để nhận xu, uống 3 lần đều bị đi phân lỏng, sữa pha ra ko tan có các hạt trắng li ti",1,0,False,0.6923841633449913,0.3076158366550096
1307,"Khong có sơ rum, chán. Qua tic tóc mua cho khoẻ",1,1,True,0.15513014502877354,0.8448698549712266
1308,Chất liệu:ddusng Đúng với mô tả:giao nhanh Màu sắc:vải  Nên mua nhé mọi người mình k có mẫu chụp r rẻ đẹp hhehe,0,0,True,0.9978134978176989,0.00218650218229833
1309,"nhận hàng rất thất vọng, mình mua trên live của chị Lucie nhưng không ngờ hàng nhận về lại ntn. Đồ mình như hàng tồn kho vậy, không hộp, không bao bì, đã thế còn mốc, bẩn, vỏ bị bẩn không rửa trôi được. Cực kì buồn khi mình đã nt cho shop nhưng shop ko có phản hồi hồi nào cho việc này, mình chỉ nhận được các tn tự động của hệ thống",1,1,True,5.027896596909449e-05,0.9999497210340305
1310,"không nhận dc sản phẩm tặng, sản phẩm thì bị bể, khiếu nại thì ráng kéo dài thời gian, lần đầu cũng như lần cuối mua shop này",1,1,True,0.00047646487241153685,0.9995235351275884
1311,"Nhắn hủy nhưng shop k cho hủy, shiper thì tự giao k gọi trước, cuối cùng vẫn phải nhận hàng",1,1,True,0.0004238548095766049,0.9995761451904265
1312,"Shop đóng gói rất sơ xài, ko bọc chống sốc gì luôn, mở hộp ra thì nắp lọ kem ủ đã bị mở, ko có seal gì luôn? Hên là ko bị đổ. Chứ shop đóng gói rất sơ xài, chắc ko dám mua lần sau",1,1,True,0.0003978990853697152,0.9996021009146283
1313,Bao bì/Mẫu mã:ko móp mếu Hương vị:ko ngon lắm  Shop giao hàng nhanh. Đóng gói cẩn thận. Con mình thích uống sữa tươi ít đường dạng hộp. Mình tưởng loại này cũng giống như dạng hộp nên mình mua. Ko ngờ mùi vị tệ. Ít đường nhưng quá ngọt. Sữa ko béo như sữa tươi,1,0,False,0.7292513199278258,0.27074868007216846
1314,hàng đẹp thời gian giao hàng nhanh chóng sẽ tiếp tục ủng hộ vào lần tới nhé,0,0,True,0.9997165719564266,0.0002834280435755724
1315,"Siêu chuẩn vị, shop timh tế, mãi yêu shop, sẽ mua lại tỉ tủ lần. Shop chân ái của tuii",0,0,True,0.7697590398150764,0.23024096018492368
1316,Đã nhận đc hàng. Shiper ok. Chất lượng thì phải đợi dùng mới biết đc. Hy vọng ổn.,0,0,True,0.9534964649863045,0.046503535013696376
1317,"k tặng nước tt, tn k phản hồi",1,1,True,0.02331462398237364,0.9766853760176263
1318,"Giao hàng nhanh nhưng nhận dk hàng bị vỡ 1 bịch, ngấm ướt tùm lum, hôi mù luôn",1,1,True,0.0013557371880776072,0.9986442628119232
1319,"Màu sắc:mau son lên tự nhiên Kết cấu:son min dễ phối đồ Hiệu ứng làm đẹp:hieu ứng căng mọng, màu D06  Dễ trôi",0,0,True,0.914729729807986,0.08527027019201538
1320,Sp tốt date mới giao hàng nhanh nhân viên tv nhiệt tình sẽ ủng hộ tiếp khi có nhu cầu!,0,0,True,0.9982863336159306,0.0017136663840668811
1321,"Kinh nghiệm sử dụng:ok Làm đẹp:ok Lợi ích:ok  Hàng đóng gói rất đẹp. Quả nhiên người bán đã gửi gắm rất nhiều tâm tư và tình cảm trong lúc gói hàng. Hộp không có dấu hiệu bị móp, chứng tỏ bộ phận vận chuyển đã nâng như nâng trứng, hứng như hứng hoa. Xin nghiêng mình cảm ơn vì tất cả.",0,0,True,0.5660072577455043,0.43399274225449613
1322,"Dầu gội siêu thơm, lưu hương lâu. Về giảm gãy rụng thì mình sử dụng chưa đánh giá được. Quá trình vận chuyển có bị đổ ra chút",0,0,True,0.8582227924564665,0.1417772075435321
1323,Mn mua bấm vào chọn cẩn thận mua tặng kèm nhưng K có đâu,1,1,True,0.07485826030667937,0.9251417396933237
1324,Dưỡng ẩm:okk Căng bóng:10/10 Xịt khoáng:tia mịn  mình rất là thích nha  tuy nhiên bn nào da tối màu da oliu chắc chắn là k sáng màu hay làm đều nha tuy nhiêm cấp ẩm rất ok nên mua vì độ tiện lợi,0,0,True,0.9939318473813459,0.006068152618657012
1325,"Hộp phấn không có miếng seal nên phấn đổ ra đầy hộp, nói 8g chứ đổ ra chắc hết phân nửa hộp. Đóng gói xấu tệ. Không mua lại.",1,1,True,0.002221509085470048,0.9977784909145291
1326,Hương vị:bình thường Bao bì/Mẫu mã:ônr  Ngày sản xuất tận 29/4 đến nay 11/11gần hết hạn vẫn giao cho khách .ăn liệu đảm bảo sk k ạ,1,1,True,0.007308665692675161,0.9926913343073269
1327,"miếng mút mềm lắm, dùng thích, mua được qua kol cũng rẻ nữa, nên dùng nhé ạ",0,0,True,0.9965312621284224,0.0034687378715749966
1328,"Hàng được bọc không cẩn thận, gói sữa bị xì bên trong, ướt hết từ thùng đến gói sữa",1,1,True,0.0013259235089152176,0.9986740764910852
1329,Hương thơm:tot Lợi ích:tot Bao bì:tot  Ncl oke la cảm ơn spp nh nhe Cảm lưn sop  Oke nha tot Giao hna nhanh  Ca mơn jfjf,0,0,True,0.9974230563625198,0.0025769436374799377
1330,Hộp sữa như này mà gửi cho mình. Không hài lòng chút nào,1,1,True,0.0007730127951062267,0.999226987204895
1331,Mua 11/11 giá bằng ngày thường mà gửi thiếu quà,1,1,True,0.004209108933490448,0.9957908910665109
1332,Hương thơm:mua 1 tặng 1 mà sao có 1 chai gội đầu vậy,1,1,True,0.054967076201191324,0.9450329237988102
1333,"Cover chất liệu cứng, tháo ra vệ sinh rất khó, trầy đt và nứt luôn cover",1,1,True,0.05178203452193864,0.9482179654780597
1334,"Giao hàng nhanh, shipper thân thiện, ưng ý lắm nha, có dịp sẽ ủng hộ thêm",0,0,True,0.9999870643770444,1.2935622958638873e-05
1335,"Dùng thích mùi thơm mua lại nhiều lần. Rồi sẽ ủng hộ thêm nhiều lần, khôgng thấy quà tặng",1,0,False,0.9988521061108468,0.0011478938891515853
1336,Sữa bị bục mất 4 bịch,1,1,True,0.005186494967698157,0.9948135050323034
1337,"Đóng gói kĩ càng, chắc chắn. Mình dùng thấy da cũng gọi là trộm vía, săn sale nên được giá hời. Nên mua nha mọi người",0,0,True,0.9995264683346433,0.0004735316653588752
1338,"Sữa ngon thơm béo, con trai mình rất là thích luôn, ngày nào cũng uống mấy bịch",0,0,True,0.9336974140762307,0.06630258592376678
1339,Shop nhiệt tình nhắn tin nhanh Gửi hàng cho mình cực sớm luôn Lần sau mình ghé lại,0,1,False,0.446641927893985,0.5533580721060178
1340,"Mua lần 2 đóng gói ko cẩn thận, họp móp méo",1,1,True,0.15797856899653673,0.8420214310034644
1341,phấn đổ hết ra ngoài luôn  nhinf phát chán :)))))) không biết nói gì luôn,1,1,True,0.0030046343387971934,0.9969953656612028
1342,Giao hàng nhanh siêu tốc luôn,0,0,True,0.960295527177212,0.0397044728227865
1343,"video và ảnh k lquan, tại mình ngại chụp. sp ok nha. mọi ng nên mua nhá. rất tốt.",0,0,True,0.9852892729470679,0.014710727052929038
1344,"Kinh nghiệm sử dụng:kh bt Mẹo:kh bt Bao bì:kh bt  Sản phẩm tốt, giao hàng nhanh, hình ảnh và video mang tính nhận xu",0,0,True,0.9883688281875486,0.011631171812449898
1345,"hãng lớn mà đóng gói sơ sài không chịu được,nhận gói hàng không vui nổi luôn :)))",1,1,True,0.001232613777029167,0.9987673862229736
1346,"Bao bì cũ kỹ, nhàu nát, các góc cạnh móp méo, chưa kê đáy hộp có dấu hiệu dán băng keo. Bao bì mất seal. Mình đã mua của shop trên dưới 10 lần, sau lần này có lẽ sẽ không tiếp tục ủng hộ.  - Sản phẩm là sữa bột dành cho bé nhỏ nhưng kiểm soát chất lượng như thế này là không thể chấp nhận",1,1,True,0.0013910792934864029,0.9986089207065177
1347,Khui ra như bị dùng rồi ý nhể,1,1,True,0.003945386536575729,0.9960546134634247
1348,"Công dụng:serum Dành cho da:moi loai da Mùi hương:khong mui  đã dùng nhiều lần. đợt này thấy quảng cáo loại 8% mua, shop lại gửi 1%, quên ko quay khi mở. đánh giá 1 sao",1,0,False,0.872334875593779,0.12766512440621935
1349,"Đóng gói hàng chắc chắn ko bị móp méo , giao hàng nhanh",0,0,True,0.6492655535983622,0.3507344464016365
1350,"Chất liệu:êm ái Màu sắc:ôk Kích cỡ:vừa  Sản phẩm ok, chăm sóc khách hàng tốt   郭光明郭光明郭光明郭光明郭光明郭光明郭光明郭光明郭光明郭光明郭光明",0,0,True,0.91108745717582,0.0889125428241785
1351,Xịt lên vẫn bết k như quảng cáo,1,1,True,0.014196512220168656,0.985803487779831
1352,"Kiểm soát dầu:tóc bết dã man bết Làm sạch:công ty coi lại công thức với ạ, sp mới mà xài chán ơi là chán, tóc mau bết, mau ngứa, mua xong xài vài lần phần còn lại để đó ngó",1,1,True,0.12561255301295096,0.8743874469870506
1353,Bao bì:1thùng bị thiếu 1 vỉ . thùng tự dính lại băng dính ko nguyên vẹn,1,1,True,0.004507456096277895,0.9954925439037215
1354,"Mua rất nhiều sản phẩm của shop rùi nhưng lần này thất vọng thật sự, đơn hàng 3 món thì ok nhé mn, nhưng dc tặng 1 chai dầu gội nhỏ thì khi mình nhận đã bị chảy và ướt hết cả ra thùng carton,nhưng nt cho shop nói giải quyết nhưng 3 tuần ko có hồi âm,nên thui vậy.",1,1,True,0.00019207667448108593,0.9998079233255208
1355,Có hàng tặng quá trời mua cũng chưa dùng hàng tặng mới dùng kem này rất ok ổn áp,0,1,False,0.4544964354830785,0.5455035645169188
1356,"Độ tuổi sử dụng:17  Kem rất thơm, thấm vào da rất nhanh , sẽ mua lại vào lần sau  Kem chống nẻ",0,0,True,0.9939224052574656,0.006077594742534317
1357,"Độ bền:hanfg như fake ko dán đc Chống bụi:chưa dán vào đã dính hẳn vào khung ko dán được vào đt Khả năng dán:ko dans được đưngf mua  Shop bán hàng vừa mắc vừa dỏm ko dùng dc, ko hỗ trợ KH",1,1,True,0.007356056859277261,0.9926439431407247
1358,Nhận hàng sữa bị thủng chảy ra thùng,1,1,True,0.0019079024862689873,0.9980920975137294
1359,"Làm đẹp:cham soc toc Hương thơm:thom Kinh nghiệm sử dụng:xài hai tuan roi, kieu thom nhe nhang, lam toc mem oke a nen xai",0,0,True,0.9931611859754199,0.0068388140245805714
1360,"Chất lượng sản phẩm:Kem dưỡng da em bé  Sử dụng tốt lắm nha dùng xong da không khô nữa, mùi thơm",0,0,True,0.9982459326326626,0.0017540673673355981
1361,"Công dụng:chuẩn Mùi hương:CLASSICAL  Giao hàng nhanh, đóng gói kĩ, mùi rất thơm🌞🌞",0,0,True,0.9979413914018898,0.0020586085981088163
1362,"Bao bì/Mẫu mã:đóng gói tệ Hương vị:ổn  Lúc nhận về rất thất vọng vì đóng gói bị bể sữa bên trong, vì thấy tội Shipbơ lên mình mới nhận . Chứ sữa vỡ tràm ra nhìn không muốn nhận rồi",1,1,True,0.00015045208669456635,0.999849547913305
1363,"Sản phẩm sử dụng tốt, hữu dụng, dễ dàng sử dụng . Nên mua nha mọi người",0,0,True,0.997375260235876,0.0026247397641242665
1364,Quà tặng sai sự thật !!!,1,1,True,0.012631780581658656,0.9873682194183415
1365,giao hàng rất nhanh đóng gói cẩn thận giá rẻ mà hàng rất chất lượng,0,0,True,0.9932772853167137,0.006722714683283518
1366,Giao hàng nhanh giá rẻ chất lượng tốt so với giá thành sẽ mua thêm,0,0,True,0.9996228407268386,0.0003771592731635806
1367,"Hk biết làm nên hư 1 cái, đã vậy còn dở tiếng anh nữa chớ, nhưng mà hàng đẹp",0,1,False,0.1540794223459594,0.8459205776540404
1368,Mùi hương:yen mach Chất lượng sản phẩm:diu nhe Đối tượng sử dụng:moi lua tuoi  ￼Combo 3 Sữa tắm Johnson's Baby Chứa Sữa Gạo/Yến Mạch Dung tích 1000ml/chai  ￼Combo 3 Sữa tắm Johnson's Baby Chứa Sữa Gạo/Yến Mạch Dung tích 1000ml/chai  Thơm dịu nhẹ nên mua ạ,0,0,True,0.9944869382059179,0.00551306179408079
1369,Mua 2 sản phẩm nhưng không nhận được quà tặng như trên link. Nt shop không phản hồi.,1,1,True,0.0004059027077922516,0.9995940972922099
1370,"Shop gioa hàng nhanh , giá tốt có kèm quà tặng , hàng xài ok nên mua",0,0,True,0.9329705222502122,0.0670294777497849
1371,Hàng ok. Nếu sau có cơ hội sẽ dùng tiếp sản phẩm. Đóng gói ok. Ko bị móp méo,0,0,True,0.9002879382045582,0.09971206179543997
1372,Hình ảnh và clip chỉ mang tính chất nhận xu. Máy sấy mạnh. Săn sale chỉ có 104k kkk qá rẻ luôn á. Sấy mạnh lắm mau khô nữa nneen mua nha mn,0,0,True,0.9985145008002008,0.00148549919979634
1373,"[Shop đào lửa] mọi người cân nhắc khi mua hàng.  Dưới đây là Trải nghiệm của mình  - 7/7 mình săn 1 bộ mỹ phẩm bên này gồm 7-8 sản phẩm -Giao hàng trễ, giao THIẾU serum + kcn+1 quà tặng đã thế đóng hàng không cẩn thận... -Liên hệ lại thì nhãn hàng đá bóng đẩy TN qua sàn, liên hệ shipper SP thì bạn này kiểm tra đóng gói, vận chuyển SP hoàn về... -Tuy nhiên bên sàn từ chối khiếu nại ,thông báo do bên bán có bằng chứng về việc đưa tận tay đến mình đủ sản phẩm, nhưng khi yêu cầu bno đưa ra bằng chứng đề cập đến quyết định xử lý này thì  không cung cấp lại, tránh né và đẩy lý do sang hướng khác hàng bóc seal méo (phần này phải check lại bên shipper đóng gói vận chuyển hàng hoàn chứ) ...ba chấm thực sự (xử lý khiếu lại 3 tuần trời đến) Bao che nhau, lừa lấy tiền người tiêu dùng, nhãn hàng này nên bị TẨY CHAY, bên shoppee cũng nên xem lại cách xử lý khiếu nại, các bạn không cung cấp được bằng chứng bên các bạn đang làm đúng đủ đến cho ng mua => Kết quả cuối cùng  là mình vẫn phải nhận lại bộ sản phẩm thiếu (lại còn làm vỡ tùm lum không như lúc mình đưa lại cho ship hoàn)và shop vẫn lấy toàn bộ đơn hàng của mình Tiền mất coi như của bố thí , mất vì mình  quá tin tưởng shoppee mall, đã k cảnh giác với chiêu trò lừa đảo trực tiếp như vây  MỌI NGƯỜI NÊN CẢNH GIÁC VỚI SHOP NÀY, để có thể bảo vệ được quyền lợi của mình. shop mall mà làm việc vớ vẩn, Shop đào lửa trên sàn Cam  Không thể nào thông cảm nổi, xin phép cho shop và sàn ra chuồng 🐔 bye:)) Đọc 1 sao thấy có bạn cũng gặp trường hợp kiểu như mình:))))))))))))",1,1,True,4.936183204943494e-07,0.9999995063816779
1374,"Bao bì/Mẫu mã:đẹp Hương vị:nhiều vị  Giao hàng nhanh, đúng đủ số lượng. Hạt ăn ngon, phù hợp mùa lạnh, mng nên mua.",0,0,True,0.9986409020443315,0.0013590979556672691
1375,"The worst experience ever. Contacted them the day I recieved my order with the broken bottle. Only once did someone try coming to pick up the bottle where I couldnt go down because of my baby and after that no more attempts. They had told me to check online what time they were going to come pick it up but it only showed that they were out 2 hours before i got a call that they were downstairs, what if i wasnt home? After numerous messages back and forth and almost 3 weeks later, i told them i'll just keep the product and put into another bottle but that they should reimburse me somehow for the trouble but i get a message days later thanking me for understanding.  I never write a negative review but this left a sour taste and i expected better from such a big brand.",1,0,False,0.7291612517644841,0.2708387482355163
1376,"Serum chăm sóc tóc tại nhà, mùi thơm, mềm tóc, chai thuỷ tinh đẹp mắt. Mua deal sốc, tặng 01 ủ tóc minisize.  Có bọc chống sốc nhưng không có chốt an toàn ở vòi pump.",0,0,True,0.7043487798071245,0.29565122019287343
1377,"Giao hàng ko có quà tặng gì hết vậy mà shop đăng quảng cáo mua 1 tặng 1 ,mã QR ko vào xem được ko biết là hàng giả hay thật nữa á",1,1,True,4.865488128687753e-05,0.999951345118711
1378,Mẹo:tệ Kinh nghiệm sử dụng:tệ Bao bì:tệ  tệ,1,1,True,0.03407374185460224,0.9659262581453971
1379,Bao bì:đẹpp Làm đẹp:ok Kinh nghiệm sử dụng:k  Giao nhanh săn sale đc khá hờiiii nói chg rât  iu trời ơi noz thơm noz mềm nó bóng mượt điên ln Á quá trơi r đỉnh lm ln lên mua đi K hối hận đâu T ủ có 3 lần mà h K buộc đc toc ln 1000₫₫,0,0,True,0.8538296453043496,0.14617035469565076
1380,"Đặt hôm qua hôm nay đã nhận đc hàng. Rất là đẹp luôn, chíu chíu, cầm nặng tay lắm Được tặng thêm gương rất xinh và chai serum nhỏ  Cập nhật: dùng thêm chai nước dưỡng thấy ẩm hơn hẳn luôn á mng. Rất là nên mua nha",0,0,True,0.9843519626950232,0.015648037304978695
1381,"Sản phảm kém chất lượng, trầy xước nhiều khi chưa sử dụng, sp là mặt hàng khó kiểm tra kỹ nên việc sâm soi là bất khả thi chỉ có dán lên dt mới thấy được lỗi ( có lẽ vậy nên mới có loại không hộp để treo đầu d.ê bán thịt tr.ó) Khách hàng là người tiêu dùng mang lại doanh thu, shop nên học lại nguyên tắc củng như đạo đức nghề nghiệp, cái khách hàng muốn không phải là trả hàng hoàn tiền mà là thái độ thiện chí niềm nở giải quyết 1 cách dễ thương cho khách hàng. Lớn rồi khó bảo lắm nói nhiêu đó thôi mong shop hiểu!",1,1,True,4.399132968428902e-05,0.9999560086703113
1382,Xài 1 hôm da bị kích ứng k kiềm dầu như quảng cáo. Thất vọng,1,1,True,0.029039321170741855,0.9709606788292564
1383,Giao hàng thiếu một gói chưa được một tháng mua 3combo là 99 gói đợt trước đặc hai combo 66goi có hai gói bị lỗi trông rồng rất nhiều chuyên này giao có 32 goi thiếu một,1,1,True,0.002777688336568532,0.9972223116634309
1384,"Giao hàng nhanh, đầy đủ, đúng phân loại hàng, che tên đàng hoàng luôn =)), nếu sử dụng tốt sẽ quay lại ủng hộ shop",0,0,True,0.9965387190624151,0.0034612809375883236
1385,Săn trên live 11/11 của c hannah olala có kèm quà mà shop gửi chậm lại còn k kèm quà.rất tệ,1,1,True,0.0039111302707903394,0.9960888697292073
1386,"siêu tệ luôn ý, giữ chặt xong vẫn rút cả kính. cuối vẫn phải tự gỡ lớp bóng ra tự dán :)) là bộ tự dán dữ chưa :))) chả biết hàng giả hay sao",1,1,True,0.0021057318549804463,0.9978942681450174
1387,"Sản phẩm tốt, hài lòng khi mua Xứng đáng với giá tiền bỏ ra, rất yêu thích Sẽ quay lại mua và ủng hộ shop",0,0,True,0.9473297361875327,0.05267026381246762
1388,"Bao bì:như hình Hương thơm:nhẹ, hầu như không ngửi thấy Lợi ích:làm sáng, dưỡng ẩm oke  Lỏng, dễ thấm, tốt. Quá tốt để mua",0,0,True,0.9939666850477394,0.006033314952262375
1389,Giao k đúng mẫu đặc mẫu này giao mẫu kia,1,1,True,0.11117702939974522,0.8888229706002535
1390,"Mùi hương:thơm Chất lượng:tốt  giao hàng nhanh , dùng thường xuyên rất tốt, dùng hết sẽ ủng hộ nếu giá bên shop hợp lý.",0,0,True,0.9998553743249361,0.00014462567506082864
1391,Công dụng:ngăn ngừa gãy rụng Mùi hương:thơm thoang thoảng Dành cho tóc:bị rụng tóc nhiều  Tốt lắm nha,0,0,True,0.9908683133719827,0.009131686628015565
1392,Nói tặng quà balo mà ko tặng xong đỗ lỗi khách hàng,1,1,True,0.0009974821652403425,0.9990025178347604
1393,"Bao bì/Mẫu mã:đóng gói có túi xốp nhưng bộ phận giao hàng cực tệ, làm hỏng bao bì bên ngoài lẫn bên trong.",1,1,True,0.008878644453533289,0.9911213555464689
1394,"Giao sai sản phẩm, quy trình trả hàng, đổi hàng rắc rối, phiền khách hàng. Không được giải quyết trả hàng.",1,1,True,5.588459293806107e-05,0.9999441154070606
1395,"Bộ nước tẩy trang này khỏi phải bàn khỏi phải nói nhiều về độ tẩy sạch sâu của ẻm 😄 mình sài duy nhất 1 loại này là mình thấy ưng nhất trong tất cả các loại mình từng sài luôn â, có lớp dầu bên trong nên tẩy rất dễ dàng luôn, mua combo 2 chai giá siêu hời hơn là mua 1 chai lẻ hoặc 2 chai lẻ đó mọi người. Mọi người nên mua nhé, canh đợt flashsale mua cho có deal hời nè kkkkk, đóng gói chắc chắn, shop giao hàng siêu siêu nhanh luôn, sẽ ủng hộ shop ở những lần sau hihi Shop chính hãng moiknguoeif yên tâm nhé",0,0,True,0.9848897765334952,0.01511022346650992
1396,chất lượng sản phẩm phù hợp với giá tiền ổn áp nên mua nhaa mọi người,0,0,True,0.997826516241206,0.002173483758795158
1397,"Đóng gói sơ sài, vận chuyển sữa bị bục ra đổ sang các túi bốc mùi chua lòm ko biết còn sử dụng được không???",1,1,True,0.0007396236691963232,0.9992603763308071
1398,Hương vị:như binh thuongv Bao bì/Mẫu mã:bao bi bị ướt . do bể bịch sữa . chảy ướt hết. móp méo cả thùng  Mua lần đầu k sao. Mua lần 2 quá buồn,1,1,True,0.0009148569515168072,0.9990851430484816
1399,Đối tượng sử dụng:mọi lứa tuổi Chất lượng sản phẩm:oke Mùi hương:sữa gạo  Khá là oke mik mua dùm bạn nên cũng ko rõ nhưng thấy khá là oke á,0,0,True,0.9941292964062857,0.005870703593716173
1400,"Làm đẹp:mọi loại da Lợi ích:thấm nhanh, thơm Bao bì:đẹp  Trên hình ảnh ghi tặng khi nhận lại k có 2 sao",1,1,True,0.2985351403949633,0.7014648596050332
1401,"Săn sale giá hợp lý, đóng gói chắc chắn giao hàng nhanh, dùng để pha cafe",0,0,True,0.999638968071278,0.00036103192871887827
1402,"Độ tuổi sử dụng:6thang Bao bì/Mẫu mã:dep Chất lượng sản phẩm:dung chât lượng  Đóng goi cẩn thận , giao nhanh và không bi móp méo.",0,0,True,0.9953647434181594,0.0046352565818395365
1403,"Mình uống hơn nửa hộp mới phát hiện ra là sữa pha xong, để hơn 30' sẽ bị chuyển màu xám đen rất ghê. Mình pha theo đúng như hướng dẫn trên vỏ hộp.  Mình lo lắng lý do sao sữa chuyển màu, có bị ảnh hưởng đến mẹ và bé không, nhắn tin hỏi hãng thì không được trả lời.  2 hình trên: ly mà màu sữa còn nâu nhạt là mình mới pha xong uống ngay, ly mà sữa màu đen là mình để hơn 30'.",1,1,True,0.0034858238653330082,0.9965141761346634
1404,Dưỡng ẩm:Sản phẩm dưỡng ẩm tốt Căng bóng:Da tôi căng bóng hơn sau mỗi lần xịt Xịt khoáng:Hình ảnh chỉ mang tính chất nhận xu  Siêu hời nha mọi người mình mua rẻ mà còn tặng thêm refill của tober pad nx,0,0,True,0.9993278601427191,0.0006721398572783921
1405,Thắc mắc không phản hồi,1,1,True,0.012336731685446583,0.987663268314554
1406,Để anh rảnh mua một tặng một mà không thấy tặng vậy shop như vậy là lừa gạt phải không shop,1,1,True,0.0005653859034327449,0.9994346140965702
1407,Nước giặt k thơm . K có bọt. Hình ảnh mang tính nhận xu. Giao hàng nhanh,1,0,False,0.9755949717121243,0.024405028287874764
1408,Bao bì/Mẫu mã:khá đẹp Công dụng:sấy tocd  Máy sấy này già thành rẻ nhưng sấy cũng lhas ok nhưng mà mức sấy trên ko nóng lắm chỉ ấm nhẹ thôi điều đó làm sâyd tóc lâu khô hơn hẳn,0,0,True,0.9155152068842952,0.08448479311570606
1409,Hương vị:sua thom ngot de uong Kiểu dáng:bai bi đẹp đóng gói cẩn thân Chất lượng:bo sung canxi dinh dưỡng,0,0,True,0.9950659757691398,0.0049340242308614545
1410,"Khi đặt thấy note mua 1 tặng 2 ( tặng 1 lọ nhỏ và 1 túi nhỏ kem dưỡng), khi nhận thì chỉ có chai dầu gội mà k thấy hàng tặng đâu , khi hỏi thì shop bảo chưa thực hiện đúng thao tác để nhận quà, mà trong khi đó lúc đặt hàng có thấy thao tác gì hiện ra để thực hiện nhận quà đâu, có mỗi thêm sp vào giỏ hàng và chọn mua rồi thanh toán, chả hiện thao tác gì là phải ấn ntn hay ấn vào đâu để nhận quà, hình ảnh thì ghi rõ mua 1 tặng 2. Làm ăn kiểu bố láo lừa gạt ng khác vậy là k tốt",1,1,True,2.564301260272911e-06,0.999997435698736
1411,"Mùi hương:thom Công dụng:chống nắng Dành cho da:dầu mụn  Ổn áp lắm nha, mới đặt hôm qua mà nay giao rồi, với giá này thì quá ok lun á, nên mua nha. Sẽ mua lại lần sau nựa",0,0,True,0.9997166877831094,0.0002833122168938785
1412,Hàng giả nhe. Suc vô nhớt nhợt... Xong ti rua tay cai nhu xà bông luon... Sưc ko thắm j het tốn gan 200 quá tệ,1,1,True,0.042600763882854324,0.9573992361171458
1413,"Shipper báo trêp ap là 10h29 giao nhưng hẹn 13 giờ mới gửi, tới nơi giao hàng k có người nhận để tạm khu vực bờ tường, tới lúc mình nhận hàng thì không còn nữa. Xem như mất tiền cho đơn này mà không nhận được hàng, một trải nghiệm mua hàng tồi tệ",1,1,True,0.00021888526703433729,0.999781114732969
1414,"Trong quảng cáo đơn hàng mua 3 sp tặng ngay 1 sp, khi tôi đặt xong cũng có chat hỏi thêm hỗ trợ từ người bán nhưng ngoài trả lời tự động thì ko có bất kỳ 1 phản hồi cụ thể nào khác. Tôi muốn hủy đơn hàng đặt thì người bán hàng cũng không chấp nhận. Khi tôi nhận hàng thì không có sản phẩm khuyến mãi như trong quảng cáo.",1,1,True,3.240713512660191e-05,0.99996759286488
1415,"Bao bì/Mẫu mã:rách, bong tróc, thùng sữa móp méo, xẹp  Sản phẩm là sữa cho trẻ em, mà các bạn đóng gói để rách bao bì, hộp thì kiểu như để lâu ngày móp xẹp tùm lum, lon thì bị móp. Không rõ sản phẩm có được bảo quản tốt không, nếu trẻ em uống vào thì có vấn đề gì không.",1,1,True,0.00018731356578686635,0.9998126864342133
1416,Bao bì/Mẫu mã:hộp có dâu hiệu bóp méo và bị rỉ set thất vọng nhé tuy hạn sd đến t10 mà bao bì tệ quá,1,1,True,0.002527670978315184,0.9974723290216844
1417,"Chất lượng sản phẩm:tốt Độ tuổi sử dụng:mọi người  Nhiều công dụng tốt cho sắc đẹp,lành tính,sale giá tốt,đã dùng nhiều năm",0,0,True,0.9997595516870543,0.00024044831294247829
1418,"Lưu hương thơm lâu,làm sạch tốt, gây ra gàu....",1,0,False,0.9860303141594584,0.013969685840543278
1419,"Chất lượng sản phẩm:tot Mùi hương:thơm Đối tượng sử dụng:trẻ em  Sữa tắm thơm,tắm xong da k bị khô.Mình mua rất n lần r",0,0,True,0.9960689302199333,0.003931069780063267
1420,"Okii laa, hình ảnh và video chỉ mang tính chất hạt nhài giải trí nhận xu thui ạ hì hì",0,0,True,0.9918495706554413,0.008150429344560731
1421,"Máy sấy tóc 2 chế độ, đặt giao đúng mẫu, đóng gói cẩn thận,  giao hàng nhanh",0,0,True,0.9891270790975095,0.010872920902488674
1422,Mới mở hàng nắp bung ra rồi rõ chưa hề làm j nha shop nhắn còn k hướng dẫn sửa làm phải lấy nắp của chai vàng mk mới dùng hết nắp vào,1,1,True,0.01026043227937917,0.9897395677206178
1423,"Đóng gói hàng ọp ẹp móp hết sp bên trong, 1 miếng chống sốc cũng không có",1,1,True,0.0007164750066279996,0.9992835249933707
1424,Dầu gội thơm dịu. Mới dùng thấy đỡ gàu. Shop gói hàng cẩn thận. Giao hàng nhanh. Mua sale giá tốt.,0,0,True,0.9976849015158271,0.002315098484171615
1425,"Dành cho da:đen Công dụng:làm trắng Mùi hương:thơm  Giao hàng nhanh. Đúng sản phẩm. Mịn da, trắng da, căng bóng. Sẽ ủng hộ thêm. Hình ảnh chỉ mang tính chất nhận xu",0,0,True,0.9999969445080905,3.055491908312474e-06
1426,"Bao bì/Mẫu mã:đã thay đổi, nắp màu đồng không còn chữ trên nắp. Mẫu mã được. Chất lượng sản phẩm:thơm, bé thích uống Độ tuổi sử dụng:30 tháng  Về shop: mua lần thứ 2.  Về sản phẩm: mua hàng tại shop lần thứ 2.  Mua T5/2024, NXS T10/2023, date: 01/5/2025.   Đóng gói: thùng carton, có bao bong bóng chống sốc nhưng 01 lon bị bung nắp. Thấy vài review về vấn đề này của shop, lần này mình là nạn nhân. Đã liên hệ shop và shop hướng dẫn ngay cách trả hàng hoàn tiền nhưng thấy quy trình tốn thời gian và phải trả luôn lon nguyên vẹn trong khi đang cần nên chấp nhận nhận hàng luôn. Mặc dù shop giải thích do kho và vận chuyển Shopee nhưng vẫn đánh giá 2 sao cho shop liên quan sự cố này vì hàng hoá của shop thì shop phải có trách nhiệm chính trong việc đảm bảo khâu phân phối, vận chuyển.  Vận chuyển: loại Nhanh của SPX Express. 12AM đặt hàng, 11AM ngày hôm sau nhận hàng tại Tp.HCM.",1,1,True,1.5283800121148643e-05,0.9999847161998753
1427,"Shop giao đúng hàng, đúng mã, giao nhanh chóng luôn. Mình săn live dc giá 79k hịii. Size dép chuẩn",0,0,True,0.9864756087576729,0.013524391242323814
1428,"Mịn:đóng gói không cẩn thận , hộp móp , phấn bên trong rơi vãi ra ngoài",1,1,True,0.016129435208254547,0.9838705647917426
1429,"Hộp bị rách,móp méo nhìn mất giá trị.",1,1,True,0.010503860128041956,0.9894961398719588
1430,"bao bì bẩn, giống như hàng tồn kho, nhắn tin vs shop nhưng shop đã chặn mình",1,1,True,0.007133200473184165,0.9928667995268181
1431,"Giao sai mẫu,hết hàng cũng kh báo.mua 2 lần r lần nào cũng sai",1,1,True,0.013195365329185605,0.9868046346708127
1432,"Hàng giao nhanh, đóng gói kĩ càng. mua đúng 11/11 nên giá siêu rẻ. đánh giá shop 5sao",0,0,True,0.9747400252352361,0.025259974764766414
1433,"Kính thì dễ dán, hiệu quả chống xước, trầy tốt, dán kính cường lực sẽ giảm độ nhạy cảm ứng nhma đối với kính của mình nó giảm độ nhạy nhiều khiến mình khá khó chịu. Mình có báo lại với shop nhưng mà shop thờ ơ khôn quan tâm Update mới bị úp mh xuống là bể luôn=)",1,1,True,0.1392380010693873,0.8607619989306184
1434,Hàng ship về nhanh đúng nhue ảnh sản phẩm đeph đầy đủ hàng đóng gói cẩn thận,0,0,True,0.9466468766584142,0.053353123341587046
1435,"Công dụng:hỗ trợ  bảo 1 tặng 1 duy nhất 28.6 mà nhận được có một hộp, shop lừa đảo. tôi sẽ không bao giờ mua bất cứ thứ gì. đồ lừa đảo",1,1,True,0.0008606213764143256,0.9991393786235833
1436,"giao thiếu hàng của mình, shop trả lời chậm",1,1,True,0.001974088234374169,0.9980259117656255
1437,Sao đơn hàng của mình không tặng kèm kem chống nắng nhỉ,1,1,True,0.032292086151307145,0.9677079138486917
1438,"Làm sạch:8/10 Hương thơm:mat me, thanh khiet Phù hợp với mọi loại da:dung  Trước dùng matcha tặng chai nhỏ muối hồng mới biết đến mùi này. Nay mua chai muối lớn lại có thêm muối nhỏ :v. Nhà U nên mix hàng tặng đủ mùi hơn để KH đc trải nghiệm mùi luôn.",0,0,True,0.9866494828736447,0.013350517126352447
1439,"Giao hàng nhanh. Nhưng không hài lòng vì dầu chảy tràn ra. Nắp vặn vỡ, những giấy bóng bao bên ngoài vẫn rất ok. Chứng tỏ vỡ nắp từ lúc làm xong. Ko hài lòng.",1,1,True,0.007653460192234539,0.992346539807765
1440,Shop để tặng quà .tới luc phải đúng thao tác bỏ giỏ hàng moi đuoc nhan .vay đung để tang .10nguoi mua nhu 1 k ai dc tag,1,1,True,0.0005123691462395123,0.999487630853757
1441,"serum thấm nhanh trên da, không gây bết dít, sáng da, mờ thâm giảm mụn, không mùi, ship nhanh",0,0,True,0.999246630810229,0.0007533691897741958
1442,Không có hàng khuyến mại!,1,1,True,0.024950838907389104,0.975049161092612
1443,"Chất lượng sản phẩm:TỆ  đơn 3tr5 đặt 5 hộp số 2 , shop chỉ giao 1 hộp và 1 đồ chơi. Trả hàng thì cả sàn cả shop không hỗ trợ, làm ăn lươn lẹo, cskh trả lời cho có. Dịch vụ quá tệ , không có lần sau nữa đâu. Mọi người mua hàng phải cẩn thận nhé !!!",1,1,True,1.4222857011121356e-05,0.9999857771429888
1444,Kinh nghiệm sử dụng:duoc Hương thơm:binh thuong Lợi ích:tam on  Giao hàng nhanh. Nhưng dạo này mình it mua shoppe lắm. Mã giảm rất ít. Nói chung là không ưng nữa,0,0,True,0.6053568158169772,0.39464318418302363
1445,"Hàng đúng số lượng. Vở đẹp, bút viết cũng đẹp. Hàng khuyến mãi đầy đủ. Shipper nhiệt tình",0,0,True,0.9744485372235941,0.02555146277640239
1446,"Quat the heooo, mua trong mall mà sao khi pha đúg liều lượng, khoáy đều mà sữa lại bị vón cục là saoooo😰",1,1,True,0.001681592252279692,0.9983184077477181
1447,"Gửi lần 1 hộp cũ rích, hộp xước hết Trả hàng Lần 2 cũng gửi hàng hộp cũ Quá tệ",1,1,True,0.001298597016932834,0.9987014029830679
1448,Tắm bao nhiêu loại rùi vẫn phải quay về mùi khổ qua này. Nó thơm thật sự mà lại trị mụn lưng nữa rất phù hợp với các loại da kể cả da nhạy cảm như mk,0,0,True,0.6562005405099508,0.34379945949005175
1449,Ốp bằng nhựa tưởng là silicon nên rất dễ trầy xước.,1,1,True,0.203131031919238,0.7968689680807646
1450,"Làm đẹp:trắng da Hương thơm:thơm  Hình ảnh mang tính chất nhận xu, sản phẩm dùng được, tốt, phù hợp, nên mua",0,0,True,0.999893203933864,0.0001067960661371476
1451,"Hàng này trôi nổi trên thị trường, quét mã vạch k ra thông tin sản phẩm",1,1,True,0.028204252335380875,0.971795747664622
1452,"Công dụng:chuwa thaays Mùi hương:thơm nhẹ  Lưu ý nha mng kem này rất kén người dùng luôn mịn thì mịn thật nma rất dễ kích ứng mình da hỗn hợp thiên dầu, da mình trước giờ chưa bị kích ứng bởi sp nào hết nma dùng loại này sau 5p mặt mình nóng ran và đỏ hết mặt đây bâyg m để bôi cổ không đây ạ nên lưu ý",1,0,False,0.9655722913188067,0.0344277086811973
1453,"Giao hàng ko đúng trên Live Hana Live mua 6 bông tẩy trang tặng 5gói khăn ướt cuối cùng mua xong nhận hàng ko có tặng, nhắn shop trả lời vòng vo nói đặt hàng ko đúng. Đặt từ link ghim sp mà bảo đặt ko đúng là sao lừa dối khách hàng.",1,1,True,4.3099002657174856e-05,0.9999569009973427
1454,Mình mới nhận mà bao bì đã bị bóc ra thế này rồi. Bọc hàng chán quá,1,1,True,0.00345911186688631,0.9965408881331171
1455,Chăm sóc khách hàng tệ,1,1,True,0.005654603344145683,0.994345396655855
1456,"Mẹo:k co Kinh nghiệm sử dụng:k co Bao bì:dep  Giao hàng nhanh, săn sale giá hời, mịn đẹp, được tặng thêm kem lót dưỡng",0,0,True,0.9969851608146745,0.003014839185325804
1457,Đóng gói sơ sài. Nhận hàng mà hộp giấy rách tùm lum. 2 tuýp kem cũng xô lệch miếng lót 1 nơi kem 1 nẻo,1,1,True,0.00021445252790294012,0.9997855474720959
1458,Đóng hàng chảy ra ngoài hết r,1,1,True,0.0036686610852068135,0.996331338914794
1459,"Mới unbox đã trầy xước 3 chỗ r, thà nhỏ kh nói, xước nguyên 1 vệt dài cực kì khó chịu và bực mình. Chưa biết giữ nhiệt ok kh nhưng trầy xước như v thì có xứng đáng số tiền bỏ ra kh? Mong sop làm ăn uy tín hơn kh thì dễ mất khách lắm nha",1,1,True,0.031188147576337717,0.9688118524236604
1460,Không có quà tặng mà shop nói shop oi dễ nghi shop bổ sung nha shop,1,1,True,0.025901633047140493,0.9740983669528575
1461,"1. Dịch vụ chăm sóc khách hàng quá tệ: hết người này tới người kia tiếp nhận thông tin nhưng mình chỉ nhận lại phản hồi là kêu chờ, shop bảo mình chờ trong vòng 48h làm việc!  2. Mình đặt hàng 19/7 và k được nhận quà km ( tuýt dưỡng ẩm 14g). Shop tl chương trình km áp dụng “duy nhất 20/7”. Mình có hỏi thông tin “duy nhất 20/7” đã update từ khi nào thì shop kêu mình chờ như trên.  Mang tiếng là Shopee Mall nhưng cách làm việc không thể khiến mình thất vọng hơn.  CHẮC CHẮN SẼ KHÔNG BAO GIỜ QUAY LẠI MUA HÀNG CỦA SHOP NÀY THÊM MỘT LẦN NÀO NỮA!!!",1,1,True,9.363375502792761e-06,0.999990636624499
1462,"shiper giao hàng nhanh, nhiệt tình, mặc đúng đồng phục, đóng gói cẩn thận",0,0,True,0.9851702863123272,0.014829713687673761
1463,Mùi hương:thom Công dụng:cấp ẩm cho da Dành cho da:mọi loại da  Dùng không bị rát da dùng xong thấy da đỡ khô và sần  Nhưng lúc mua là dịp sale shop có ghi là tặng 1 kem mắt và 1 túi trong suốt nhưng nhận hàng thì lại k có quà tặng,1,0,False,0.7115036128457486,0.28849638715425213
1464,Đúng với mô tả:dung Màu sắc:be Chất liệu:vải  Với giá này thì nón ok. Giá rẻ hợp túi tiền ok nên mua nha mọi người,0,0,True,0.998997846526959,0.0010021534730414988
1465,Độ đều màu:tạm ổn Nâng tông:hơi hơi Chất lượng:thama nhanu  Chất kem lót có màu đỏ ở trong ý k hiwuwr sao lun,1,0,False,0.8073290958955716,0.192670904104428
1466,"son đẹp, giao hàng nhanh, màu giống bảng màu , đã mua nh lần rồi",0,0,True,0.9786927987394242,0.021307201260573515
1467,"K đóng gói gì hộp móp méo xấu kinh khủng k muốn sử dụng nữa luôn, shop làm ăn chán",1,1,True,0.0013806848635405046,0.9986193151364597
1468,"Đóng hàng sơ xài giao tới hộp móp méo hết, may k bị chảy sữa ra ngoài",1,1,True,0.0001367360968980902,0.999863263903105
1469,"Độ êm:dep em chan Chất liệu:nhua thoang khi Màu sắc:kha xinh  Đóng gói cẩn thận, săn sale được giá hời dép xinh đi nhẹ nhàng êm aíhahha Hậhkak",0,0,True,0.9999381118193238,6.188818067591104e-05
1470,Kít ứng banh mặt nha da tui siêu khỏe nhưng bôi 1 phát kích ứng nỗi mụn nước đầu trắng da sần lên luôn da ai yếu nữa thì né luôn nha. Mùi siêu nồng,1,0,False,0.9833043505488,0.01669564945119724
1471,Làm đẹp:ok Lợi ích:ok Hương thơm:ok  Xài thấy giữ ẩm ok còn mấy cái khác thì không có khác  biệt gì lắm,0,0,True,0.9592365001645718,0.040763499835428006
1472,Bao bì:ok  Tóc mềm hơn nhưng tóc mình vẫn nhanh bết,1,0,False,0.8771708880913641,0.12282911190863914
1473,Bị vỡ 2 túi giữa thùng làm chua hết cả thùng mặc dù bọc rất kĩ,1,1,True,0.0031464392795479182,0.9968535607204543
1474,"Hương thơm:ok Mẹo:ok Kinh nghiệm sử dụng:ok  Ok shop giao đúng , thơm dùng nhiều lần rồi Hình ảnh máng tính nhận xu",0,0,True,0.9997486942678119,0.0002513057321862729
1475,Thấm nhanh:thaams nhanh Dưỡng ẩm:min Làm sáng da:chua biet  Shop giao hàng nhanh đóng gói cẩn thận. Sản phẩm thơm dễ chịu. Thấm nhanh mềm mịn. Còn có trắng da hay không thì phải dùng 1 thời gian thì mới biết được.,0,0,True,0.9998617861894348,0.00013821381056338498
1476,Hình ảnh mang tính nhận xu. Lần đầu sd cũng ok.sẽ ủng hộ lần sau,0,0,True,0.9994347939104102,0.0005652060895884153
1477,"Bao bì:móp 2 lon  Mình mua enfa trên này nhiều lần, nhưng lần này mình thấy đóng gói kỹ càng hơn, tuy nhiên lần này mở ra móp liền 2 lon. Tuy mình đã thanh toán trước, nhận hang 0đ. Shop lưu ý lúc đưa hàng có móp không, hoặc nếu bán móp thì ở mục bán hàng móp méo. Nay mình đánh giá 2 sao, cho shop kiểm tra lại khâu lên hàng cho khách hàng phải rà soát lai cho chu đáo.",1,1,True,0.0006301902278913063,0.9993698097721059
1478,Chất lượng sản phẩm:tốt Mùi hương:thơm nhẹ  dầu gội thơm dịu dùng êm nhưng mà mình vặn kiểu gì mà gãy mất vòi😭,0,0,True,0.9135607279068211,0.08643927209317838
1479,Ship nhanh hộp đầy đủ có cả hộp .  dùng thì thấy ok chưa có lỗi lầm gì hết mình đã mua đến lần thứ hai  Sản phẩm chính hãng uống thì cũng ok nhé mua thế này thì cũng rẻ hơn là mua lẻ  Thôi thùng sữa thì cũng chẳng có gì để chụp,0,1,False,0.4681908851670235,0.5318091148329702
1480,"Bao bì:ổn Kinh nghiệm sử dụng:dùng chưa được 1 tháng, mua từ ngày 18/5/2025, dùng chưa được 1 tháng mà nay tự dưng bị bung nắp ra, gắn vào vẫn ko đc.  Mình có nhắn shop để xử lí nhưng shop cứ kéo dài thời gian, đến giờ vẫn chưa xử lí",1,1,True,0.0052976150279544195,0.9947023849720468
1481,Hinh anh mang tinh chat nhan xu. Đóng gói kỹ chưa dùng nen k biet,0,0,True,0.9973156330294426,0.002684366970560365
1482,đóng gói kém chất lg về móp méo hết tất cả,1,1,True,0.019838469762458108,0.9801615302375418
1483,Kiềm dầu ổn nhưng kích ứng rất ngứa,1,0,False,0.6031772831647162,0.39682271683528275
1484,"Trên hình là có tặng này kia giao k tặng 1 cái j, mình chịu mua mắc hơn chỗ khác 20k vì muốn lấy quà, mà giao k có quà j hết trơn nhắn k ai trả lời, âm binh",1,1,True,0.00014894051049663714,0.9998510594895028
1485,Độ tuổi sử dụng:tre em Chất lượng sản phẩm:ok  Mới mua chưa sử dụng nhưng thấy review tốt cko trẻ sơ sinh nên mua,0,0,True,0.9882942680634877,0.011705731936514299
1486,Mốc ntn cũng giao dc cho khách 😅,1,1,True,0.023156722825587114,0.9768432771744133
1487,"Ghi trên sản phẩm là mua 1 tặng một chai nhỏ , mà đơn hàng k có , treo đầu dê bán thịt chó 😡😡😡😡",1,1,True,0.00012108328205119825,0.9998789167179523
1488,Độ tuổi sử dụng:bt Bao bì/Mẫu mã:bt Chất lượng sản phẩm:bt  Hàng nhận được méo mó.Lần sau mua sữa ko đặt qua Shopee nữa.,1,1,True,0.0873139120836764,0.9126860879163257
1489,Mua 2 hộp bảo tặng quà mà éo có gì,1,1,True,0.019797458573837766,0.9802025414261611
1490,"Áo đẹp, đường may đẹp. Chất dày, mịn. Phù hợp với giá tiền bỏ ra. ít chỉ thừa. Shop có nhiều thiết kế đa dạng mẫu mã. Đóng gói chắc chắn, giao đúng mẫu, đúng size. Phù hợp, vừa vặn với dáng người. Dễ phối đồ, (Hình ảnh hay video chỉ mạng tính chất minh",0,0,True,0.9986107660841463,0.0013892339158526543
1491,Chất lượng hàng hoá kém mọi người không nên mua lừa đảo có hành vi gian dối,1,1,True,0.010453135056420874,0.9895468649435789
1492,shopmall nhưng làm ăn rất k đàn hoàng nhé.mua 2 họip thì cố tình gửi 1 hộp móp méo k biết từ bao h cho khách.k biết chất lượng sữa có bị thay đổi k.hộp vận chuyển vẫn nguyên khi tới nên chỉ có bên shop cố tình gửi hộp méo thôi.,1,1,True,0.000786296129480297,0.9992137038705162
1493,"Quá tối màu, mình cũng ko trắng lắm mua con này tối hơn 3 tone, phải mua chai kem nền khác để mix vô",1,1,True,0.07400825521986701,0.9259917447801298
1494,"Công dụng:dung cụ an toàn  giao hàng nhanh , giá cả hợp lý shipper thân thiện",0,0,True,0.9979898727031861,0.0020101272968126496
1495,"Shop tệ quá ! Mn cận thận bị lừa . Bảo tặng nhưng không tặng đâu mn ơii , treo đầu dê bán thịt chó đấy",1,1,True,2.6854448825062955e-05,0.9999731455511744
1496,Hình ảnh mang tính chất minh hoạ để nhận xu thôi á mà mọi người đừng qhan tâm,0,0,True,0.9931907753969702,0.006809224603028392
1497,Sửa hỏng hn mk thấy bị vỡ thiu k nên mua,1,1,True,0.0300306689979333,0.9699693310020667
1498,Hương vị:khoong Bao bì:thung  Mua giao đến sữa hư và bị chảy thùng hôi nữa đợi 15 ngày không thây giai quyết gì hết chán chẵng muốn nói,1,1,True,0.0004186282552193322,0.999581371744783
1499,Màu sắc:tệ Chất liệu:tệ Kích thước:tệ  Mình đã xác nhận với bên HT. Sau này cần bán họ sẽ giam vàng vài ngày check xong mới tính tới chuyện mua bán. Chứ ko phải tích lũy khi cần ra bán đc luôn đâu. Mình hỏi cskh trên shopee thì bọn nó chối. Mình show tin nhắn thật ra thì đánh trống lảng. Shopee ko cho gửi hình này lên nhiều nên mình bảo gửi qua thôg tin bọn nó cho khi giao hàng nhưng bọn nó chối là ko có. Rồi im luôn. Mình sẽ đánh giá lại full sp và share bài lên các hội nhóm,1,1,True,0.005404853828894431,0.9945951461711022
1500,"Công dụng:ok  Giao hàng nhanh, sản phẩm đóng gói cẩn thận. Che tên sản phẩm rất ok, cho shop 5 sao và 10 điểm chất lượng",0,0,True,0.9989996204990598,0.0010003795009400139
1501,"Đóng gói quá sơ sài, móp méo, bật cả nắp. Trải nghiệm quá tệ. Sẽ không có lần mua thứ 2 !",1,1,True,0.001178321696136688,0.9988216783038658
1502,"Review nhẹ một số dòng sữa con uống tăng cân tốt cho cm quan tâm - Grow đỏ: bé uống dễ tiêu hóa tuy nhiên bé nào uống hạp thì lên kg tốt, k hạp sữa thì k cải thiện nhiều - Dòng Meiji là sữa mát, sữa nội địa nhật,  không lo bón nhưng giá khá cao vs không phải bé nào uống cũng lên kg tốt - Friso: sữa dễ tiêu hóa, vị nhạt thanh gần như sữa mẹ, khá dễ uống, con uống output đẹp. Có thể dùng làm sữa chua hoặc làm bánh cho con đều oki cả - Oggi: sữa giúp bé tăng cân tốt, ko bón, lên tầm 5-6 lạng/tháng, có nhiều vị để thay đổi cho con,ngoài ra dòng này còn có cả sữa công thức pha sẵn có thể tùy khẩu vị để lựa chọn cho bé Muốn con lên cân thì ngoài sữa công thức thì chế độ ăn hàng ngày của bé cũng quan trọng không kém, bổ sung đầy đủ các nhóm chất là việc nên làm để con có thể tăng kg tốt hơn. Mẹ nào cần có thể tham khảo",0,1,False,0.17813559447357283,0.8218644055264247
1503,"Kinh nghiệm sử dụng:hàng giống mẫu, sấy được 1,2p lại ngắt điện k chạy, kb là bị lmsao  Sau vài lần dùng k mượt lắm nay thì máy tịt ngỏm k chạy luôn. Mong shop đọc đc phản hồi giúp lỗi máy là lỗi gì",1,1,True,0.023608054175074063,0.9763919458249286
1504,Deal kèm quà mà khui ra khôg thấy quà tặng,1,1,True,0.0014324182168981192,0.9985675817831032
1505,"Làm đẹp:Mượt và bóng tóc Mẹo:Dùng sau khi gội, tóc khô khoảng 80% Hương thơm:Mùi thơm nhẹ, giữ mùi đến hôm sau  Chai to 100ml nếu dùng cách ngày, mỗi lần dùng 2-3 lần nhấn thì khoảng 8 tháng mới hết.",0,0,True,0.9610680263118457,0.03893197368815536
1506,trên hình mua 1 chai được tặng 1 chai nước tẩy trang nhưng về thì chỉ có 1 chai sữa rửa mặt nhắn tin với shop thì toàn tin nhắn tự động nên hơi buồn á..,1,1,True,0.00296053528875035,0.9970394647112518
1507,Âm thanh:trung bình Thiết kế:được  Đeo lâu đau tai,1,0,False,0.5713119369821797,0.4286880630178192
1508,"Làm đẹp:ok Mẹo:ok Bao bì:ok  Xài mấy chai rồi, tiệp da, k bợt rít, chống nắng ok, sẽ còn đồng hành lâu dài với chất lượng này",0,0,True,0.9981635820263459,0.001836417973654739
1509,"chất phấn ổn, nhẹ mặt. mà shop gói hàng bất cẩn lắm chỉ bọc một lớp chống sốc mỏng dính, lúc nhận về thì bị tràn phấn tùm lum như này, trông rất mất thẩm mĩ",1,1,True,0.0035619023024802336,0.9964380976975209
1510,Kinh nghiệm sử dụng:đã sử dụng rất ok Lợi ích:làm sáng ra mờ nám Làm đẹp:39  Mình đã dùng loại này 2 năm thấy rất ok. Đây lả lần thứ 3 mua lại của shop. Hàng chính hãng nên yên tâm,0,0,True,0.9960407500125164,0.0039592499874837195
1511,"Đóng gói kĩ càng, giao hàng rất nhanh nhé. Máy sấy mình thấy tạm ổn, nma lực sấy không mạnh quá, phù hợp với giá tiền",0,0,True,0.9959637380081652,0.004036261991834864
1512,Bao bì/Mẫu mã:shop k tl tn  Làm ăn chán   K tl tn khách   Giao hàng vớ vẩn,1,1,True,0.0011632466255232306,0.9988367533744756
1513,cường lực chắc chắn nhưng dán vô chỉ bấm đc phần dưới phần trên k hề bấm đc tức quá bóp bề luôn,1,1,True,0.02520899404255843,0.9747910059574403
1514,"Bao bì/Mẫu mã:móp nhiều  Hộp móp trông rất tệ. Bọc hàng thì chống sốc rất tốt, chắc chắn nên chắc chắn đây là hộp móp nhưng vẫn cố ship cho khách. Chất lượng thì không bàn tới nhưng nhận hàng ntn rất khó chịu.",1,1,True,0.0011280961722193038,0.9988719038277817
1515,"Giao hàng nhanh, giá rẻ mà nhận được thì ưng lắm, lần trước mua con y hệt mà đánh mất lên phải tìm mua lại thì nó giống 100% chất lượng ổn, mà bền lắm",0,1,False,0.3445500023432345,0.655449997656766
1516,"Hàng đóng gói ẩu, 1 lớp nilong, hàng bể vỡ, sữa vỡ ra ngoài",1,1,True,0.0009136318030927568,0.9990863681969108
1517,Sp ok shop gửi hàng rất nhanh đóng gói kỹ 5⭐️⭐️⭐️⭐️⭐️ Sẽ ủng hộ vào lần sau,0,0,True,0.9946146883987326,0.005385311601267471
1518,Giao hàng nhanh. Chưa sử dụng nên chưa biết chất lượng như thế nào,0,0,True,0.9723178173304448,0.02768218266955284
1519,"mới dùng nên mình thấy cũng như những loại khác , lâu dài thì mình chưa biet nhe nhưng cũng có mùi rất thơm",0,0,True,0.9159925082480599,0.08400749175194137
1520,"Hàng giao khá nhanh, đủ số lượng, hàng giống trong ảnh, mua hộ nên chất lượng không biết",0,0,True,0.939374048665167,0.06062595133483508
1521,"Đóng gói sơ sài, hàng tới tay bị móp méo. Băng keo dính thẳng lên lon, khi lột ra dính keo tùm lum, dính hẳn luôn chỗ khui nắp. Mấy lần trc thấy đóng gói ok mà lần này tệ quá, lần sau mua mà vẫn đóng gói vậy mình sẽ trả hàng.",1,1,True,0.00021446381765986535,0.999785536182338
1522,"Đóng gói sản phẩm quá kém, Đóng gói sơ sài không bọc chống shock mà giao hàng xa như vậy thì không biết sản phẩm bên trong liệu có bị méo móp hay không đề nghị shop làm việc cẩn thận hơn cho các đơn hàng của người khác",1,1,True,0.0005973235640685811,0.9994026764359322
1523,"Dầu gội thơm, chất lượng. Mình đã mua lần t2. Nhưng lần này đóng gói cực kỳ tệ. Dầu bị văng hết ra bên ngoài túi và hộp.",1,1,True,0.0758686548923522,0.9241313451076462
1524,Độ tuổi sử dụng:trẻ sơ sinh cho đến già Chất lượng sản phẩm:lành tính  Cũng oke phết chỉ khó chịu cái lúc đổ ra xài nó cứ ọc ọc ra nhiều í . Nhưng shop giao hàng nhanh chất lượng nhé,0,0,True,0.950998952809592,0.049001047190405905
1525,Lợi ích:kem nhờn nhờn bết bết hàng nhái. Bảo tặng quà k thấy quà đâu. Shop làm ăn lởm quá.,1,1,True,0.008613532101014357,0.991386467898983
1526,"Mình đặt 2 thùng 1 thùng nguyên vẹn còn 1 thùng sản phẩm bị bục hư hỏng luôn, bốc mùi chua 😫",1,1,True,0.000716639529595951,0.999283360470401
1527,"Hương thơm:thơm Lợi ích:laau troi, chong nuoc Bao bì:dep  Đã mua lần 2, shop giao hàng nhanh, gói hàng kĩ. Sản phẩm chất lượng ❤️🎀💕",0,0,True,0.9976883638470774,0.0023116361529253414
1528,"Bao bì/Mẫu mã:có đường Hương vị:cao khỏe 180ml  Mình đặt săn sale 8.8 : 1 thùng cao khỏe 180ml + 1 lon sữa đặc hoàn hảo. Khi shop giao lại sai hàng: 1 thùng sữa thường socola + 1 lốc sữa. ( shop đóng gói hàng sai, ko phải do shipper ) Mà shop lại ko có chính sách đổi lại hàng đúng cho khách , mà chỉ có trả / hoàn lại tiền. Và khi mua lại đơn này khách sẽ ko đc nhận ưu đãi như trước đó.  Do tính chất công việc bận nên mình đành nhận hàng  Thất vọng với 1 thương hiệu lớn",1,1,True,5.43217570736754e-05,0.9999456782429331
1529,mũ xinh lắm mn a giá củng okk form đẹp màu đẹppp in đẹp nch oklaa,0,0,True,0.9918090102634829,0.008190989736515098
1530,"Mẹo:ko bt Lợi ích:ko kiểm soát dầu ,mùi thơm nhma k dịu Bao bì:như hình  lòng bàn tay sau khi bôi và ra mồ hôi thì trơn lắm ,bôi lên đợi khô thì như bôi keo lên vậy , rít và không hề thoải mái , bôi khô xog còn bị bợn trắng , chà là ra hết mà còn ra nhiều nữa chứ , đi chơi ngoài đường mà ra như da chết í ngại vô cùng , còn chất thì thơm và lỏng nhẹ rất ok nhưng dùng thì ngược lại , dùng nhiều sản phẩm của vassaline r nhưng đây là lần đầu tiên bị vậy rất thất vọng luôn ,bây giờ tuýt còn nhiều lắm nhma cũng k muốn dùng í",1,1,True,0.015096642456426439,0.9849033575435681
1531,Đề nghị lần sau k giao nên GHN,1,1,True,0.07374666028206621,0.9262533397179329
1532,"Chất lượng sản phẩm:kém  Thật sự quá thất vọng khi nhận hàng, dầu gội chảy be bét, đóng gói sơ sài. Cứ nghĩ shopee mall là uy tín, phục vụ chậm trễ, kém, sẽ ko bao giờ có lần thứ 2. Xác định mua hàng shopee là rủi ro.",1,1,True,0.0001914950545744013,0.9998085049454231
1533,"Ủa shop là che dữ chưa v shop, để v thì ai mà chả biết, nhìn vào là biết liền luon ấy , đóng trg hộp thì k nói này đóng gói trong bọc nữa mà bọc màu cam nữa thiếu điều muốn thấy dc trong luon á ,shipper lạ còn đỡ gặp shipper k biết bao nhiêu cái quần để đội nữa",1,1,True,0.0009494285314891805,0.9990505714685055
1534,Màu sắc ok vải chắc chắn rẻ nữa nên mua nha mn🥰,0,0,True,0.9977295608284993,0.0022704391715012676
1535,Âm thanh:ổn Thiết kế:đẹp  Khi nhận hàng thấy sản phẩm bị móp méo,1,1,True,0.12822803873205005,0.8717719612679515
1536,"Mua qua phiên live có nhiều mac giảm giá, sản phẩm chính hãng, chất lượng.",0,0,True,0.821756967586458,0.17824303241353928
1537,"Live kêu đơn hàng 500k dc tặng túi son mà giao k thấy, nt hỏi thì nói do này do kia",1,1,True,0.00018969032653474971,0.9998103096734635
1538,Đúng với mô tả:ok Chất liệu:ok Màu sắc:ok  Quần hơi mỏng nma dùng thêm tgian mơí biết đc. Số đo mình viết đại cho có thoi,0,0,True,0.9642197253551502,0.03578027464485216
1539,Made in China. Người dùng bây giờ ko phải như hồi xưa mà dùng vài câu chữ qua mắt được. Cẩn thận đừng để bị gửi hàng fake như mình,1,1,True,0.04961677889229657,0.950383221107705
1540,Lợi ích:oke nhungw mua không có quà tặng nên cho 2 sao,1,1,True,0.05287903611045734,0.9471209638895423
1541,Đóng gói kĩ chống sốc mà vẫn bị móp méo rách nát chứng tỏ shop ship hàng bị lỗi và kém chất lượng.,1,1,True,0.002184856087223858,0.9978151439127743
1542,"Giao hàng nhanh chóng, đóng gói cẩn thận, date còn khá xa, sản phẩm dịu nhẹ",0,0,True,0.999057169908252,0.0009428300917494088
1543,Làm đẹp:ok Kinh nghiệm sử dụng:hanfg ngay Hương thơm:thom  Đóng gói ship hàng nhanh  ko biết dùng ok không,0,0,True,0.9972098993746489,0.002790100625349213
1544,Shop bán sửa giả mấy dây đầu tiên thì uống được còn mấy giây sau uống là giả hết uống vào khổ con tội con không biết mấy lâu nay cho con uống sửa giả shop làm ăn như cái l Ko có tình người,1,1,True,0.0034593163047919474,0.9965406836952089
1545,"Mình mua 3 lon của shop . Mà phần hsd khác với chỗ khác bán hsd 18tháng, shop hsd 15th thấy lạ . Mình có vào xem shop giới thiệu sp là 18th. Nt Cho shop nhờ giải đáp md shop im lặng ko tl , nt 2-3l hỏi về vấn đề nhưng k tl . Quá thất vọng",1,1,True,0.0005867896932921501,0.9994132103067093
1546,Shop đóng gói kiểu j sữa bể ra hôi tùm lum hết 😑😑,1,1,True,0.0023445668875795296,0.997655433112417
1547,"Chất lượng sản phẩm:bt Bao bì/Mẫu mã:ko ok Độ tuổi sử dụng:1  Ở lần mua này, 2 hộp của mình bị thiếu cái tem ở ngoài. Inbox thì shop nói tuỳ đợt hàng nhập. Sau này nghĩ lại hàng nhập thiếu chi tiết được thì cũng lạ. Mình ko rõ lý do thật sự đằng sau việc thiếu tem. Nếu có lần sau mình sẽ trả hàng.",1,1,True,0.002893758345791351,0.997106241654203
1548,"dùng từ bản cũ sang bản mới chai t2 r hihi, vẫn ok mà rửa xong thấy da mềm hơn bản cũ ncl 10/10",0,0,True,0.9190332478755122,0.08096675212448928
1549,"Bao bì/Mẫu mã:sữa tươi dutch lady Hương vị:không đường  Thùng sữa giao tới trong tình trạng còn nguyên vẹn, không bị móp méo hay bị ỉu. Thùng còn nguyên seal, không bị bong tróc nhờ đóng gói kỹ. Bảng thành phần sữa có nhiều chất, hương vị sữa thơm ngon dù là loại không đường. Phù hợp với trẻ nhỏ",0,1,False,0.20807118565564528,0.7919288143443504
1550,"Sàn phẩm tôt, mình đã mua nhiều lần. Shop giao hàng nhanh. Sẽ tiếp tục ủng hộ ạ. Màu giống màu nâu, k có ánh vàng",0,0,True,0.9979247276974801,0.002075272302523104
1551,"giao đủ hàng, săn sale nên giá khá hời, hãng đóng gói bằng bìa cartoon cũ thay vì bọc chống sốc và băng keo cũng là băng keo giấy lun nên t thấy khá bảo vệ mt ấy🥰🥰nchh 10d thuii",0,1,False,0.4185815329487077,0.5814184670512955
1552,"Công dụng:k len mau Mùi hương:thom Dành cho tóc:bạc  Đọc cmt thấy mn bảo tóc đen vẫn lên màu Nhưng với tóc mình thì nó k lên mặc dù 1/2 tóc mình là tóc tẩy. Để thuốc trên tóc tới hơn 1 tiếng nhưng vẫn k lên Bù lại thì mùi thơm, k hắc k rát da đầu Xả lại bằng nước thì tóc mượt, k khô xơ",1,1,True,0.47317266402572605,0.5268273359742793
1553,"Mua rất nhiều lần nhưng lần nào khâu đóng hàng cũng rất tệ, chưa mở ra đã bung bét hết hàng ra rồi, ọp ẹt từ bên ngoài lẫn bên trong, nhìn đâu tưởng hàng mấy nghìn",1,1,True,0.0004754461701074606,0.9995245538298946
1554,"2tr3 cho 4 lon Giá cả tương đối hợp lý, chưa sử dụng nên chưa đánh giá chất lượng, mẫu mã bao bì ổn",0,0,True,0.9781339214432458,0.02186607855675597
1555,"Gội xong thấy tóc đặc biệt khô, không được mượt, hình ảnh và vd chủ mang tính chất nhận xu",1,0,False,0.9833014820315561,0.016698517968446534
1556,"Hàng giao lâu mà kém chất lượng chai thì bị gãy vòi, chưa bao giờ mua hàng mà trải nghiệm tệ như vậy",1,1,True,0.0003420836854922116,0.9996579163145092
1557,Chức năng cầm nắm:chac chan Độ trong suốt:trong suot  Ốp nhựa cứng chỉ chống ố chú không chống va đập. Nếu như dẻo sẽ ok hơn. Ốp không trùm hết cả viền điện thoại nha . M người cân nhắc. Giá này mà ốp vậy m thấy ko xứng. Dc cái bao bì đóng gói thì chỉn chu cẩn thận .,1,1,True,0.018831157254765352,0.981168842745228
1558,"Lợi ích:dưỡng tóc Mẹo:hướng dẫn sao xài vậy Hương thơm:thơm, rất thơm nha, nhưng không nồng  làm mềm tóc tức thì luôn, để nguyên ngày tối về tóc vẫn còn mềm",0,0,True,0.9953986721290625,0.004601327870936715
1559,Mình dùng 2 ngày thấy ổn nha. Sáng dậy mặt ít đâu hơn hẳn. Mình đang dùng bộ đôi K,0,0,True,0.7585377131625111,0.24146228683748974
1560,Hàng oke đẹp ạ giao nhanh lần sau sẽ ủng hộ shopp tiếppppppppp😛😛😛,0,0,True,0.9997001827073205,0.000299817292680857
1561,"Nhiều gel và mùi rất rất thơm nha, thấy bao bì khá lạ nhờ vậy mà tránh được sự để ý",0,0,True,0.8393394646830568,0.16066053531694388
1562,Giao hàng nhanh đóng gói kĩ đã mua nhiều lần oke sẽ ủng hộ shop tiếp,0,0,True,0.9999208213331438,7.917866685970108e-05
1563,Công dụng:Để đắp mắt Mùi hương:Khá thơm Dành cho da:Mọi loại da  Bảo bì đẹp xịn xò Lần đầu tiên mua nên chưa rõ hiệu quả hay không. Sẽ mua tiếp nếu có kết quả tốt,0,0,True,0.9997593931114822,0.00024060688851960873
