index,gold_tags,pred_tags,n_gold_tags,n_pred_tags,has_length_mismatch,correct
0,B-COMP I-COMP B-COMP I-COMP I-COMP I-COMP I-COMP I-COMP I-COMP,B-COMP I-COMP O O O O O O O,9,9,False,False
1,B-COMP I-COMP I-COMP,B-COMP I-COMP I-COMP,3,3,False,True
2,O O O O O O O O O O O O O B-COMP I-COMP I-COMP I-COMP I-COMP I-COMP I-COMP I-COMP I-COMP I-COMP I-COMP B-COMP I-COMP I-COMP I-COMP I-COMP I-COMP B-COMP I-COMP I-COMP I-COMP I-COMP I-COMP I-COMP,O O O O O O O O O O O O O B-COMP I-COMP I-COMP I-COMP I-COMP I-COMP I-COMP I-COMP I-COMP I-COMP I-COMP B-COMP I-COMP I-COMP I-COMP I-COMP I-COMP B-COMP I-COMP I-COMP I-COMP I-COMP I-COMP I-COMP,37,37,False,True
3,B-COMP I-COMP I-COMP I-COMP I-COMP I-COMP I-COMP O O O O O O O O O O O O O O O O O O O B-COMP I-COMP I-COMP I-COMP I-COMP I-COMP I-COMP I-COMP I-COMP I-COMP I-COMP I-COMP I-COMP I-COMP I-COMP I-COMP I-COMP O O O O O O O O O O B-COMP I-COMP I-COMP I-COMP I-COMP I-COMP I-COMP I-COMP I-COMP I-COMP I-COMP I-COMP I-COMP I-COMP,B-COMP I-COMP I-COMP I-COMP I-COMP I-COMP I-COMP O O O O O O O O O O O O O O O O O O O B-COMP I-COMP I-COMP I-COMP I-COMP I-COMP I-COMP I-COMP I-COMP I-COMP I-COMP I-COMP I-COMP I-COMP I-COMP I-COMP I-COMP O O O O O O O O O O O I-COMP I-COMP I-COMP I-COMP I-COMP I-COMP I-COMP I-COMP I-COMP I-COMP I-COMP I-COMP I-COMP,67,67,False,False
4,B-COMP I-COMP I-COMP,B-COMP I-COMP I-COMP,3,3,False,True
5,B-COMP I-COMP I-COMP I-COMP I-COMP I-COMP I-COMP I-COMP I-COMP I-COMP I-COMP O O O O O O O B-COMP I-COMP I-COMP I-COMP I-COMP I-COMP I-COMP I-COMP I-COMP I-COMP I-COMP I-COMP I-COMP I-COMP I-COMP O O B-COMP I-COMP I-COMP I-COMP I-COMP I-COMP I-COMP O B-COMP I-COMP I-COMP I-COMP I-COMP I-COMP I-COMP I-COMP B-COMP I-COMP I-COMP I-COMP I-COMP O B-COMP I-COMP I-COMP I-COMP I-COMP I-COMP I-COMP I-COMP I-COMP I-COMP I-COMP I-COMP I-COMP I-COMP B-COMP I-COMP I-COMP I-COMP I-COMP,B-COMP I-COMP I-COMP I-COMP I-COMP I-COMP I-COMP I-COMP I-COMP I-COMP I-COMP O O O O O O O O B-COMP I-COMP I-COMP I-COMP I-COMP I-COMP I-COMP I-COMP I-COMP I-COMP I-COMP I-COMP I-COMP I-COMP O O B-COMP I-COMP I-COMP I-COMP I-COMP I-COMP I-COMP O B-COMP I-COMP I-COMP I-COMP I-COMP I-COMP I-COMP I-COMP B-COMP I-COMP I-COMP I-COMP I-COMP O B-COMP I-COMP I-COMP I-COMP I-COMP I-COMP I-COMP I-COMP I-COMP I-COMP I-COMP I-COMP I-COMP I-COMP B-COMP I-COMP I-COMP I-COMP I-COMP,76,76,False,False
6,B-COMP I-COMP I-COMP I-COMP B-COMP I-COMP B-COMP I-COMP I-COMP I-COMP O O O O B-COMP I-COMP I-COMP I-COMP I-COMP I-COMP I-COMP I-COMP I-COMP I-COMP I-COMP I-COMP,B-COMP I-COMP I-COMP I-COMP B-COMP I-COMP O O O O O O O O B-COMP I-COMP I-COMP I-COMP I-COMP I-COMP I-COMP I-COMP I-COMP I-COMP I-COMP I-COMP,26,26,False,False
7,B-COMP I-COMP I-COMP I-COMP I-COMP,B-COMP I-COMP I-COMP I-COMP I-COMP,5,5,False,True
8,O O O O O O O O O O O O O,B-COMP I-COMP I-COMP I-COMP B-COMP I-COMP I-COMP I-COMP I-COMP I-COMP I-COMP I-COMP I-COMP,13,13,False,False
9,B-COMP I-COMP I-COMP I-COMP I-COMP O B-COMP I-COMP I-COMP I-COMP I-COMP I-COMP I-COMP B-COMP I-COMP I-COMP I-COMP I-COMP I-COMP I-COMP I-COMP I-COMP I-COMP I-COMP I-COMP I-COMP I-COMP I-COMP I-COMP I-COMP I-COMP I-COMP I-COMP I-COMP I-COMP I-COMP I-COMP I-COMP I-COMP I-COMP I-COMP I-COMP I-COMP I-COMP I-COMP I-COMP I-COMP I-COMP I-COMP I-COMP I-COMP I-COMP I-COMP I-COMP I-COMP I-COMP I-COMP,B-COMP I-COMP I-COMP I-COMP I-COMP O B-COMP I-COMP I-COMP I-COMP I-COMP I-COMP I-COMP O O O O O O O O O O O O O O O O O O O O O O O O O O O I-COMP I-COMP I-COMP I-COMP I-COMP I-COMP I-COMP I-COMP I-COMP I-COMP I-COMP I-COMP I-COMP I-COMP I-COMP I-COMP I-COMP,57,57,False,False
10,B-COMP I-COMP I-COMP I-COMP I-COMP I-COMP I-COMP I-COMP I-COMP I-COMP I-COMP I-COMP I-COMP I-COMP I-COMP I-COMP I-COMP I-COMP I-COMP I-COMP I-COMP I-COMP I-COMP I-COMP O B-COMP I-COMP I-COMP O O B-COMP I-COMP O O O O O O O O O O O O O O O O O O O O O O O O O O O O O O O O O B-COMP I-COMP I-COMP B-COMP I-COMP I-COMP I-COMP I-COMP,B-COMP I-COMP I-COMP I-COMP I-COMP I-COMP I-COMP I-COMP I-COMP I-COMP I-COMP I-COMP I-COMP I-COMP I-COMP I-COMP I-COMP I-COMP I-COMP I-COMP I-COMP I-COMP I-COMP I-COMP O B-COMP I-COMP I-COMP O O B-COMP I-COMP O O O O O O O O O O O O O O O O O O O O O O O O O O O O O O O O O B-COMP I-COMP I-COMP B-COMP I-COMP I-COMP I-COMP I-COMP,73,73,False,True
11,O O O O O O O O O B-COMP I-COMP I-COMP I-COMP,O O O O O O O O I-COMP I-COMP I-COMP I-COMP I-COMP,13,13,False,False
12,O O O O O O O O O O B-COMP I-COMP I-COMP I-COMP I-COMP I-COMP I-COMP I-COMP O B-COMP I-COMP I-COMP B-COMP I-COMP,O O O O O O O O O O B-COMP I-COMP I-COMP I-COMP I-COMP I-COMP I-COMP I-COMP O B-COMP I-COMP I-COMP B-COMP I-COMP,24,24,False,True
13,O O O O O O O B-COMP I-COMP I-COMP I-COMP I-COMP I-COMP I-COMP I-COMP I-COMP I-COMP I-COMP I-COMP I-COMP O O O O O O O O O O O O O O O O B-COMP I-COMP I-COMP I-COMP O B-COMP I-COMP I-COMP I-COMP I-COMP I-COMP I-COMP I-COMP I-COMP I-COMP I-COMP I-COMP O B-COMP B-COMP I-COMP I-COMP I-COMP I-COMP I-COMP I-COMP I-COMP I-COMP I-COMP I-COMP I-COMP I-COMP I-COMP O B-COMP I-COMP I-COMP I-COMP I-COMP,O O O O O O O B-COMP I-COMP I-COMP I-COMP I-COMP I-COMP I-COMP I-COMP I-COMP I-COMP I-COMP I-COMP I-COMP O O O O O O O O O O O O O O O O B-COMP I-COMP I-COMP I-COMP O B-COMP I-COMP I-COMP I-COMP I-COMP I-COMP I-COMP I-COMP I-COMP I-COMP I-COMP I-COMP O B-COMP O O O O O O O O O O O O O I-COMP O B-COMP I-COMP I-COMP I-COMP I-COMP,75,75,False,False
14,B-COMP I-COMP I-COMP I-COMP I-COMP I-COMP I-COMP I-COMP I-COMP I-COMP I-COMP,B-COMP I-COMP I-COMP I-COMP I-COMP I-COMP I-COMP I-COMP I-COMP I-COMP I-COMP,11,11,False,True
15,O O O O O O O O O O O O O O O O O O O O O O O O O O O O O O O O O O O O O O O O O O O O O O O O O O O O O O O O O O O O O O O O O O O O O O O O O O,B-COMP I-COMP I-COMP I-COMP I-COMP B-COMP I-COMP I-COMP I-COMP I-COMP B-COMP I-COMP I-COMP I-COMP I-COMP I-COMP I-COMP I-COMP I-COMP I-COMP O O O O O O O B-COMP I-COMP I-COMP I-COMP I-COMP I-COMP I-COMP I-COMP I-COMP I-COMP I-COMP I-COMP I-COMP I-COMP I-COMP I-COMP I-COMP I-COMP I-COMP I-COMP I-COMP I-COMP I-COMP I-COMP I-COMP I-COMP I-COMP I-COMP I-COMP I-COMP I-COMP I-COMP I-COMP B-COMP I-COMP I-COMP I-COMP I-COMP I-COMP I-COMP I-COMP I-COMP B-COMP I-COMP I-COMP I-COMP I-COMP,74,74,False,False
16,B-COMP I-COMP I-COMP I-COMP I-COMP I-COMP I-COMP I-COMP I-COMP I-COMP I-COMP I-COMP B-COMP I-COMP I-COMP I-COMP I-COMP I-COMP I-COMP I-COMP I-COMP I-COMP I-COMP I-COMP I-COMP I-COMP O B-COMP I-COMP I-COMP B-COMP I-COMP I-COMP I-COMP I-COMP I-COMP I-COMP I-COMP I-COMP I-COMP I-COMP B-COMP I-COMP I-COMP I-COMP I-COMP I-COMP I-COMP,B-COMP I-COMP I-COMP I-COMP I-COMP I-COMP I-COMP I-COMP I-COMP I-COMP I-COMP I-COMP B-COMP I-COMP I-COMP I-COMP I-COMP I-COMP I-COMP I-COMP I-COMP I-COMP I-COMP I-COMP I-COMP I-COMP O B-COMP I-COMP I-COMP B-COMP I-COMP I-COMP I-COMP I-COMP I-COMP I-COMP I-COMP I-COMP I-COMP I-COMP B-COMP I-COMP I-COMP I-COMP I-COMP I-COMP I-COMP,48,48,False,True
17,O O O O O O O O O O O O O O O O O O O O O O O O O O O O O O O O O O O O O O O O O O O O O O O O O O O O O O O O O O O O O O O,O B-COMP I-COMP I-COMP I-COMP I-COMP I-COMP I-COMP O O O O O O O O O O O O O O O O B-COMP I-COMP I-COMP I-COMP I-COMP B-COMP I-COMP I-COMP I-COMP I-COMP I-COMP I-COMP O O O O O O O O O O O O O B-COMP I-COMP I-COMP B-COMP I-COMP I-COMP I-COMP I-COMP I-COMP I-COMP I-COMP I-COMP I-COMP I-COMP,63,63,False,False
18,O O O O O O B-COMP I-COMP B-COMP I-COMP I-COMP I-COMP I-COMP I-COMP I-COMP,B-COMP I-COMP I-COMP I-COMP I-COMP O B-COMP I-COMP B-COMP I-COMP I-COMP I-COMP I-COMP I-COMP I-COMP,15,15,False,False
19,B-COMP I-COMP I-COMP I-COMP I-COMP I-COMP O B-COMP I-COMP,B-COMP I-COMP I-COMP I-COMP I-COMP I-COMP O B-COMP I-COMP,9,9,False,True
20,B-COMP I-COMP I-COMP I-COMP I-COMP I-COMP I-COMP I-COMP I-COMP O B-COMP I-COMP I-COMP I-COMP I-COMP I-COMP I-COMP I-COMP I-COMP I-COMP I-COMP I-COMP I-COMP,B-COMP I-COMP I-COMP I-COMP I-COMP I-COMP I-COMP I-COMP I-COMP O B-COMP I-COMP I-COMP I-COMP I-COMP I-COMP I-COMP I-COMP I-COMP I-COMP I-COMP I-COMP I-COMP,23,23,False,True
21,B-COMP I-COMP I-COMP I-COMP I-COMP B-COMP I-COMP I-COMP I-COMP I-COMP I-COMP I-COMP I-COMP I-COMP I-COMP I-COMP I-COMP I-COMP I-COMP I-COMP I-COMP I-COMP I-COMP I-COMP,B-COMP I-COMP I-COMP I-COMP I-COMP B-COMP I-COMP I-COMP I-COMP I-COMP I-COMP I-COMP I-COMP I-COMP I-COMP I-COMP I-COMP I-COMP I-COMP I-COMP I-COMP I-COMP I-COMP I-COMP,24,24,False,True
22,O O B-COMP I-COMP I-COMP I-COMP I-COMP I-COMP I-COMP I-COMP O O O O O O O O O O O O O O O O O O O O O O O O O O O O,B-COMP I-COMP I-COMP I-COMP I-COMP I-COMP I-COMP I-COMP I-COMP I-COMP B-COMP I-COMP I-COMP I-COMP I-COMP I-COMP I-COMP B-COMP I-COMP I-COMP I-COMP O B-COMP I-COMP I-COMP I-COMP B-COMP I-COMP I-COMP I-COMP I-COMP I-COMP O B-COMP I-COMP I-COMP I-COMP I-COMP,38,38,False,False
23,O O O O O B-COMP B-COMP I-COMP I-COMP I-COMP I-COMP I-COMP I-COMP I-COMP I-COMP O B-COMP I-COMP I-COMP B-COMP I-COMP I-COMP I-COMP I-COMP I-COMP I-COMP I-COMP I-COMP O O O O O B-COMP B-COMP I-COMP I-COMP I-COMP I-COMP I-COMP I-COMP I-COMP I-COMP B-COMP I-COMP I-COMP I-COMP I-COMP I-COMP I-COMP I-COMP I-COMP I-COMP I-COMP I-COMP B-COMP I-COMP B-COMP I-COMP I-COMP I-COMP I-COMP,O O O O O O B-COMP I-COMP I-COMP I-COMP I-COMP I-COMP I-COMP I-COMP I-COMP O B-COMP I-COMP I-COMP B-COMP I-COMP I-COMP I-COMP I-COMP I-COMP I-COMP I-COMP I-COMP O O O O O I-COMP B-COMP I-COMP I-COMP I-COMP I-COMP I-COMP I-COMP I-COMP I-COMP B-COMP I-COMP I-COMP I-COMP I-COMP I-COMP I-COMP I-COMP I-COMP I-COMP I-COMP I-COMP B-COMP I-COMP B-COMP I-COMP I-COMP I-COMP I-COMP,62,62,False,False
24,O B-COMP I-COMP I-COMP I-COMP I-COMP I-COMP O O O O O O O O B-COMP I-COMP I-COMP I-COMP I-COMP O O O O O O O O O O O O O O O O O O O O O O B-COMP I-COMP I-COMP I-COMP I-COMP I-COMP I-COMP I-COMP I-COMP,O B-COMP I-COMP I-COMP I-COMP I-COMP I-COMP O O O O O O O O I-COMP I-COMP I-COMP I-COMP I-COMP O B-COMP I-COMP I-COMP I-COMP I-COMP I-COMP I-COMP I-COMP I-COMP I-COMP I-COMP I-COMP I-COMP O O O O O O O O B-COMP I-COMP I-COMP I-COMP I-COMP I-COMP I-COMP I-COMP I-COMP,51,51,False,False
25,B-COMP I-COMP I-COMP I-COMP I-COMP I-COMP I-COMP I-COMP I-COMP I-COMP I-COMP I-COMP I-COMP I-COMP I-COMP B-COMP,B-COMP I-COMP I-COMP I-COMP I-COMP I-COMP I-COMP I-COMP I-COMP I-COMP I-COMP I-COMP I-COMP I-COMP I-COMP B-COMP,16,16,False,True
26,B-COMP I-COMP I-COMP I-COMP O O O O O O B-COMP I-COMP I-COMP I-COMP I-COMP I-COMP I-COMP I-COMP I-COMP B-COMP I-COMP I-COMP I-COMP I-COMP I-COMP,B-COMP I-COMP I-COMP I-COMP O O O O O O B-COMP I-COMP I-COMP I-COMP I-COMP I-COMP I-COMP I-COMP I-COMP B-COMP I-COMP I-COMP I-COMP I-COMP I-COMP,25,25,False,True
27,B-COMP I-COMP I-COMP I-COMP I-COMP,B-COMP I-COMP I-COMP I-COMP I-COMP,5,5,False,True
28,O O O O O O O B-COMP I-COMP I-COMP I-COMP I-COMP I-COMP I-COMP I-COMP I-COMP I-COMP B-COMP I-COMP I-COMP I-COMP I-COMP I-COMP I-COMP I-COMP I-COMP I-COMP I-COMP I-COMP I-COMP I-COMP I-COMP O O B-COMP I-COMP I-COMP I-COMP I-COMP I-COMP I-COMP I-COMP I-COMP I-COMP B-COMP O O O O O O O O O O O O O O O O O O O B-COMP I-COMP I-COMP I-COMP I-COMP I-COMP I-COMP I-COMP O B-COMP I-COMP I-COMP I-COMP I-COMP,O O O O O O O B-COMP I-COMP I-COMP I-COMP I-COMP I-COMP I-COMP I-COMP I-COMP I-COMP B-COMP I-COMP I-COMP I-COMP I-COMP I-COMP I-COMP I-COMP I-COMP I-COMP I-COMP I-COMP I-COMP I-COMP I-COMP O O B-COMP I-COMP I-COMP I-COMP I-COMP I-COMP I-COMP I-COMP I-COMP I-COMP O O O O O O O O O O O O O O O O O O O O B-COMP I-COMP I-COMP I-COMP I-COMP I-COMP I-COMP I-COMP O B-COMP I-COMP I-COMP I-COMP I-COMP,78,78,False,False
29,O O O O O O O O O O O O O O O O O O O O O O O O O O O O O O O O O O O O O O O O O O O O O O O O O O O O O O O O O O O O O O O O O O O O O B-COMP I-COMP I-COMP I-COMP I-COMP,B-COMP I-COMP I-COMP I-COMP I-COMP I-COMP I-COMP I-COMP I-COMP I-COMP I-COMP I-COMP I-COMP I-COMP I-COMP I-COMP I-COMP I-COMP I-COMP I-COMP I-COMP I-COMP I-COMP I-COMP I-COMP I-COMP I-COMP I-COMP I-COMP I-COMP I-COMP I-COMP I-COMP I-COMP I-COMP I-COMP I-COMP I-COMP I-COMP I-COMP I-COMP I-COMP I-COMP I-COMP I-COMP I-COMP I-COMP I-COMP I-COMP I-COMP I-COMP I-COMP I-COMP I-COMP I-COMP B-COMP I-COMP I-COMP I-COMP I-COMP I-COMP I-COMP I-COMP I-COMP I-COMP I-COMP I-COMP I-COMP I-COMP B-COMP I-COMP I-COMP I-COMP I-COMP,74,74,False,False
30,B-COMP I-COMP I-COMP B-COMP I-COMP I-COMP I-COMP B-COMP I-COMP I-COMP I-COMP I-COMP I-COMP I-COMP I-COMP I-COMP I-COMP I-COMP I-COMP I-COMP I-COMP I-COMP O O O O O O O O O O O O O O B-COMP I-COMP O,B-COMP I-COMP I-COMP B-COMP I-COMP I-COMP I-COMP B-COMP I-COMP I-COMP I-COMP I-COMP I-COMP I-COMP I-COMP I-COMP I-COMP I-COMP I-COMP I-COMP I-COMP I-COMP O O O O O O O O O O O O O O B-COMP I-COMP O,39,39,False,True
31,B-COMP I-COMP B-COMP I-COMP I-COMP,B-COMP I-COMP B-COMP I-COMP I-COMP,5,5,False,True
32,O O O O O O O O O O O O O O O O O O O O O O O O O O O O O O B-COMP I-COMP I-COMP I-COMP I-COMP I-COMP I-COMP I-COMP I-COMP I-COMP I-COMP I-COMP I-COMP I-COMP I-COMP I-COMP I-COMP I-COMP I-COMP I-COMP I-COMP I-COMP I-COMP I-COMP I-COMP B-COMP I-COMP I-COMP I-COMP I-COMP I-COMP I-COMP I-COMP I-COMP I-COMP,O O O O O O O O O O O O O O O O O O O O O O O O O O O O O O B-COMP I-COMP I-COMP I-COMP I-COMP I-COMP I-COMP I-COMP I-COMP I-COMP I-COMP I-COMP I-COMP I-COMP I-COMP I-COMP I-COMP I-COMP I-COMP I-COMP I-COMP I-COMP I-COMP I-COMP I-COMP B-COMP I-COMP I-COMP I-COMP I-COMP I-COMP I-COMP I-COMP I-COMP I-COMP,65,65,False,True
33,B-COMP I-COMP I-COMP I-COMP I-COMP I-COMP I-COMP I-COMP,B-COMP I-COMP I-COMP I-COMP I-COMP I-COMP I-COMP I-COMP,8,8,False,True
34,B-COMP I-COMP I-COMP I-COMP I-COMP I-COMP I-COMP I-COMP I-COMP I-COMP I-COMP B-COMP I-COMP B-COMP I-COMP I-COMP I-COMP I-COMP I-COMP I-COMP I-COMP I-COMP I-COMP I-COMP B-COMP I-COMP I-COMP I-COMP B-COMP I-COMP I-COMP I-COMP I-COMP I-COMP I-COMP I-COMP I-COMP I-COMP B-COMP I-COMP I-COMP I-COMP I-COMP I-COMP I-COMP B-COMP O B-COMP I-COMP I-COMP I-COMP I-COMP I-COMP I-COMP O O O O O O O O O O O O O O O B-COMP I-COMP I-COMP I-COMP I-COMP,B-COMP I-COMP I-COMP I-COMP I-COMP I-COMP I-COMP I-COMP I-COMP I-COMP I-COMP B-COMP I-COMP B-COMP I-COMP I-COMP I-COMP I-COMP I-COMP I-COMP I-COMP I-COMP I-COMP I-COMP B-COMP I-COMP I-COMP I-COMP B-COMP I-COMP I-COMP I-COMP I-COMP I-COMP I-COMP I-COMP I-COMP I-COMP B-COMP I-COMP I-COMP I-COMP I-COMP I-COMP I-COMP B-COMP O B-COMP I-COMP I-COMP I-COMP I-COMP I-COMP I-COMP O O O O O O O O O O O O O O O B-COMP I-COMP I-COMP I-COMP I-COMP,74,74,False,True
35,B-COMP I-COMP I-COMP I-COMP I-COMP I-COMP I-COMP I-COMP I-COMP,B-COMP I-COMP I-COMP I-COMP I-COMP I-COMP I-COMP I-COMP I-COMP,9,9,False,True
36,B-COMP I-COMP I-COMP I-COMP I-COMP I-COMP B-COMP I-COMP I-COMP I-COMP I-COMP I-COMP B-COMP I-COMP I-COMP I-COMP I-COMP I-COMP,B-COMP I-COMP I-COMP I-COMP I-COMP I-COMP B-COMP I-COMP I-COMP I-COMP I-COMP I-COMP B-COMP I-COMP I-COMP I-COMP I-COMP I-COMP,18,18,False,True
37,B-COMP I-COMP I-COMP I-COMP I-COMP I-COMP I-COMP I-COMP I-COMP I-COMP I-COMP B-COMP I-COMP I-COMP I-COMP I-COMP I-COMP I-COMP I-COMP I-COMP I-COMP I-COMP I-COMP I-COMP I-COMP I-COMP I-COMP I-COMP I-COMP I-COMP I-COMP I-COMP I-COMP I-COMP I-COMP I-COMP I-COMP O O O O B-COMP I-COMP I-COMP I-COMP I-COMP I-COMP I-COMP I-COMP,B-COMP I-COMP I-COMP I-COMP I-COMP I-COMP I-COMP I-COMP I-COMP I-COMP I-COMP B-COMP I-COMP I-COMP I-COMP I-COMP I-COMP I-COMP I-COMP I-COMP I-COMP I-COMP I-COMP I-COMP I-COMP I-COMP I-COMP I-COMP I-COMP I-COMP I-COMP I-COMP I-COMP I-COMP I-COMP I-COMP I-COMP O O O O B-COMP I-COMP I-COMP I-COMP I-COMP I-COMP I-COMP I-COMP,49,49,False,True
38,B-COMP I-COMP I-COMP I-COMP I-COMP I-COMP I-COMP I-COMP I-COMP I-COMP I-COMP I-COMP I-COMP I-COMP I-COMP I-COMP I-COMP I-COMP I-COMP I-COMP I-COMP I-COMP I-COMP I-COMP I-COMP I-COMP I-COMP I-COMP O B-COMP I-COMP I-COMP I-COMP I-COMP I-COMP I-COMP I-COMP I-COMP I-COMP,B-COMP I-COMP I-COMP I-COMP I-COMP I-COMP I-COMP I-COMP I-COMP I-COMP I-COMP I-COMP I-COMP I-COMP I-COMP I-COMP I-COMP I-COMP I-COMP I-COMP I-COMP I-COMP I-COMP I-COMP I-COMP I-COMP I-COMP I-COMP O B-COMP I-COMP I-COMP I-COMP I-COMP I-COMP I-COMP I-COMP I-COMP I-COMP,39,39,False,True
39,B-COMP I-COMP I-COMP I-COMP I-COMP I-COMP O B-COMP I-COMP I-COMP I-COMP I-COMP,B-COMP I-COMP I-COMP I-COMP I-COMP I-COMP O B-COMP I-COMP I-COMP I-COMP I-COMP,12,12,False,True
40,B-COMP I-COMP I-COMP I-COMP I-COMP I-COMP I-COMP I-COMP I-COMP I-COMP I-COMP I-COMP I-COMP I-COMP I-COMP I-COMP I-COMP I-COMP I-COMP I-COMP I-COMP I-COMP I-COMP I-COMP I-COMP I-COMP I-COMP I-COMP I-COMP I-COMP I-COMP I-COMP I-COMP I-COMP I-COMP I-COMP I-COMP I-COMP I-COMP O O O O O O O O O O O O O O O O O O O O O O O O O O O O O O O O O B-COMP I-COMP I-COMP I-COMP I-COMP,O O O I-COMP I-COMP O O O O O O O O O O O O O O O O O O O O O O O O O O O O O O O O O O O O O O O O O O O O O O O O O O O O O O O O O O O O O O O O O O O B-COMP I-COMP I-COMP I-COMP I-COMP,77,77,False,False
41,B-COMP I-COMP I-COMP B-COMP I-COMP I-COMP I-COMP I-COMP I-COMP I-COMP I-COMP I-COMP O B-COMP I-COMP I-COMP I-COMP I-COMP I-COMP I-COMP I-COMP I-COMP I-COMP I-COMP I-COMP I-COMP I-COMP I-COMP I-COMP I-COMP I-COMP I-COMP I-COMP I-COMP I-COMP I-COMP I-COMP I-COMP I-COMP I-COMP I-COMP I-COMP I-COMP I-COMP B-COMP I-COMP I-COMP I-COMP I-COMP I-COMP I-COMP I-COMP I-COMP I-COMP I-COMP I-COMP B-COMP I-COMP I-COMP I-COMP I-COMP I-COMP I-COMP I-COMP I-COMP I-COMP I-COMP I-COMP,B-COMP I-COMP I-COMP B-COMP I-COMP I-COMP I-COMP I-COMP I-COMP I-COMP I-COMP I-COMP O B-COMP I-COMP I-COMP I-COMP I-COMP I-COMP I-COMP I-COMP I-COMP I-COMP I-COMP I-COMP I-COMP I-COMP I-COMP I-COMP I-COMP I-COMP I-COMP I-COMP I-COMP I-COMP I-COMP I-COMP I-COMP I-COMP I-COMP I-COMP I-COMP I-COMP I-COMP B-COMP I-COMP I-COMP I-COMP I-COMP I-COMP I-COMP I-COMP I-COMP I-COMP I-COMP I-COMP B-COMP I-COMP I-COMP I-COMP I-COMP I-COMP I-COMP I-COMP I-COMP I-COMP I-COMP I-COMP,68,68,False,True
42,O O O O O O,O O O O O O,6,6,False,True
43,B-COMP I-COMP I-COMP I-COMP I-COMP I-COMP I-COMP I-COMP I-COMP I-COMP I-COMP I-COMP I-COMP I-COMP I-COMP I-COMP I-COMP I-COMP I-COMP I-COMP I-COMP I-COMP I-COMP I-COMP I-COMP I-COMP I-COMP O O O O O O O O O O O O O O O O O O O O O O O O O O O O O O O O O O O O B-COMP B-COMP B-COMP I-COMP I-COMP I-COMP I-COMP,B-COMP I-COMP I-COMP I-COMP I-COMP I-COMP I-COMP I-COMP I-COMP I-COMP I-COMP I-COMP I-COMP I-COMP I-COMP I-COMP I-COMP I-COMP I-COMP I-COMP I-COMP I-COMP I-COMP I-COMP I-COMP I-COMP I-COMP O O O O O O O O O O O O O O O O O O O O O O O O O O O O O O O O O O O O B-COMP B-COMP B-COMP I-COMP I-COMP I-COMP I-COMP,70,70,False,True
44,O O O O O O O O O O O O O O O O O O O O O O O O O O O O O O O O O O O O O O O O O O B-COMP I-COMP I-COMP O O O O B-COMP I-COMP I-COMP I-COMP O O O O O O O B-COMP I-COMP I-COMP I-COMP I-COMP I-COMP O O O O O O O O O O O O,O O O O O O O O O B-COMP I-COMP I-COMP I-COMP I-COMP I-COMP I-COMP I-COMP I-COMP I-COMP I-COMP I-COMP I-COMP O B-COMP I-COMP I-COMP I-COMP I-COMP I-COMP I-COMP B-COMP I-COMP I-COMP I-COMP I-COMP I-COMP I-COMP I-COMP I-COMP I-COMP B-COMP I-COMP I-COMP I-COMP I-COMP B-COMP I-COMP I-COMP I-COMP I-COMP I-COMP I-COMP I-COMP O B-COMP I-COMP I-COMP I-COMP I-COMP I-COMP I-COMP I-COMP I-COMP I-COMP I-COMP I-COMP O B-COMP I-COMP I-COMP I-COMP I-COMP I-COMP B-COMP I-COMP I-COMP I-COMP I-COMP,78,78,False,False
45,B-COMP I-COMP I-COMP I-COMP B-COMP I-COMP I-COMP I-COMP I-COMP B-COMP I-COMP I-COMP I-COMP I-COMP I-COMP I-COMP B-COMP I-COMP I-COMP I-COMP I-COMP I-COMP B-COMP I-COMP I-COMP I-COMP B-COMP I-COMP I-COMP I-COMP O B-COMP I-COMP I-COMP I-COMP I-COMP I-COMP I-COMP I-COMP I-COMP O O O O O,B-COMP I-COMP I-COMP I-COMP B-COMP I-COMP I-COMP I-COMP I-COMP B-COMP I-COMP I-COMP I-COMP I-COMP I-COMP I-COMP B-COMP I-COMP I-COMP I-COMP I-COMP I-COMP B-COMP I-COMP I-COMP I-COMP B-COMP I-COMP I-COMP I-COMP O B-COMP I-COMP I-COMP I-COMP I-COMP I-COMP I-COMP I-COMP I-COMP O O O O O,45,45,False,True
46,O B-COMP I-COMP B-COMP I-COMP I-COMP I-COMP I-COMP I-COMP I-COMP I-COMP B-COMP I-COMP I-COMP I-COMP I-COMP I-COMP O B-COMP I-COMP I-COMP I-COMP I-COMP I-COMP I-COMP I-COMP I-COMP I-COMP I-COMP I-COMP I-COMP I-COMP B-COMP I-COMP I-COMP O B-COMP I-COMP I-COMP I-COMP I-COMP I-COMP I-COMP I-COMP I-COMP I-COMP I-COMP B-COMP I-COMP I-COMP I-COMP I-COMP I-COMP I-COMP I-COMP I-COMP I-COMP I-COMP I-COMP I-COMP,O B-COMP I-COMP B-COMP I-COMP I-COMP I-COMP I-COMP I-COMP I-COMP I-COMP B-COMP I-COMP I-COMP I-COMP I-COMP I-COMP O B-COMP I-COMP I-COMP I-COMP I-COMP I-COMP I-COMP I-COMP I-COMP I-COMP I-COMP I-COMP I-COMP I-COMP B-COMP I-COMP I-COMP O B-COMP I-COMP I-COMP I-COMP I-COMP I-COMP I-COMP I-COMP I-COMP I-COMP I-COMP B-COMP I-COMP I-COMP I-COMP I-COMP I-COMP I-COMP I-COMP I-COMP I-COMP I-COMP I-COMP I-COMP,60,60,False,True
47,B-COMP I-COMP I-COMP I-COMP I-COMP I-COMP O B-COMP I-COMP I-COMP I-COMP I-COMP I-COMP I-COMP I-COMP O O B-COMP I-COMP I-COMP I-COMP,B-COMP I-COMP I-COMP I-COMP I-COMP I-COMP O B-COMP I-COMP I-COMP I-COMP I-COMP I-COMP I-COMP I-COMP O O B-COMP I-COMP I-COMP I-COMP,21,21,False,True
48,B-COMP I-COMP I-COMP I-COMP I-COMP I-COMP I-COMP I-COMP I-COMP I-COMP I-COMP I-COMP I-COMP O O B-COMP I-COMP I-COMP I-COMP I-COMP I-COMP I-COMP I-COMP I-COMP I-COMP I-COMP I-COMP I-COMP I-COMP I-COMP I-COMP,B-COMP I-COMP I-COMP I-COMP I-COMP I-COMP I-COMP I-COMP I-COMP I-COMP I-COMP I-COMP I-COMP O O B-COMP I-COMP I-COMP I-COMP I-COMP I-COMP I-COMP I-COMP I-COMP I-COMP I-COMP I-COMP I-COMP I-COMP I-COMP I-COMP,31,31,False,True
49,B-COMP B-COMP I-COMP I-COMP I-COMP,B-COMP B-COMP I-COMP I-COMP I-COMP,5,5,False,True
50,B-COMP I-COMP I-COMP I-COMP I-COMP O B-COMP I-COMP,B-COMP I-COMP I-COMP I-COMP I-COMP O B-COMP I-COMP,8,8,False,True
51,B-COMP I-COMP I-COMP I-COMP I-COMP I-COMP I-COMP I-COMP I-COMP I-COMP I-COMP B-COMP I-COMP I-COMP I-COMP I-COMP I-COMP B-COMP I-COMP I-COMP I-COMP I-COMP I-COMP I-COMP I-COMP I-COMP I-COMP I-COMP I-COMP I-COMP I-COMP B-COMP I-COMP I-COMP I-COMP I-COMP I-COMP I-COMP I-COMP I-COMP I-COMP I-COMP I-COMP I-COMP I-COMP I-COMP I-COMP I-COMP I-COMP I-COMP I-COMP I-COMP I-COMP B-COMP I-COMP I-COMP I-COMP O,B-COMP I-COMP I-COMP I-COMP I-COMP I-COMP I-COMP I-COMP I-COMP I-COMP I-COMP B-COMP I-COMP I-COMP I-COMP I-COMP I-COMP B-COMP I-COMP I-COMP I-COMP I-COMP I-COMP I-COMP I-COMP I-COMP I-COMP I-COMP I-COMP I-COMP I-COMP B-COMP I-COMP I-COMP I-COMP I-COMP I-COMP I-COMP I-COMP I-COMP I-COMP I-COMP I-COMP I-COMP I-COMP I-COMP I-COMP I-COMP I-COMP I-COMP I-COMP I-COMP I-COMP B-COMP I-COMP I-COMP I-COMP O,58,58,False,True
52,B-COMP I-COMP I-COMP I-COMP I-COMP O O O O O O O O O,B-COMP I-COMP I-COMP I-COMP I-COMP O O O O O O O O O,14,14,False,True
53,B-COMP I-COMP I-COMP I-COMP I-COMP I-COMP I-COMP I-COMP I-COMP I-COMP I-COMP I-COMP I-COMP I-COMP I-COMP I-COMP I-COMP I-COMP I-COMP I-COMP I-COMP I-COMP I-COMP I-COMP I-COMP I-COMP I-COMP I-COMP I-COMP I-COMP I-COMP I-COMP I-COMP I-COMP I-COMP I-COMP I-COMP I-COMP I-COMP I-COMP I-COMP I-COMP I-COMP I-COMP I-COMP O O O O O O O O O O O O O O O O O O O O O O O O O O O O,B-COMP I-COMP I-COMP I-COMP I-COMP I-COMP I-COMP I-COMP I-COMP I-COMP I-COMP I-COMP I-COMP I-COMP I-COMP I-COMP I-COMP I-COMP I-COMP I-COMP I-COMP I-COMP I-COMP I-COMP I-COMP I-COMP I-COMP I-COMP I-COMP I-COMP I-COMP I-COMP I-COMP I-COMP I-COMP I-COMP I-COMP I-COMP I-COMP I-COMP I-COMP I-COMP I-COMP I-COMP I-COMP B-COMP I-COMP I-COMP I-COMP I-COMP I-COMP I-COMP I-COMP I-COMP I-COMP I-COMP I-COMP I-COMP I-COMP I-COMP I-COMP I-COMP I-COMP I-COMP I-COMP I-COMP I-COMP B-COMP B-COMP I-COMP I-COMP I-COMP I-COMP,73,73,False,False
54,B-COMP I-COMP O B-COMP I-COMP O O O O O O O O O,B-COMP I-COMP O B-COMP I-COMP O O O O O O O O O,14,14,False,True
55,B-COMP I-COMP I-COMP I-COMP I-COMP I-COMP I-COMP I-COMP O B-COMP I-COMP I-COMP I-COMP I-COMP I-COMP I-COMP I-COMP I-COMP I-COMP I-COMP I-COMP I-COMP I-COMP I-COMP I-COMP I-COMP B-COMP I-COMP I-COMP I-COMP I-COMP B-COMP I-COMP I-COMP I-COMP I-COMP I-COMP I-COMP I-COMP I-COMP I-COMP I-COMP I-COMP I-COMP I-COMP I-COMP O O O O O O O B-COMP I-COMP I-COMP I-COMP I-COMP I-COMP I-COMP I-COMP I-COMP O O B-COMP I-COMP I-COMP I-COMP B-COMP I-COMP I-COMP I-COMP I-COMP,B-COMP I-COMP I-COMP I-COMP I-COMP I-COMP I-COMP I-COMP O B-COMP I-COMP I-COMP I-COMP I-COMP I-COMP I-COMP I-COMP I-COMP I-COMP I-COMP I-COMP I-COMP I-COMP I-COMP I-COMP I-COMP B-COMP I-COMP I-COMP I-COMP I-COMP B-COMP I-COMP I-COMP I-COMP I-COMP I-COMP I-COMP I-COMP I-COMP I-COMP I-COMP I-COMP I-COMP I-COMP I-COMP O O O O O O O B-COMP I-COMP I-COMP I-COMP I-COMP I-COMP I-COMP I-COMP I-COMP O O B-COMP I-COMP I-COMP I-COMP B-COMP I-COMP I-COMP I-COMP I-COMP,73,73,False,True
56,B-COMP I-COMP I-COMP I-COMP I-COMP I-COMP B-COMP I-COMP I-COMP I-COMP I-COMP I-COMP I-COMP B-COMP I-COMP I-COMP I-COMP I-COMP I-COMP I-COMP I-COMP I-COMP I-COMP I-COMP I-COMP B-COMP I-COMP I-COMP B-COMP I-COMP I-COMP I-COMP I-COMP I-COMP I-COMP I-COMP I-COMP I-COMP O O O O O O O O B-COMP I-COMP I-COMP I-COMP I-COMP I-COMP I-COMP I-COMP I-COMP I-COMP I-COMP I-COMP I-COMP I-COMP I-COMP B-COMP I-COMP I-COMP I-COMP I-COMP B-COMP I-COMP I-COMP,B-COMP I-COMP I-COMP I-COMP I-COMP I-COMP B-COMP I-COMP I-COMP I-COMP I-COMP I-COMP I-COMP B-COMP I-COMP I-COMP I-COMP I-COMP I-COMP I-COMP I-COMP I-COMP I-COMP I-COMP I-COMP B-COMP I-COMP I-COMP B-COMP I-COMP I-COMP I-COMP I-COMP I-COMP I-COMP I-COMP I-COMP I-COMP O B-COMP I-COMP I-COMP I-COMP I-COMP I-COMP I-COMP B-COMP I-COMP I-COMP I-COMP I-COMP I-COMP I-COMP I-COMP I-COMP I-COMP I-COMP I-COMP I-COMP I-COMP I-COMP B-COMP I-COMP I-COMP I-COMP I-COMP B-COMP I-COMP I-COMP,69,69,False,False
57,B-COMP I-COMP I-COMP I-COMP I-COMP I-COMP O B-COMP I-COMP I-COMP,B-COMP I-COMP I-COMP I-COMP I-COMP I-COMP O B-COMP I-COMP I-COMP,10,10,False,True
58,B-COMP I-COMP I-COMP I-COMP I-COMP I-COMP O O B-COMP B-COMP I-COMP I-COMP I-COMP I-COMP I-COMP I-COMP I-COMP I-COMP B-COMP I-COMP I-COMP I-COMP I-COMP I-COMP I-COMP O O O O O O O O O O O B-COMP I-COMP I-COMP I-COMP I-COMP I-COMP I-COMP I-COMP I-COMP B-COMP I-COMP I-COMP I-COMP I-COMP I-COMP I-COMP I-COMP I-COMP I-COMP I-COMP I-COMP I-COMP I-COMP I-COMP I-COMP I-COMP I-COMP I-COMP I-COMP I-COMP,B-COMP I-COMP I-COMP I-COMP I-COMP I-COMP O O B-COMP B-COMP I-COMP I-COMP I-COMP I-COMP I-COMP I-COMP I-COMP I-COMP B-COMP I-COMP I-COMP I-COMP I-COMP I-COMP I-COMP O O O O O O O O O O O B-COMP I-COMP I-COMP I-COMP I-COMP I-COMP I-COMP I-COMP I-COMP B-COMP I-COMP I-COMP I-COMP I-COMP I-COMP I-COMP I-COMP I-COMP I-COMP I-COMP I-COMP I-COMP I-COMP I-COMP I-COMP I-COMP I-COMP I-COMP I-COMP I-COMP,66,66,False,True
59,B-COMP I-COMP I-COMP O B-COMP I-COMP I-COMP I-COMP I-COMP I-COMP I-COMP I-COMP I-COMP I-COMP I-COMP I-COMP I-COMP I-COMP I-COMP I-COMP I-COMP I-COMP I-COMP B-COMP I-COMP O B-COMP I-COMP I-COMP I-COMP I-COMP I-COMP I-COMP B-COMP I-COMP I-COMP I-COMP I-COMP I-COMP I-COMP I-COMP B-COMP I-COMP I-COMP I-COMP I-COMP I-COMP B-COMP I-COMP I-COMP I-COMP B-COMP I-COMP I-COMP I-COMP I-COMP I-COMP I-COMP I-COMP O B-COMP I-COMP I-COMP I-COMP I-COMP B-COMP I-COMP I-COMP I-COMP I-COMP,B-COMP I-COMP I-COMP O B-COMP I-COMP I-COMP I-COMP I-COMP I-COMP I-COMP I-COMP I-COMP I-COMP I-COMP I-COMP I-COMP I-COMP I-COMP I-COMP I-COMP I-COMP I-COMP B-COMP I-COMP O B-COMP I-COMP I-COMP I-COMP I-COMP I-COMP I-COMP B-COMP I-COMP I-COMP I-COMP I-COMP I-COMP I-COMP I-COMP B-COMP I-COMP I-COMP I-COMP I-COMP I-COMP B-COMP I-COMP I-COMP I-COMP B-COMP I-COMP I-COMP I-COMP I-COMP I-COMP I-COMP I-COMP O B-COMP I-COMP I-COMP I-COMP I-COMP B-COMP I-COMP I-COMP I-COMP I-COMP,70,70,False,True
60,B-COMP I-COMP I-COMP I-COMP B-COMP I-COMP I-COMP I-COMP I-COMP,B-COMP I-COMP I-COMP I-COMP B-COMP I-COMP I-COMP I-COMP I-COMP,9,9,False,True
61,B-COMP I-COMP I-COMP I-COMP I-COMP I-COMP I-COMP I-COMP I-COMP I-COMP I-COMP I-COMP I-COMP I-COMP I-COMP I-COMP I-COMP I-COMP I-COMP I-COMP I-COMP I-COMP I-COMP B-COMP I-COMP I-COMP I-COMP I-COMP I-COMP I-COMP I-COMP I-COMP I-COMP I-COMP I-COMP I-COMP I-COMP B-COMP I-COMP I-COMP I-COMP I-COMP I-COMP I-COMP I-COMP I-COMP I-COMP I-COMP I-COMP I-COMP I-COMP I-COMP I-COMP I-COMP I-COMP I-COMP I-COMP I-COMP B-COMP I-COMP I-COMP I-COMP I-COMP I-COMP I-COMP I-COMP I-COMP I-COMP I-COMP I-COMP I-COMP I-COMP B-COMP I-COMP I-COMP I-COMP I-COMP,B-COMP I-COMP I-COMP I-COMP I-COMP I-COMP I-COMP I-COMP I-COMP I-COMP I-COMP I-COMP I-COMP I-COMP I-COMP I-COMP I-COMP I-COMP I-COMP I-COMP I-COMP I-COMP I-COMP B-COMP I-COMP I-COMP I-COMP I-COMP I-COMP I-COMP I-COMP I-COMP I-COMP I-COMP I-COMP I-COMP I-COMP B-COMP I-COMP I-COMP I-COMP I-COMP I-COMP I-COMP I-COMP I-COMP I-COMP I-COMP I-COMP I-COMP I-COMP I-COMP I-COMP I-COMP I-COMP I-COMP I-COMP I-COMP B-COMP I-COMP I-COMP I-COMP I-COMP I-COMP I-COMP I-COMP I-COMP I-COMP I-COMP I-COMP I-COMP I-COMP B-COMP I-COMP I-COMP I-COMP I-COMP,77,77,False,True
62,B-COMP I-COMP I-COMP I-COMP I-COMP I-COMP I-COMP I-COMP I-COMP I-COMP I-COMP I-COMP I-COMP I-COMP B-COMP I-COMP I-COMP I-COMP I-COMP I-COMP I-COMP I-COMP I-COMP B-COMP I-COMP I-COMP I-COMP I-COMP I-COMP I-COMP I-COMP O B-COMP I-COMP I-COMP I-COMP I-COMP I-COMP I-COMP I-COMP I-COMP I-COMP I-COMP I-COMP I-COMP I-COMP I-COMP I-COMP I-COMP I-COMP I-COMP I-COMP I-COMP I-COMP I-COMP I-COMP I-COMP I-COMP I-COMP I-COMP I-COMP I-COMP I-COMP I-COMP I-COMP B-COMP I-COMP B-COMP I-COMP I-COMP I-COMP I-COMP,B-COMP I-COMP I-COMP I-COMP I-COMP I-COMP I-COMP I-COMP I-COMP I-COMP I-COMP I-COMP I-COMP I-COMP B-COMP I-COMP I-COMP I-COMP I-COMP I-COMP I-COMP I-COMP I-COMP B-COMP I-COMP I-COMP I-COMP I-COMP I-COMP I-COMP I-COMP O B-COMP I-COMP I-COMP I-COMP I-COMP I-COMP I-COMP I-COMP I-COMP I-COMP I-COMP I-COMP I-COMP I-COMP I-COMP I-COMP I-COMP I-COMP I-COMP I-COMP I-COMP I-COMP I-COMP I-COMP I-COMP I-COMP I-COMP I-COMP I-COMP I-COMP I-COMP I-COMP I-COMP B-COMP I-COMP B-COMP I-COMP I-COMP I-COMP I-COMP,72,72,False,True
63,B-COMP I-COMP I-COMP I-COMP B-COMP I-COMP I-COMP I-COMP I-COMP I-COMP I-COMP B-COMP I-COMP I-COMP I-COMP I-COMP I-COMP I-COMP I-COMP I-COMP I-COMP,B-COMP I-COMP I-COMP I-COMP B-COMP I-COMP I-COMP I-COMP I-COMP I-COMP I-COMP B-COMP I-COMP I-COMP I-COMP I-COMP I-COMP I-COMP I-COMP I-COMP I-COMP,21,21,False,True
64,B-COMP I-COMP I-COMP I-COMP I-COMP I-COMP I-COMP O O O O O O O O O O O O O O O O B-COMP I-COMP B-COMP I-COMP I-COMP I-COMP I-COMP I-COMP I-COMP I-COMP I-COMP I-COMP I-COMP I-COMP I-COMP I-COMP I-COMP I-COMP I-COMP O O O O O O B-COMP I-COMP I-COMP I-COMP I-COMP I-COMP I-COMP I-COMP I-COMP I-COMP O O O O O O O O B-COMP I-COMP I-COMP,B-COMP I-COMP I-COMP I-COMP I-COMP I-COMP I-COMP O O O O O O O O O O O O O O O O B-COMP I-COMP B-COMP I-COMP I-COMP I-COMP I-COMP I-COMP I-COMP I-COMP I-COMP I-COMP I-COMP I-COMP I-COMP I-COMP I-COMP I-COMP I-COMP O O O O O O B-COMP I-COMP I-COMP I-COMP I-COMP I-COMP I-COMP I-COMP I-COMP I-COMP O O O O O O O O O O O,69,69,False,False
65,O O O O O O O B-COMP I-COMP I-COMP I-COMP I-COMP I-COMP I-COMP I-COMP I-COMP I-COMP I-COMP O B-COMP I-COMP I-COMP I-COMP I-COMP I-COMP I-COMP I-COMP I-COMP I-COMP B-COMP I-COMP I-COMP I-COMP I-COMP I-COMP O B-COMP I-COMP I-COMP I-COMP I-COMP I-COMP I-COMP I-COMP I-COMP O O O O O O O O O O O O O O O O O O O O O O O B-COMP I-COMP I-COMP I-COMP I-COMP,O O O O O O O B-COMP I-COMP I-COMP I-COMP I-COMP I-COMP I-COMP I-COMP I-COMP I-COMP I-COMP O B-COMP I-COMP I-COMP I-COMP I-COMP I-COMP I-COMP I-COMP I-COMP I-COMP B-COMP I-COMP I-COMP I-COMP I-COMP I-COMP O B-COMP I-COMP I-COMP I-COMP I-COMP I-COMP I-COMP I-COMP I-COMP O O O O O O O O O O O O O O O O O O O O O O O B-COMP I-COMP I-COMP I-COMP I-COMP,73,73,False,True
66,B-COMP I-COMP I-COMP I-COMP I-COMP I-COMP I-COMP I-COMP O O O O O O O O O B-COMP B-COMP I-COMP I-COMP I-COMP I-COMP I-COMP I-COMP I-COMP O O O O O O O O O B-COMP I-COMP I-COMP I-COMP I-COMP I-COMP I-COMP I-COMP I-COMP I-COMP I-COMP I-COMP I-COMP I-COMP I-COMP I-COMP I-COMP I-COMP I-COMP I-COMP I-COMP I-COMP I-COMP I-COMP O O O O O O O B-COMP I-COMP I-COMP I-COMP I-COMP I-COMP I-COMP B-COMP I-COMP I-COMP I-COMP I-COMP,B-COMP I-COMP I-COMP I-COMP I-COMP I-COMP I-COMP I-COMP O O O O O O O O O I-COMP B-COMP I-COMP I-COMP I-COMP I-COMP I-COMP I-COMP I-COMP O O O O O O O O O B-COMP I-COMP I-COMP I-COMP I-COMP I-COMP I-COMP I-COMP I-COMP I-COMP I-COMP I-COMP I-COMP I-COMP I-COMP I-COMP I-COMP I-COMP I-COMP I-COMP I-COMP I-COMP I-COMP I-COMP O O O O O O O O O B-COMP I-COMP I-COMP I-COMP I-COMP B-COMP I-COMP I-COMP I-COMP I-COMP,78,78,False,False
67,O O O O O B-COMP I-COMP I-COMP I-COMP I-COMP I-COMP I-COMP I-COMP I-COMP I-COMP I-COMP I-COMP,B-COMP I-COMP I-COMP O O O O O O O O O O O O O O,17,17,False,False
68,B-COMP I-COMP I-COMP I-COMP I-COMP I-COMP I-COMP I-COMP I-COMP I-COMP O O O O O O O B-COMP I-COMP I-COMP I-COMP I-COMP I-COMP I-COMP I-COMP I-COMP I-COMP I-COMP I-COMP B-COMP I-COMP B-COMP I-COMP I-COMP I-COMP I-COMP I-COMP I-COMP I-COMP I-COMP I-COMP I-COMP O B-COMP O O O O O O O O O O B-COMP I-COMP I-COMP I-COMP I-COMP I-COMP I-COMP I-COMP I-COMP I-COMP I-COMP I-COMP,B-COMP I-COMP I-COMP I-COMP I-COMP I-COMP I-COMP I-COMP I-COMP I-COMP O O O O O O O O O O I-COMP I-COMP I-COMP I-COMP I-COMP I-COMP I-COMP I-COMP I-COMP B-COMP I-COMP B-COMP I-COMP I-COMP I-COMP I-COMP I-COMP I-COMP I-COMP I-COMP I-COMP I-COMP O B-COMP O O O O O O O B-COMP O O B-COMP I-COMP I-COMP I-COMP I-COMP I-COMP I-COMP I-COMP I-COMP I-COMP I-COMP I-COMP,66,66,False,False
69,B-COMP I-COMP I-COMP O O O O O O O O O O O O O O O O O O O O O O O B-COMP I-COMP I-COMP I-COMP I-COMP I-COMP I-COMP I-COMP I-COMP I-COMP O B-COMP I-COMP I-COMP I-COMP I-COMP I-COMP I-COMP I-COMP I-COMP O B-COMP I-COMP I-COMP I-COMP I-COMP I-COMP,B-COMP I-COMP I-COMP O B-COMP I-COMP O B-COMP B-COMP I-COMP I-COMP I-COMP I-COMP I-COMP I-COMP I-COMP I-COMP O O B-COMP I-COMP I-COMP I-COMP I-COMP I-COMP O B-COMP I-COMP I-COMP I-COMP I-COMP I-COMP I-COMP I-COMP I-COMP I-COMP O B-COMP I-COMP I-COMP I-COMP I-COMP I-COMP I-COMP I-COMP I-COMP O B-COMP I-COMP I-COMP I-COMP I-COMP I-COMP,53,53,False,False
70,O O O O O O B-COMP I-COMP I-COMP I-COMP I-COMP I-COMP I-COMP I-COMP I-COMP I-COMP I-COMP I-COMP I-COMP B-COMP I-COMP I-COMP I-COMP I-COMP I-COMP B-COMP I-COMP I-COMP O B-COMP I-COMP O O B-COMP I-COMP I-COMP I-COMP I-COMP I-COMP I-COMP B-COMP I-COMP I-COMP O B-COMP I-COMP I-COMP I-COMP I-COMP I-COMP I-COMP I-COMP I-COMP I-COMP I-COMP I-COMP I-COMP B-COMP I-COMP I-COMP I-COMP I-COMP I-COMP I-COMP I-COMP I-COMP I-COMP I-COMP I-COMP I-COMP I-COMP I-COMP B-COMP I-COMP I-COMP I-COMP I-COMP,O O O O O O B-COMP I-COMP I-COMP I-COMP I-COMP I-COMP I-COMP I-COMP I-COMP I-COMP I-COMP I-COMP I-COMP B-COMP I-COMP I-COMP I-COMP I-COMP I-COMP B-COMP I-COMP I-COMP O B-COMP I-COMP O O B-COMP I-COMP I-COMP I-COMP I-COMP I-COMP I-COMP B-COMP I-COMP I-COMP O B-COMP I-COMP I-COMP I-COMP I-COMP I-COMP I-COMP I-COMP I-COMP I-COMP I-COMP I-COMP I-COMP B-COMP I-COMP I-COMP I-COMP I-COMP I-COMP I-COMP I-COMP I-COMP I-COMP I-COMP I-COMP I-COMP I-COMP I-COMP B-COMP I-COMP I-COMP I-COMP I-COMP,77,77,False,True
71,B-COMP I-COMP I-COMP O O O O O O O O O O O O O O O O O O O O O O O O O O O O O O O O O O O O O O O O O O O O O O O O O O O O O O O O O O O O O O O O O,B-COMP I-COMP I-COMP O O O O O O O O O O O O O O O O O O O O O O O O O O O O O O O O O O O O O O O O O O O O O O O O O O O O O O O O O O O O O O O O O,68,68,False,True
72,B-COMP I-COMP I-COMP I-COMP B-COMP I-COMP I-COMP B-COMP I-COMP I-COMP I-COMP I-COMP I-COMP I-COMP I-COMP I-COMP I-COMP O O B-COMP I-COMP I-COMP I-COMP,B-COMP I-COMP I-COMP I-COMP B-COMP I-COMP I-COMP B-COMP I-COMP I-COMP I-COMP I-COMP I-COMP I-COMP I-COMP I-COMP I-COMP O O B-COMP I-COMP I-COMP I-COMP,23,23,False,True
73,B-COMP I-COMP I-COMP I-COMP B-COMP I-COMP I-COMP I-COMP I-COMP I-COMP I-COMP I-COMP I-COMP O B-COMP I-COMP I-COMP I-COMP I-COMP I-COMP O O O O O O O O B-COMP,B-COMP I-COMP I-COMP I-COMP B-COMP I-COMP I-COMP I-COMP I-COMP I-COMP I-COMP I-COMP I-COMP O B-COMP I-COMP I-COMP I-COMP I-COMP I-COMP O O O O O O O O I-COMP,29,29,False,False
74,B-COMP I-COMP I-COMP I-COMP I-COMP I-COMP I-COMP O B-COMP I-COMP I-COMP I-COMP B-COMP I-COMP I-COMP I-COMP I-COMP B-COMP I-COMP I-COMP I-COMP I-COMP I-COMP I-COMP I-COMP I-COMP I-COMP I-COMP I-COMP I-COMP I-COMP I-COMP I-COMP,B-COMP I-COMP I-COMP I-COMP I-COMP I-COMP I-COMP O B-COMP I-COMP I-COMP I-COMP B-COMP I-COMP I-COMP I-COMP I-COMP B-COMP I-COMP I-COMP I-COMP I-COMP I-COMP I-COMP I-COMP I-COMP I-COMP I-COMP I-COMP I-COMP I-COMP I-COMP I-COMP,33,33,False,True
75,B-COMP I-COMP I-COMP I-COMP I-COMP I-COMP I-COMP,B-COMP I-COMP I-COMP I-COMP I-COMP I-COMP I-COMP,7,7,False,True
76,B-COMP I-COMP I-COMP I-COMP I-COMP I-COMP I-COMP I-COMP I-COMP I-COMP I-COMP I-COMP I-COMP,B-COMP I-COMP I-COMP I-COMP I-COMP I-COMP I-COMP I-COMP I-COMP I-COMP I-COMP I-COMP I-COMP,13,13,False,True
77,B-COMP I-COMP I-COMP I-COMP I-COMP B-COMP I-COMP I-COMP I-COMP,B-COMP I-COMP I-COMP I-COMP I-COMP B-COMP I-COMP I-COMP I-COMP,9,9,False,True
78,B-COMP I-COMP I-COMP I-COMP O B-COMP I-COMP I-COMP,B-COMP I-COMP I-COMP I-COMP O B-COMP I-COMP I-COMP,8,8,False,True
79,O O O B-COMP I-COMP I-COMP I-COMP,B-COMP I-COMP O B-COMP I-COMP I-COMP I-COMP,7,7,False,False
80,B-COMP I-COMP I-COMP I-COMP I-COMP O O B-COMP I-COMP I-COMP I-COMP B-COMP I-COMP I-COMP I-COMP I-COMP I-COMP,B-COMP I-COMP I-COMP I-COMP I-COMP O O B-COMP I-COMP I-COMP I-COMP B-COMP I-COMP I-COMP I-COMP I-COMP I-COMP,17,17,False,True
81,O O O O O O B-COMP I-COMP I-COMP I-COMP I-COMP I-COMP I-COMP I-COMP I-COMP I-COMP I-COMP I-COMP O O O O O O O O O O O O O B-COMP I-COMP I-COMP I-COMP I-COMP B-COMP I-COMP I-COMP I-COMP I-COMP I-COMP I-COMP O O O O O O O O O B-COMP I-COMP I-COMP I-COMP B-COMP I-COMP I-COMP I-COMP O B-COMP I-COMP I-COMP I-COMP I-COMP I-COMP I-COMP O B-COMP I-COMP I-COMP I-COMP I-COMP,O O O O O O B-COMP I-COMP I-COMP I-COMP I-COMP I-COMP I-COMP I-COMP I-COMP I-COMP I-COMP I-COMP O O O O O O O O O O O O O B-COMP I-COMP I-COMP I-COMP I-COMP B-COMP I-COMP I-COMP I-COMP I-COMP I-COMP I-COMP O O O O O O O O O B-COMP I-COMP I-COMP I-COMP B-COMP I-COMP I-COMP I-COMP O B-COMP I-COMP I-COMP I-COMP I-COMP I-COMP I-COMP O B-COMP I-COMP I-COMP I-COMP I-COMP,74,74,False,True
82,B-COMP I-COMP I-COMP O B-COMP I-COMP I-COMP I-COMP I-COMP I-COMP I-COMP I-COMP I-COMP I-COMP I-COMP I-COMP I-COMP I-COMP I-COMP I-COMP I-COMP I-COMP I-COMP I-COMP I-COMP O O B-COMP I-COMP I-COMP I-COMP I-COMP I-COMP I-COMP I-COMP I-COMP,B-COMP I-COMP I-COMP O B-COMP I-COMP I-COMP I-COMP I-COMP I-COMP I-COMP I-COMP I-COMP I-COMP I-COMP I-COMP I-COMP I-COMP I-COMP I-COMP I-COMP I-COMP I-COMP I-COMP I-COMP O O B-COMP I-COMP I-COMP I-COMP I-COMP I-COMP I-COMP I-COMP I-COMP,36,36,False,True
83,B-COMP I-COMP I-COMP I-COMP I-COMP I-COMP I-COMP I-COMP O B-COMP I-COMP I-COMP I-COMP I-COMP I-COMP I-COMP I-COMP I-COMP,B-COMP O O O O O O O O B-COMP I-COMP I-COMP I-COMP I-COMP I-COMP I-COMP I-COMP I-COMP,18,18,False,False
84,B-COMP I-COMP I-COMP I-COMP I-COMP I-COMP I-COMP I-COMP I-COMP B-COMP I-COMP I-COMP I-COMP B-COMP I-COMP I-COMP I-COMP I-COMP,O O I-COMP O O I-COMP I-COMP I-COMP I-COMP B-COMP I-COMP I-COMP I-COMP B-COMP I-COMP I-COMP I-COMP I-COMP,18,18,False,False
85,B-COMP I-COMP I-COMP I-COMP I-COMP I-COMP I-COMP I-COMP I-COMP B-COMP I-COMP I-COMP I-COMP I-COMP I-COMP I-COMP I-COMP I-COMP I-COMP B-COMP I-COMP I-COMP O B-COMP I-COMP I-COMP I-COMP I-COMP,B-COMP I-COMP I-COMP I-COMP I-COMP I-COMP I-COMP I-COMP I-COMP B-COMP I-COMP I-COMP I-COMP I-COMP I-COMP I-COMP I-COMP I-COMP I-COMP B-COMP I-COMP I-COMP O B-COMP I-COMP I-COMP I-COMP I-COMP,28,28,False,True
86,B-COMP I-COMP I-COMP I-COMP B-COMP I-COMP I-COMP I-COMP I-COMP I-COMP I-COMP I-COMP I-COMP I-COMP I-COMP I-COMP B-COMP I-COMP I-COMP I-COMP O O O O,B-COMP I-COMP I-COMP I-COMP B-COMP I-COMP I-COMP I-COMP I-COMP I-COMP I-COMP I-COMP I-COMP I-COMP I-COMP I-COMP B-COMP I-COMP I-COMP I-COMP O O O O,24,24,False,True
87,B-COMP I-COMP I-COMP O O O O O O O O O O O O O O,B-COMP I-COMP I-COMP B-COMP I-COMP I-COMP I-COMP O B-COMP I-COMP I-COMP I-COMP I-COMP I-COMP I-COMP I-COMP I-COMP,17,17,False,False
88,B-COMP I-COMP I-COMP I-COMP I-COMP I-COMP I-COMP I-COMP I-COMP I-COMP I-COMP I-COMP I-COMP I-COMP I-COMP I-COMP I-COMP I-COMP I-COMP I-COMP I-COMP B-COMP I-COMP I-COMP I-COMP I-COMP I-COMP I-COMP I-COMP I-COMP O O O O O O,B-COMP I-COMP I-COMP I-COMP I-COMP I-COMP I-COMP I-COMP I-COMP I-COMP I-COMP I-COMP I-COMP I-COMP I-COMP I-COMP I-COMP I-COMP I-COMP I-COMP I-COMP B-COMP I-COMP I-COMP I-COMP I-COMP I-COMP I-COMP I-COMP I-COMP O O O O O O,36,36,False,True
89,B-COMP I-COMP I-COMP I-COMP,B-COMP I-COMP I-COMP I-COMP,4,4,False,True
90,B-COMP I-COMP I-COMP I-COMP O B-COMP I-COMP I-COMP I-COMP I-COMP I-COMP B-COMP I-COMP I-COMP I-COMP I-COMP I-COMP I-COMP I-COMP O B-COMP I-COMP I-COMP I-COMP B-COMP I-COMP I-COMP I-COMP I-COMP I-COMP I-COMP I-COMP I-COMP I-COMP I-COMP I-COMP I-COMP I-COMP I-COMP I-COMP I-COMP B-COMP I-COMP I-COMP I-COMP I-COMP I-COMP I-COMP I-COMP I-COMP I-COMP I-COMP I-COMP I-COMP I-COMP B-COMP I-COMP I-COMP I-COMP I-COMP I-COMP I-COMP I-COMP I-COMP I-COMP B-COMP I-COMP I-COMP I-COMP I-COMP,B-COMP I-COMP I-COMP I-COMP O B-COMP I-COMP I-COMP I-COMP I-COMP I-COMP B-COMP I-COMP I-COMP I-COMP I-COMP I-COMP I-COMP I-COMP O B-COMP I-COMP I-COMP I-COMP B-COMP I-COMP I-COMP I-COMP I-COMP I-COMP I-COMP I-COMP I-COMP I-COMP I-COMP I-COMP I-COMP I-COMP I-COMP I-COMP I-COMP B-COMP I-COMP I-COMP I-COMP I-COMP I-COMP I-COMP I-COMP I-COMP I-COMP I-COMP I-COMP I-COMP I-COMP B-COMP I-COMP I-COMP I-COMP I-COMP I-COMP I-COMP I-COMP I-COMP I-COMP B-COMP I-COMP I-COMP I-COMP I-COMP,70,70,False,True
91,B-COMP I-COMP I-COMP I-COMP I-COMP I-COMP I-COMP I-COMP I-COMP I-COMP I-COMP I-COMP I-COMP I-COMP B-COMP I-COMP I-COMP O B-COMP I-COMP I-COMP I-COMP I-COMP I-COMP O B-COMP I-COMP I-COMP I-COMP I-COMP I-COMP B-COMP I-COMP I-COMP I-COMP B-COMP I-COMP I-COMP I-COMP I-COMP I-COMP I-COMP I-COMP I-COMP I-COMP I-COMP I-COMP I-COMP I-COMP I-COMP I-COMP I-COMP O B-COMP I-COMP I-COMP I-COMP I-COMP I-COMP I-COMP B-COMP I-COMP I-COMP,B-COMP I-COMP I-COMP I-COMP I-COMP I-COMP I-COMP I-COMP I-COMP I-COMP I-COMP I-COMP I-COMP I-COMP B-COMP I-COMP I-COMP O B-COMP I-COMP I-COMP I-COMP I-COMP I-COMP O B-COMP I-COMP I-COMP I-COMP I-COMP I-COMP B-COMP I-COMP I-COMP I-COMP B-COMP I-COMP I-COMP I-COMP I-COMP I-COMP I-COMP I-COMP I-COMP I-COMP I-COMP I-COMP I-COMP I-COMP I-COMP I-COMP I-COMP O B-COMP I-COMP I-COMP I-COMP I-COMP I-COMP I-COMP B-COMP I-COMP I-COMP,63,63,False,True
92,B-COMP I-COMP I-COMP O B-COMP I-COMP I-COMP I-COMP I-COMP I-COMP I-COMP I-COMP I-COMP I-COMP I-COMP I-COMP I-COMP,B-COMP I-COMP I-COMP O B-COMP I-COMP I-COMP I-COMP I-COMP I-COMP I-COMP I-COMP I-COMP I-COMP I-COMP I-COMP I-COMP,17,17,False,True
93,B-COMP I-COMP I-COMP I-COMP I-COMP I-COMP I-COMP I-COMP I-COMP I-COMP I-COMP O B-COMP I-COMP I-COMP I-COMP I-COMP I-COMP I-COMP I-COMP I-COMP I-COMP I-COMP I-COMP I-COMP I-COMP I-COMP I-COMP I-COMP I-COMP I-COMP I-COMP I-COMP I-COMP I-COMP I-COMP I-COMP I-COMP I-COMP B-COMP I-COMP I-COMP I-COMP I-COMP I-COMP I-COMP I-COMP I-COMP I-COMP I-COMP I-COMP I-COMP I-COMP I-COMP B-COMP I-COMP I-COMP I-COMP I-COMP I-COMP I-COMP I-COMP O B-COMP I-COMP I-COMP O B-COMP I-COMP I-COMP I-COMP I-COMP,B-COMP I-COMP I-COMP I-COMP I-COMP I-COMP I-COMP I-COMP I-COMP I-COMP I-COMP O B-COMP I-COMP I-COMP I-COMP I-COMP I-COMP I-COMP I-COMP I-COMP I-COMP I-COMP I-COMP I-COMP I-COMP I-COMP I-COMP I-COMP I-COMP I-COMP I-COMP I-COMP I-COMP I-COMP I-COMP I-COMP I-COMP I-COMP B-COMP I-COMP I-COMP I-COMP I-COMP I-COMP I-COMP I-COMP I-COMP I-COMP I-COMP I-COMP I-COMP I-COMP I-COMP B-COMP I-COMP I-COMP I-COMP I-COMP I-COMP I-COMP I-COMP O B-COMP I-COMP I-COMP O B-COMP I-COMP I-COMP I-COMP I-COMP,72,72,False,True
94,B-COMP I-COMP I-COMP I-COMP I-COMP I-COMP I-COMP I-COMP I-COMP I-COMP B-COMP I-COMP I-COMP I-COMP I-COMP O B-COMP I-COMP I-COMP I-COMP I-COMP I-COMP I-COMP I-COMP I-COMP O B-COMP I-COMP I-COMP I-COMP I-COMP I-COMP I-COMP I-COMP I-COMP I-COMP I-COMP I-COMP I-COMP B-COMP I-COMP I-COMP I-COMP O B-COMP I-COMP B-COMP I-COMP I-COMP I-COMP I-COMP I-COMP B-COMP I-COMP I-COMP I-COMP I-COMP I-COMP I-COMP I-COMP I-COMP O O O B-COMP O O O O O O B-COMP I-COMP I-COMP I-COMP I-COMP,B-COMP I-COMP I-COMP I-COMP I-COMP I-COMP I-COMP I-COMP I-COMP I-COMP B-COMP I-COMP I-COMP I-COMP I-COMP O B-COMP I-COMP I-COMP I-COMP I-COMP I-COMP I-COMP I-COMP I-COMP O B-COMP I-COMP I-COMP I-COMP I-COMP I-COMP I-COMP I-COMP I-COMP I-COMP I-COMP I-COMP I-COMP B-COMP I-COMP I-COMP I-COMP O B-COMP I-COMP B-COMP I-COMP I-COMP I-COMP I-COMP I-COMP B-COMP I-COMP I-COMP I-COMP I-COMP I-COMP I-COMP I-COMP I-COMP O O O O O O O B-COMP O B-COMP B-COMP I-COMP I-COMP I-COMP I-COMP,76,76,False,False
95,B-COMP I-COMP I-COMP I-COMP I-COMP I-COMP I-COMP,B-COMP I-COMP I-COMP I-COMP I-COMP I-COMP I-COMP,7,7,False,True
96,B-COMP I-COMP I-COMP I-COMP I-COMP I-COMP B-COMP I-COMP I-COMP B-COMP I-COMP I-COMP I-COMP I-COMP I-COMP I-COMP I-COMP I-COMP I-COMP B-COMP I-COMP I-COMP I-COMP I-COMP I-COMP O O O O O O O O B-COMP I-COMP I-COMP I-COMP I-COMP I-COMP I-COMP I-COMP O B-COMP I-COMP I-COMP I-COMP I-COMP I-COMP I-COMP I-COMP I-COMP I-COMP B-COMP I-COMP B-COMP I-COMP I-COMP B-COMP I-COMP I-COMP I-COMP I-COMP B-COMP I-COMP I-COMP I-COMP I-COMP O B-COMP I-COMP I-COMP I-COMP B-COMP I-COMP I-COMP B-COMP I-COMP B-COMP B-COMP I-COMP B-COMP I-COMP I-COMP B-COMP I-COMP I-COMP B-COMP I-COMP I-COMP I-COMP I-COMP I-COMP I-COMP O O O O O O O O B-COMP I-COMP I-COMP I-COMP I-COMP I-COMP I-COMP B-COMP I-COMP I-COMP I-COMP I-COMP I-COMP B-COMP I-COMP I-COMP I-COMP I-COMP B-COMP I-COMP I-COMP I-COMP I-COMP I-COMP I-COMP I-COMP I-COMP I-COMP I-COMP I-COMP I-COMP B-COMP I-COMP I-COMP B-COMP I-COMP I-COMP I-COMP I-COMP I-COMP I-COMP I-COMP I-COMP I-COMP I-COMP I-COMP I-COMP I-COMP I-COMP I-COMP I-COMP O O O O O O O O B-COMP I-COMP I-COMP I-COMP O B-COMP I-COMP I-COMP I-COMP I-COMP I-COMP I-COMP I-COMP I-COMP I-COMP I-COMP I-COMP B-COMP I-COMP I-COMP I-COMP I-COMP I-COMP I-COMP I-COMP I-COMP I-COMP I-COMP I-COMP I-COMP I-COMP I-COMP I-COMP B-COMP I-COMP I-COMP I-COMP I-COMP I-COMP I-COMP I-COMP I-COMP I-COMP O O,B-COMP B-COMP I-COMP I-COMP I-COMP I-COMP B-COMP I-COMP I-COMP B-COMP I-COMP I-COMP I-COMP I-COMP I-COMP I-COMP I-COMP I-COMP I-COMP B-COMP I-COMP I-COMP I-COMP I-COMP I-COMP O B-COMP I-COMP I-COMP I-COMP I-COMP I-COMP I-COMP B-COMP I-COMP I-COMP I-COMP I-COMP I-COMP I-COMP I-COMP O B-COMP I-COMP I-COMP I-COMP I-COMP I-COMP I-COMP I-COMP I-COMP I-COMP B-COMP B-COMP B-COMP I-COMP I-COMP B-COMP I-COMP I-COMP I-COMP I-COMP B-COMP I-COMP I-COMP I-COMP I-COMP O B-COMP I-COMP I-COMP I-COMP B-COMP I-COMP I-COMP B-COMP I-COMP B-COMP B-COMP I-COMP B-COMP I-COMP I-COMP B-COMP I-COMP I-COMP B-COMP I-COMP I-COMP I-COMP I-COMP I-COMP I-COMP B-COMP I-COMP I-COMP I-COMP I-COMP I-COMP I-COMP I-COMP B-COMP I-COMP I-COMP I-COMP I-COMP I-COMP I-COMP O O O O I-COMP I-COMP B-COMP I-COMP I-COMP I-COMP I-COMP B-COMP O O O O O I-COMP O I-COMP I-COMP I-COMP I-COMP I-COMP B-COMP B-COMP I-COMP B-COMP I-COMP I-COMP I-COMP I-COMP I-COMP I-COMP I-COMP I-COMP I-COMP I-COMP I-COMP I-COMP I-COMP I-COMP I-COMP I-COMP O O O O O O O O O O I-COMP I-COMP O B-COMP I-COMP I-COMP I-COMP I-COMP I-COMP I-COMP I-COMP I-COMP I-COMP I-COMP I-COMP B-COMP I-COMP I-COMP I-COMP I-COMP I-COMP I-COMP I-COMP I-COMP I-COMP I-COMP I-COMP I-COMP I-COMP I-COMP I-COMP B-COMP I-COMP I-COMP I-COMP I-COMP I-COMP I-COMP I-COMP I-COMP I-COMP O O,205,205,False,False
97,O O O O O O O O,B-COMP O B-COMP I-COMP I-COMP I-COMP I-COMP I-COMP,8,8,False,False
98,B-COMP I-COMP O B-COMP I-COMP I-COMP I-COMP O O O O O O O O O O O O O B-COMP I-COMP I-COMP I-COMP I-COMP I-COMP B-COMP I-COMP,B-COMP I-COMP O B-COMP I-COMP I-COMP I-COMP O O O O O O O O O O O O O O I-COMP I-COMP I-COMP I-COMP I-COMP B-COMP I-COMP,28,28,False,False
99,B-COMP O O O O O O O O O B-COMP I-COMP I-COMP I-COMP I-COMP I-COMP,B-COMP B-COMP I-COMP I-COMP I-COMP I-COMP I-COMP I-COMP I-COMP I-COMP I-COMP I-COMP I-COMP I-COMP I-COMP I-COMP,16,16,False,False
100,B-COMP I-COMP I-COMP I-COMP I-COMP O O B-COMP I-COMP I-COMP I-COMP I-COMP I-COMP I-COMP I-COMP,B-COMP I-COMP I-COMP I-COMP I-COMP O O B-COMP I-COMP I-COMP I-COMP I-COMP I-COMP I-COMP I-COMP,15,15,False,True
101,B-COMP I-COMP I-COMP I-COMP I-COMP I-COMP I-COMP I-COMP I-COMP I-COMP I-COMP I-COMP I-COMP I-COMP,B-COMP I-COMP I-COMP I-COMP I-COMP I-COMP I-COMP I-COMP I-COMP I-COMP I-COMP I-COMP I-COMP I-COMP,14,14,False,True
102,B-COMP I-COMP I-COMP I-COMP I-COMP I-COMP O B-COMP I-COMP I-COMP I-COMP I-COMP O B-COMP I-COMP I-COMP I-COMP I-COMP I-COMP O B-COMP I-COMP I-COMP I-COMP I-COMP B-COMP I-COMP I-COMP I-COMP I-COMP I-COMP O B-COMP I-COMP I-COMP I-COMP I-COMP I-COMP I-COMP I-COMP I-COMP I-COMP O O O O O,B-COMP I-COMP I-COMP I-COMP I-COMP I-COMP O B-COMP I-COMP I-COMP I-COMP I-COMP O B-COMP I-COMP I-COMP I-COMP I-COMP I-COMP O B-COMP I-COMP I-COMP I-COMP I-COMP B-COMP I-COMP I-COMP I-COMP I-COMP I-COMP O B-COMP I-COMP I-COMP I-COMP I-COMP I-COMP I-COMP I-COMP I-COMP I-COMP O O O O O,47,47,False,True
103,B-COMP I-COMP I-COMP I-COMP,B-COMP I-COMP I-COMP I-COMP,4,4,False,True
104,B-COMP I-COMP I-COMP I-COMP I-COMP I-COMP I-COMP I-COMP I-COMP I-COMP I-COMP O B-COMP I-COMP I-COMP I-COMP I-COMP I-COMP I-COMP I-COMP I-COMP I-COMP,B-COMP I-COMP I-COMP I-COMP I-COMP I-COMP I-COMP I-COMP I-COMP I-COMP I-COMP O B-COMP I-COMP I-COMP I-COMP O O O O O O,22,22,False,False
105,O O O O O O O O O B-COMP I-COMP I-COMP I-COMP B-COMP I-COMP I-COMP I-COMP I-COMP I-COMP I-COMP O B-COMP I-COMP I-COMP I-COMP I-COMP I-COMP I-COMP I-COMP I-COMP I-COMP I-COMP I-COMP I-COMP I-COMP I-COMP I-COMP O B-COMP I-COMP I-COMP,O O O O O O O O O B-COMP I-COMP I-COMP I-COMP B-COMP I-COMP I-COMP I-COMP I-COMP I-COMP I-COMP O B-COMP I-COMP I-COMP I-COMP I-COMP I-COMP I-COMP I-COMP I-COMP I-COMP I-COMP I-COMP I-COMP I-COMP I-COMP I-COMP O B-COMP I-COMP I-COMP,41,41,False,True
106,B-COMP I-COMP O B-COMP I-COMP I-COMP I-COMP I-COMP I-COMP I-COMP I-COMP I-COMP O B-COMP I-COMP I-COMP I-COMP,B-COMP I-COMP O B-COMP I-COMP I-COMP I-COMP I-COMP I-COMP I-COMP I-COMP I-COMP O B-COMP I-COMP I-COMP I-COMP,17,17,False,True
107,B-COMP I-COMP I-COMP,B-COMP I-COMP I-COMP,3,3,False,True
108,B-COMP I-COMP I-COMP I-COMP I-COMP I-COMP I-COMP I-COMP I-COMP B-COMP I-COMP I-COMP I-COMP I-COMP I-COMP I-COMP I-COMP I-COMP I-COMP O O O O O O O O O O O O O O O O O O B-COMP I-COMP I-COMP I-COMP I-COMP I-COMP I-COMP I-COMP I-COMP I-COMP I-COMP,B-COMP I-COMP I-COMP I-COMP I-COMP I-COMP I-COMP I-COMP I-COMP B-COMP I-COMP I-COMP I-COMP I-COMP I-COMP I-COMP I-COMP I-COMP I-COMP O O O O O O O O O O O O O O O O O O B-COMP I-COMP I-COMP I-COMP I-COMP I-COMP I-COMP I-COMP I-COMP I-COMP I-COMP,48,48,False,True
109,O O O O O O O O O O O O O O O O O O O O O O O O O O O O O O O O O,B-COMP I-COMP I-COMP I-COMP I-COMP I-COMP I-COMP I-COMP I-COMP I-COMP O O O O O O O O O O B-COMP I-COMP I-COMP I-COMP I-COMP I-COMP I-COMP I-COMP I-COMP I-COMP I-COMP I-COMP I-COMP,33,33,False,False
110,B-COMP I-COMP I-COMP I-COMP I-COMP I-COMP I-COMP I-COMP I-COMP O O O O O O B-COMP I-COMP O O B-COMP I-COMP I-COMP I-COMP I-COMP I-COMP I-COMP I-COMP I-COMP I-COMP I-COMP I-COMP I-COMP I-COMP I-COMP I-COMP I-COMP I-COMP I-COMP I-COMP I-COMP I-COMP I-COMP I-COMP I-COMP I-COMP I-COMP I-COMP I-COMP I-COMP I-COMP I-COMP I-COMP I-COMP I-COMP I-COMP I-COMP I-COMP I-COMP I-COMP I-COMP I-COMP,B-COMP I-COMP I-COMP I-COMP I-COMP I-COMP I-COMP I-COMP I-COMP O O O O O O O O O O B-COMP I-COMP I-COMP I-COMP I-COMP I-COMP I-COMP I-COMP I-COMP I-COMP I-COMP I-COMP I-COMP I-COMP I-COMP I-COMP I-COMP I-COMP I-COMP I-COMP I-COMP I-COMP I-COMP I-COMP I-COMP I-COMP O O O O O O O O O O O O O O O O,61,61,False,False
111,B-COMP I-COMP I-COMP I-COMP I-COMP I-COMP I-COMP I-COMP I-COMP O B-COMP I-COMP I-COMP I-COMP I-COMP I-COMP I-COMP I-COMP I-COMP I-COMP I-COMP I-COMP I-COMP I-COMP,B-COMP I-COMP I-COMP O I-COMP I-COMP I-COMP I-COMP I-COMP O B-COMP I-COMP I-COMP I-COMP I-COMP I-COMP I-COMP I-COMP I-COMP I-COMP I-COMP I-COMP I-COMP I-COMP,24,24,False,False
112,B-COMP I-COMP I-COMP I-COMP O,B-COMP I-COMP I-COMP I-COMP O,5,5,False,True
113,O O O O O O O O O O,O O O O O O O O O O,10,10,False,True
114,O O O O O O O O B-COMP I-COMP I-COMP I-COMP I-COMP B-COMP I-COMP I-COMP I-COMP B-COMP I-COMP I-COMP I-COMP I-COMP B-COMP I-COMP I-COMP I-COMP I-COMP I-COMP I-COMP I-COMP I-COMP I-COMP I-COMP I-COMP I-COMP I-COMP I-COMP I-COMP B-COMP O B-COMP I-COMP I-COMP I-COMP O B-COMP I-COMP I-COMP I-COMP I-COMP I-COMP I-COMP B-COMP I-COMP I-COMP I-COMP I-COMP I-COMP I-COMP I-COMP I-COMP I-COMP I-COMP O B-COMP I-COMP I-COMP I-COMP I-COMP I-COMP I-COMP I-COMP O B-COMP I-COMP I-COMP I-COMP I-COMP,O O O O O O O B-COMP I-COMP I-COMP I-COMP I-COMP I-COMP B-COMP I-COMP I-COMP I-COMP B-COMP I-COMP I-COMP I-COMP I-COMP B-COMP I-COMP I-COMP I-COMP I-COMP I-COMP I-COMP I-COMP I-COMP I-COMP I-COMP I-COMP I-COMP I-COMP I-COMP I-COMP B-COMP O B-COMP I-COMP I-COMP I-COMP O B-COMP I-COMP I-COMP I-COMP I-COMP I-COMP I-COMP B-COMP I-COMP I-COMP I-COMP I-COMP I-COMP I-COMP I-COMP I-COMP I-COMP I-COMP O B-COMP I-COMP I-COMP I-COMP I-COMP I-COMP I-COMP I-COMP O B-COMP I-COMP I-COMP I-COMP I-COMP,78,78,False,False
115,B-COMP I-COMP I-COMP I-COMP I-COMP I-COMP B-COMP I-COMP I-COMP I-COMP I-COMP I-COMP I-COMP I-COMP I-COMP I-COMP I-COMP B-COMP I-COMP I-COMP O O O O O O O O O B-COMP I-COMP I-COMP I-COMP I-COMP I-COMP B-COMP I-COMP I-COMP I-COMP I-COMP I-COMP I-COMP I-COMP B-COMP O B-COMP I-COMP I-COMP I-COMP I-COMP I-COMP I-COMP I-COMP I-COMP O O O O O O O O O O O O O B-COMP I-COMP I-COMP B-COMP I-COMP I-COMP I-COMP I-COMP,B-COMP I-COMP I-COMP I-COMP I-COMP I-COMP B-COMP I-COMP I-COMP I-COMP I-COMP I-COMP I-COMP I-COMP I-COMP I-COMP I-COMP B-COMP I-COMP I-COMP O O O O O O O O B-COMP I-COMP I-COMP I-COMP I-COMP I-COMP I-COMP B-COMP I-COMP I-COMP I-COMP I-COMP I-COMP I-COMP I-COMP B-COMP O B-COMP I-COMP I-COMP I-COMP I-COMP I-COMP I-COMP I-COMP I-COMP O O O O O O O O O O O O O B-COMP I-COMP I-COMP B-COMP I-COMP I-COMP I-COMP I-COMP,75,75,False,False
116,B-COMP I-COMP I-COMP I-COMP I-COMP I-COMP O O B-COMP I-COMP I-COMP I-COMP I-COMP I-COMP,B-COMP I-COMP I-COMP I-COMP I-COMP I-COMP O O B-COMP I-COMP I-COMP I-COMP I-COMP I-COMP,14,14,False,True
117,B-COMP I-COMP I-COMP I-COMP I-COMP I-COMP I-COMP O O O O O O O O O O O O O O O O O O O O O O O O O O O O O O O O O O O B-COMP I-COMP B-COMP I-COMP B-COMP I-COMP B-COMP I-COMP B-COMP I-COMP B-COMP I-COMP I-COMP I-COMP I-COMP I-COMP I-COMP I-COMP I-COMP I-COMP I-COMP I-COMP I-COMP I-COMP I-COMP O B-COMP I-COMP I-COMP I-COMP I-COMP,B-COMP I-COMP I-COMP I-COMP I-COMP I-COMP I-COMP O O O O O O O O O O O O O O O O O O O O O O O O O O O O O O O O O O O B-COMP I-COMP B-COMP I-COMP B-COMP I-COMP B-COMP I-COMP B-COMP I-COMP B-COMP I-COMP I-COMP I-COMP I-COMP I-COMP I-COMP I-COMP I-COMP I-COMP I-COMP I-COMP I-COMP I-COMP I-COMP O B-COMP I-COMP I-COMP I-COMP I-COMP,73,73,False,True
118,B-COMP I-COMP I-COMP I-COMP O B-COMP I-COMP I-COMP I-COMP I-COMP O B-COMP I-COMP I-COMP O B-COMP I-COMP I-COMP I-COMP I-COMP I-COMP I-COMP I-COMP I-COMP I-COMP I-COMP B-COMP I-COMP I-COMP I-COMP I-COMP I-COMP B-COMP I-COMP I-COMP B-COMP I-COMP I-COMP I-COMP I-COMP I-COMP I-COMP,B-COMP I-COMP I-COMP I-COMP O B-COMP I-COMP I-COMP I-COMP I-COMP O B-COMP I-COMP I-COMP O B-COMP I-COMP I-COMP I-COMP I-COMP I-COMP I-COMP I-COMP I-COMP I-COMP I-COMP B-COMP I-COMP I-COMP I-COMP I-COMP I-COMP B-COMP I-COMP I-COMP B-COMP I-COMP I-COMP I-COMP I-COMP I-COMP I-COMP,42,42,False,True
119,B-COMP I-COMP O B-COMP I-COMP I-COMP,B-COMP I-COMP O B-COMP I-COMP I-COMP,6,6,False,True
120,B-COMP O B-COMP I-COMP I-COMP I-COMP I-COMP,B-COMP O B-COMP I-COMP I-COMP I-COMP I-COMP,7,7,False,True
121,B-COMP I-COMP O O B-COMP I-COMP I-COMP I-COMP I-COMP I-COMP I-COMP I-COMP I-COMP,B-COMP I-COMP O O B-COMP I-COMP I-COMP I-COMP I-COMP I-COMP I-COMP I-COMP I-COMP,13,13,False,True
122,O O O O O O O O O O O O O O O O O O O O O O O O O B-COMP I-COMP I-COMP I-COMP I-COMP,B-COMP I-COMP I-COMP I-COMP I-COMP I-COMP I-COMP I-COMP I-COMP I-COMP O O O O O O I-COMP I-COMP I-COMP I-COMP I-COMP I-COMP I-COMP I-COMP O B-COMP I-COMP I-COMP I-COMP I-COMP,30,30,False,False
123,B-COMP I-COMP I-COMP I-COMP I-COMP O B-COMP I-COMP I-COMP I-COMP I-COMP I-COMP I-COMP I-COMP I-COMP B-COMP I-COMP I-COMP I-COMP I-COMP I-COMP I-COMP O B-COMP I-COMP I-COMP I-COMP I-COMP B-COMP I-COMP I-COMP I-COMP O B-COMP I-COMP I-COMP I-COMP I-COMP I-COMP I-COMP I-COMP I-COMP I-COMP I-COMP B-COMP I-COMP I-COMP I-COMP I-COMP,B-COMP I-COMP I-COMP I-COMP I-COMP O B-COMP I-COMP I-COMP I-COMP I-COMP I-COMP I-COMP I-COMP I-COMP B-COMP I-COMP I-COMP I-COMP I-COMP I-COMP I-COMP O B-COMP I-COMP I-COMP I-COMP I-COMP B-COMP I-COMP I-COMP I-COMP O B-COMP I-COMP I-COMP I-COMP I-COMP I-COMP I-COMP I-COMP I-COMP I-COMP I-COMP B-COMP I-COMP I-COMP I-COMP I-COMP,49,49,False,True
124,B-COMP I-COMP I-COMP I-COMP I-COMP I-COMP I-COMP I-COMP I-COMP I-COMP I-COMP I-COMP I-COMP I-COMP I-COMP I-COMP I-COMP I-COMP I-COMP I-COMP I-COMP I-COMP I-COMP I-COMP I-COMP I-COMP I-COMP B-COMP I-COMP I-COMP I-COMP I-COMP I-COMP I-COMP I-COMP I-COMP I-COMP I-COMP I-COMP I-COMP I-COMP I-COMP I-COMP B-COMP I-COMP I-COMP I-COMP I-COMP I-COMP I-COMP I-COMP I-COMP I-COMP I-COMP I-COMP I-COMP I-COMP I-COMP I-COMP I-COMP I-COMP I-COMP I-COMP I-COMP I-COMP I-COMP B-COMP I-COMP I-COMP I-COMP I-COMP,B-COMP I-COMP I-COMP I-COMP I-COMP I-COMP I-COMP I-COMP I-COMP I-COMP I-COMP I-COMP I-COMP I-COMP I-COMP I-COMP I-COMP I-COMP I-COMP I-COMP I-COMP I-COMP I-COMP I-COMP I-COMP I-COMP I-COMP B-COMP I-COMP I-COMP I-COMP I-COMP I-COMP I-COMP I-COMP I-COMP I-COMP I-COMP I-COMP I-COMP I-COMP I-COMP I-COMP O O O O O O O O O O O O O O O O O O O O O O O B-COMP I-COMP I-COMP I-COMP I-COMP,71,71,False,False
125,B-COMP I-COMP I-COMP I-COMP I-COMP I-COMP I-COMP I-COMP I-COMP I-COMP I-COMP O B-COMP I-COMP I-COMP I-COMP I-COMP I-COMP I-COMP I-COMP I-COMP I-COMP I-COMP I-COMP I-COMP I-COMP I-COMP I-COMP I-COMP I-COMP I-COMP I-COMP I-COMP I-COMP,B-COMP I-COMP I-COMP I-COMP I-COMP I-COMP I-COMP I-COMP I-COMP I-COMP I-COMP O B-COMP I-COMP I-COMP I-COMP I-COMP I-COMP I-COMP I-COMP I-COMP I-COMP I-COMP I-COMP I-COMP I-COMP I-COMP I-COMP I-COMP I-COMP I-COMP I-COMP I-COMP I-COMP,34,34,False,True
126,B-COMP I-COMP,B-COMP I-COMP,2,2,False,True
127,B-COMP I-COMP I-COMP I-COMP I-COMP I-COMP I-COMP I-COMP I-COMP I-COMP I-COMP I-COMP I-COMP I-COMP I-COMP I-COMP I-COMP I-COMP I-COMP I-COMP I-COMP I-COMP I-COMP I-COMP I-COMP I-COMP I-COMP I-COMP I-COMP I-COMP I-COMP I-COMP I-COMP I-COMP I-COMP I-COMP I-COMP I-COMP I-COMP I-COMP I-COMP I-COMP I-COMP I-COMP I-COMP I-COMP I-COMP I-COMP I-COMP I-COMP I-COMP O B-COMP I-COMP I-COMP I-COMP I-COMP I-COMP I-COMP B-COMP I-COMP I-COMP I-COMP I-COMP I-COMP I-COMP,B-COMP I-COMP I-COMP I-COMP I-COMP I-COMP I-COMP I-COMP I-COMP I-COMP I-COMP I-COMP I-COMP I-COMP I-COMP I-COMP I-COMP I-COMP I-COMP I-COMP I-COMP I-COMP I-COMP I-COMP I-COMP I-COMP I-COMP I-COMP I-COMP I-COMP I-COMP I-COMP I-COMP I-COMP I-COMP I-COMP I-COMP I-COMP I-COMP I-COMP I-COMP I-COMP I-COMP I-COMP I-COMP I-COMP I-COMP I-COMP I-COMP I-COMP I-COMP O B-COMP I-COMP I-COMP I-COMP I-COMP I-COMP I-COMP O I-COMP I-COMP I-COMP I-COMP I-COMP I-COMP,66,66,False,False
128,O O O O O O O B-COMP I-COMP I-COMP B-COMP I-COMP I-COMP I-COMP I-COMP I-COMP O O O O O O O B-COMP I-COMP I-COMP I-COMP I-COMP I-COMP I-COMP I-COMP I-COMP I-COMP I-COMP I-COMP B-COMP I-COMP I-COMP I-COMP I-COMP I-COMP I-COMP I-COMP I-COMP I-COMP I-COMP I-COMP I-COMP I-COMP B-COMP I-COMP I-COMP I-COMP I-COMP I-COMP I-COMP I-COMP O B-COMP I-COMP I-COMP I-COMP I-COMP I-COMP I-COMP I-COMP I-COMP I-COMP B-COMP I-COMP I-COMP I-COMP I-COMP,O O O O O O O O O B-COMP B-COMP I-COMP I-COMP I-COMP I-COMP I-COMP O O O O O O O O O O I-COMP I-COMP I-COMP I-COMP I-COMP I-COMP I-COMP I-COMP I-COMP B-COMP I-COMP I-COMP I-COMP I-COMP I-COMP I-COMP I-COMP I-COMP I-COMP I-COMP I-COMP I-COMP I-COMP B-COMP I-COMP I-COMP I-COMP I-COMP I-COMP I-COMP I-COMP O B-COMP I-COMP I-COMP I-COMP I-COMP I-COMP I-COMP I-COMP I-COMP I-COMP B-COMP I-COMP I-COMP I-COMP I-COMP,73,73,False,False
129,B-COMP I-COMP I-COMP I-COMP I-COMP I-COMP I-COMP O O O O O O O O B-COMP I-COMP I-COMP O O O O O O O O B-COMP I-COMP I-COMP I-COMP I-COMP I-COMP O O O O O O O O O O O O O,B-COMP I-COMP I-COMP I-COMP I-COMP I-COMP I-COMP O O O O O O O O O I-COMP I-COMP O O O O O O O O O I-COMP I-COMP I-COMP I-COMP I-COMP O O O O O O O O O O O O O,45,45,False,False
130,O O O O O O O B-COMP I-COMP I-COMP I-COMP I-COMP I-COMP I-COMP I-COMP I-COMP I-COMP I-COMP I-COMP I-COMP I-COMP I-COMP I-COMP,O O O O O O O O I-COMP I-COMP I-COMP I-COMP I-COMP I-COMP I-COMP I-COMP I-COMP I-COMP I-COMP I-COMP I-COMP I-COMP I-COMP,23,23,False,False
131,B-COMP I-COMP I-COMP I-COMP I-COMP I-COMP I-COMP I-COMP I-COMP I-COMP O B-COMP I-COMP I-COMP I-COMP I-COMP I-COMP,B-COMP I-COMP I-COMP O I-COMP I-COMP O O O I-COMP O B-COMP I-COMP I-COMP I-COMP I-COMP I-COMP,17,17,False,False
132,B-COMP I-COMP I-COMP I-COMP I-COMP I-COMP I-COMP I-COMP I-COMP I-COMP I-COMP I-COMP I-COMP I-COMP O O O O O O O O O O O O B-COMP I-COMP I-COMP I-COMP O O O O O O O B-COMP B-COMP I-COMP I-COMP B-COMP I-COMP I-COMP B-COMP I-COMP I-COMP I-COMP I-COMP O O O O O O B-COMP I-COMP I-COMP I-COMP I-COMP I-COMP I-COMP I-COMP I-COMP I-COMP I-COMP I-COMP B-COMP I-COMP I-COMP I-COMP I-COMP,B-COMP I-COMP I-COMP I-COMP I-COMP I-COMP I-COMP I-COMP I-COMP I-COMP I-COMP I-COMP I-COMP I-COMP O O O O O O O O O O O O B-COMP I-COMP I-COMP I-COMP O O O O O O O O B-COMP I-COMP I-COMP B-COMP I-COMP I-COMP B-COMP I-COMP I-COMP I-COMP I-COMP O O O O O O B-COMP I-COMP I-COMP I-COMP I-COMP I-COMP I-COMP I-COMP I-COMP I-COMP I-COMP I-COMP B-COMP I-COMP I-COMP I-COMP I-COMP,72,72,False,False
133,B-COMP I-COMP I-COMP I-COMP B-COMP I-COMP I-COMP I-COMP I-COMP I-COMP I-COMP I-COMP B-COMP I-COMP I-COMP I-COMP I-COMP I-COMP I-COMP B-COMP I-COMP I-COMP I-COMP I-COMP I-COMP I-COMP I-COMP I-COMP B-COMP I-COMP I-COMP I-COMP I-COMP I-COMP I-COMP I-COMP I-COMP I-COMP I-COMP I-COMP I-COMP I-COMP O O B-COMP I-COMP I-COMP I-COMP I-COMP I-COMP I-COMP B-COMP I-COMP I-COMP I-COMP I-COMP I-COMP I-COMP I-COMP I-COMP B-COMP I-COMP I-COMP I-COMP I-COMP I-COMP I-COMP I-COMP B-COMP I-COMP I-COMP I-COMP I-COMP,B-COMP I-COMP I-COMP I-COMP B-COMP I-COMP I-COMP I-COMP I-COMP I-COMP I-COMP I-COMP B-COMP I-COMP I-COMP I-COMP I-COMP I-COMP I-COMP B-COMP I-COMP I-COMP I-COMP I-COMP I-COMP I-COMP I-COMP I-COMP B-COMP I-COMP I-COMP I-COMP I-COMP I-COMP I-COMP I-COMP I-COMP I-COMP I-COMP I-COMP I-COMP I-COMP O O B-COMP I-COMP I-COMP I-COMP I-COMP I-COMP I-COMP B-COMP I-COMP I-COMP I-COMP I-COMP I-COMP I-COMP I-COMP I-COMP B-COMP I-COMP I-COMP I-COMP I-COMP I-COMP I-COMP I-COMP B-COMP I-COMP I-COMP I-COMP I-COMP,73,73,False,True
134,O O O O O O O O B-COMP I-COMP I-COMP O B-COMP I-COMP I-COMP I-COMP,O O O O O O O O O B-COMP I-COMP O B-COMP I-COMP I-COMP I-COMP,16,16,False,False
135,B-COMP I-COMP I-COMP I-COMP I-COMP O B-COMP I-COMP I-COMP I-COMP I-COMP I-COMP,B-COMP I-COMP I-COMP I-COMP I-COMP O B-COMP I-COMP I-COMP I-COMP I-COMP I-COMP,12,12,False,True
136,O B-COMP I-COMP I-COMP I-COMP I-COMP I-COMP I-COMP I-COMP I-COMP O B-COMP I-COMP I-COMP I-COMP I-COMP I-COMP I-COMP I-COMP I-COMP I-COMP I-COMP I-COMP I-COMP I-COMP I-COMP I-COMP I-COMP I-COMP I-COMP I-COMP I-COMP I-COMP I-COMP O B-COMP O B-COMP I-COMP I-COMP I-COMP I-COMP I-COMP I-COMP I-COMP B-COMP I-COMP I-COMP I-COMP I-COMP I-COMP I-COMP I-COMP I-COMP I-COMP I-COMP I-COMP I-COMP I-COMP I-COMP I-COMP I-COMP I-COMP I-COMP O O O O O O O O B-COMP I-COMP I-COMP I-COMP I-COMP,O B-COMP I-COMP I-COMP I-COMP I-COMP I-COMP I-COMP I-COMP I-COMP O B-COMP I-COMP I-COMP I-COMP I-COMP I-COMP I-COMP I-COMP I-COMP I-COMP I-COMP I-COMP I-COMP I-COMP I-COMP I-COMP I-COMP I-COMP I-COMP I-COMP I-COMP I-COMP I-COMP O B-COMP O B-COMP I-COMP I-COMP I-COMP I-COMP I-COMP I-COMP I-COMP B-COMP I-COMP I-COMP I-COMP I-COMP I-COMP I-COMP I-COMP I-COMP I-COMP I-COMP I-COMP I-COMP I-COMP I-COMP I-COMP I-COMP I-COMP I-COMP O O O O O O O O B-COMP I-COMP I-COMP I-COMP I-COMP,77,77,False,True
137,B-COMP I-COMP I-COMP B-COMP I-COMP B-COMP I-COMP I-COMP B-COMP I-COMP I-COMP O O B-COMP I-COMP I-COMP I-COMP I-COMP I-COMP I-COMP,B-COMP I-COMP I-COMP B-COMP I-COMP B-COMP I-COMP I-COMP B-COMP I-COMP I-COMP O O B-COMP I-COMP I-COMP I-COMP I-COMP I-COMP I-COMP,20,20,False,True
138,B-COMP I-COMP I-COMP I-COMP I-COMP I-COMP I-COMP I-COMP I-COMP I-COMP I-COMP I-COMP B-COMP I-COMP I-COMP I-COMP B-COMP I-COMP I-COMP I-COMP I-COMP I-COMP I-COMP I-COMP B-COMP I-COMP B-COMP I-COMP I-COMP I-COMP I-COMP I-COMP I-COMP I-COMP B-COMP I-COMP I-COMP B-COMP I-COMP I-COMP I-COMP I-COMP B-COMP I-COMP B-COMP I-COMP I-COMP B-COMP O B-COMP I-COMP I-COMP I-COMP O B-COMP I-COMP I-COMP I-COMP I-COMP I-COMP I-COMP I-COMP I-COMP I-COMP B-COMP I-COMP I-COMP I-COMP B-COMP I-COMP O B-COMP B-COMP I-COMP I-COMP I-COMP I-COMP,B-COMP I-COMP I-COMP I-COMP I-COMP I-COMP I-COMP I-COMP I-COMP I-COMP I-COMP I-COMP B-COMP I-COMP I-COMP I-COMP B-COMP I-COMP I-COMP I-COMP I-COMP I-COMP I-COMP I-COMP B-COMP I-COMP B-COMP I-COMP I-COMP I-COMP I-COMP I-COMP I-COMP I-COMP B-COMP I-COMP I-COMP B-COMP I-COMP I-COMP I-COMP I-COMP B-COMP I-COMP B-COMP I-COMP I-COMP B-COMP O B-COMP I-COMP I-COMP I-COMP O B-COMP I-COMP I-COMP I-COMP I-COMP I-COMP I-COMP I-COMP I-COMP I-COMP B-COMP I-COMP I-COMP I-COMP B-COMP I-COMP O B-COMP B-COMP I-COMP I-COMP I-COMP I-COMP,77,77,False,True
139,B-COMP I-COMP I-COMP I-COMP I-COMP B-COMP I-COMP I-COMP I-COMP I-COMP I-COMP B-COMP I-COMP I-COMP I-COMP I-COMP I-COMP B-COMP B-COMP O B-COMP I-COMP I-COMP I-COMP I-COMP I-COMP B-COMP I-COMP I-COMP I-COMP B-COMP I-COMP I-COMP I-COMP I-COMP I-COMP O B-COMP I-COMP I-COMP I-COMP I-COMP I-COMP B-COMP I-COMP I-COMP I-COMP I-COMP I-COMP I-COMP I-COMP I-COMP I-COMP B-COMP I-COMP I-COMP I-COMP I-COMP B-COMP I-COMP I-COMP I-COMP O B-COMP I-COMP I-COMP I-COMP B-COMP I-COMP I-COMP I-COMP I-COMP,B-COMP I-COMP I-COMP I-COMP I-COMP B-COMP I-COMP I-COMP I-COMP I-COMP I-COMP B-COMP I-COMP I-COMP I-COMP I-COMP I-COMP B-COMP B-COMP O B-COMP I-COMP I-COMP I-COMP I-COMP I-COMP B-COMP I-COMP I-COMP I-COMP B-COMP I-COMP I-COMP I-COMP I-COMP I-COMP O B-COMP I-COMP I-COMP I-COMP I-COMP I-COMP B-COMP I-COMP I-COMP I-COMP I-COMP I-COMP I-COMP I-COMP I-COMP I-COMP B-COMP I-COMP I-COMP I-COMP I-COMP B-COMP I-COMP I-COMP I-COMP O B-COMP I-COMP I-COMP I-COMP B-COMP I-COMP I-COMP I-COMP I-COMP,72,72,False,True
140,B-COMP I-COMP I-COMP I-COMP I-COMP I-COMP I-COMP O O O O O B-COMP I-COMP I-COMP I-COMP I-COMP B-COMP I-COMP I-COMP I-COMP I-COMP I-COMP I-COMP I-COMP B-COMP I-COMP I-COMP I-COMP I-COMP I-COMP I-COMP I-COMP I-COMP I-COMP I-COMP I-COMP I-COMP I-COMP I-COMP I-COMP I-COMP I-COMP B-COMP I-COMP I-COMP I-COMP I-COMP I-COMP I-COMP I-COMP I-COMP I-COMP B-COMP O O O O O O O O O O O O O O O B-COMP I-COMP I-COMP I-COMP I-COMP,B-COMP I-COMP I-COMP I-COMP I-COMP I-COMP I-COMP O O O O O B-COMP O O I-COMP O B-COMP I-COMP I-COMP I-COMP I-COMP I-COMP I-COMP I-COMP B-COMP I-COMP I-COMP I-COMP I-COMP I-COMP I-COMP I-COMP I-COMP I-COMP I-COMP I-COMP I-COMP I-COMP I-COMP I-COMP I-COMP I-COMP B-COMP I-COMP I-COMP I-COMP I-COMP I-COMP I-COMP I-COMP I-COMP I-COMP O O O O O O O O O O O O O O O B-COMP B-COMP I-COMP I-COMP I-COMP I-COMP,74,74,False,False
141,B-COMP O B-COMP I-COMP I-COMP I-COMP I-COMP I-COMP I-COMP I-COMP I-COMP I-COMP I-COMP I-COMP I-COMP I-COMP I-COMP I-COMP I-COMP I-COMP,B-COMP O B-COMP I-COMP I-COMP I-COMP I-COMP I-COMP I-COMP I-COMP I-COMP I-COMP I-COMP I-COMP I-COMP I-COMP I-COMP I-COMP I-COMP I-COMP,20,20,False,True
142,B-COMP I-COMP I-COMP I-COMP I-COMP I-COMP,B-COMP I-COMP I-COMP I-COMP I-COMP I-COMP,6,6,False,True
143,B-COMP I-COMP I-COMP I-COMP I-COMP I-COMP I-COMP I-COMP O B-COMP I-COMP I-COMP I-COMP I-COMP I-COMP I-COMP I-COMP I-COMP I-COMP,B-COMP I-COMP I-COMP B-COMP I-COMP I-COMP I-COMP I-COMP O B-COMP I-COMP I-COMP I-COMP I-COMP I-COMP I-COMP I-COMP I-COMP I-COMP,19,19,False,False
144,O O O O O B-COMP I-COMP I-COMP I-COMP I-COMP I-COMP O O B-COMP I-COMP I-COMP I-COMP I-COMP I-COMP O B-COMP I-COMP I-COMP B-COMP I-COMP I-COMP I-COMP I-COMP I-COMP I-COMP I-COMP I-COMP I-COMP B-COMP I-COMP I-COMP I-COMP I-COMP I-COMP I-COMP I-COMP O O B-COMP I-COMP I-COMP I-COMP I-COMP I-COMP I-COMP I-COMP B-COMP I-COMP I-COMP I-COMP I-COMP B-COMP I-COMP I-COMP I-COMP I-COMP I-COMP I-COMP I-COMP I-COMP I-COMP I-COMP I-COMP I-COMP,O O O O O B-COMP I-COMP I-COMP I-COMP I-COMP I-COMP O O B-COMP I-COMP I-COMP I-COMP I-COMP I-COMP O B-COMP I-COMP I-COMP B-COMP I-COMP I-COMP I-COMP I-COMP I-COMP I-COMP I-COMP I-COMP I-COMP B-COMP I-COMP I-COMP I-COMP I-COMP I-COMP I-COMP I-COMP O O B-COMP I-COMP I-COMP I-COMP I-COMP I-COMP I-COMP I-COMP B-COMP I-COMP I-COMP I-COMP I-COMP B-COMP I-COMP I-COMP I-COMP I-COMP I-COMP I-COMP I-COMP I-COMP I-COMP I-COMP I-COMP I-COMP,69,69,False,True
145,B-COMP I-COMP I-COMP I-COMP I-COMP I-COMP I-COMP I-COMP I-COMP I-COMP I-COMP I-COMP I-COMP I-COMP O B-COMP I-COMP I-COMP I-COMP B-COMP I-COMP I-COMP I-COMP I-COMP I-COMP I-COMP I-COMP I-COMP I-COMP I-COMP I-COMP I-COMP I-COMP B-COMP I-COMP I-COMP O B-COMP I-COMP I-COMP I-COMP O O O O O O O O O O O B-COMP I-COMP I-COMP I-COMP I-COMP I-COMP I-COMP I-COMP I-COMP I-COMP I-COMP I-COMP I-COMP I-COMP I-COMP B-COMP B-COMP I-COMP I-COMP I-COMP I-COMP,B-COMP I-COMP I-COMP I-COMP I-COMP I-COMP I-COMP I-COMP I-COMP I-COMP I-COMP I-COMP I-COMP I-COMP O B-COMP I-COMP I-COMP I-COMP B-COMP I-COMP I-COMP I-COMP I-COMP I-COMP I-COMP I-COMP I-COMP I-COMP I-COMP I-COMP I-COMP I-COMP B-COMP I-COMP I-COMP O B-COMP I-COMP I-COMP I-COMP O O O O O O O O O O O B-COMP I-COMP I-COMP I-COMP I-COMP I-COMP I-COMP I-COMP I-COMP I-COMP I-COMP I-COMP I-COMP I-COMP I-COMP B-COMP B-COMP I-COMP I-COMP I-COMP I-COMP,73,73,False,True
146,B-COMP I-COMP I-COMP I-COMP I-COMP I-COMP I-COMP I-COMP I-COMP I-COMP I-COMP I-COMP I-COMP I-COMP I-COMP I-COMP I-COMP I-COMP I-COMP I-COMP I-COMP I-COMP I-COMP I-COMP I-COMP I-COMP I-COMP I-COMP O B-COMP I-COMP I-COMP I-COMP I-COMP I-COMP I-COMP I-COMP I-COMP I-COMP I-COMP O O O O O O O O O O O O O O O O O O O O O O O O O O O O O O O O B-COMP I-COMP I-COMP I-COMP I-COMP,B-COMP I-COMP I-COMP I-COMP I-COMP I-COMP I-COMP I-COMP I-COMP I-COMP I-COMP I-COMP I-COMP I-COMP I-COMP I-COMP I-COMP I-COMP I-COMP I-COMP I-COMP I-COMP I-COMP I-COMP I-COMP I-COMP I-COMP I-COMP O B-COMP I-COMP I-COMP I-COMP I-COMP I-COMP I-COMP I-COMP I-COMP I-COMP I-COMP O O O O O O O O O O O O O O O O O O O O O O O O O O O O O O O O B-COMP I-COMP I-COMP I-COMP I-COMP,77,77,False,True
147,O B-COMP I-COMP I-COMP I-COMP I-COMP I-COMP I-COMP I-COMP O B-COMP I-COMP I-COMP I-COMP I-COMP I-COMP I-COMP I-COMP I-COMP O B-COMP I-COMP I-COMP I-COMP I-COMP I-COMP I-COMP I-COMP I-COMP I-COMP I-COMP B-COMP,O B-COMP I-COMP I-COMP I-COMP I-COMP I-COMP I-COMP I-COMP O B-COMP I-COMP I-COMP I-COMP I-COMP I-COMP I-COMP I-COMP I-COMP O B-COMP I-COMP I-COMP I-COMP I-COMP I-COMP I-COMP I-COMP I-COMP I-COMP I-COMP B-COMP,32,32,False,True
148,B-COMP I-COMP B-COMP I-COMP I-COMP,B-COMP I-COMP B-COMP I-COMP I-COMP,5,5,False,True
149,B-COMP I-COMP I-COMP I-COMP I-COMP O O B-COMP I-COMP I-COMP I-COMP I-COMP I-COMP I-COMP I-COMP I-COMP I-COMP I-COMP B-COMP I-COMP I-COMP I-COMP I-COMP I-COMP I-COMP I-COMP I-COMP I-COMP I-COMP O B-COMP I-COMP I-COMP I-COMP O B-COMP I-COMP I-COMP I-COMP I-COMP O O O O O O O O O O O O O O O O O O O O O O O O O O O O O B-COMP B-COMP I-COMP I-COMP I-COMP I-COMP,B-COMP I-COMP I-COMP I-COMP I-COMP O O B-COMP I-COMP I-COMP I-COMP I-COMP I-COMP I-COMP I-COMP I-COMP I-COMP I-COMP B-COMP I-COMP I-COMP I-COMP I-COMP I-COMP I-COMP I-COMP I-COMP I-COMP I-COMP O B-COMP I-COMP I-COMP I-COMP O B-COMP I-COMP I-COMP I-COMP I-COMP O O O O O O O O O O O O O O O O O O O O O O O O O O O O O B-COMP B-COMP I-COMP I-COMP I-COMP I-COMP,75,75,False,True
150,B-COMP I-COMP I-COMP I-COMP I-COMP I-COMP I-COMP I-COMP I-COMP I-COMP I-COMP I-COMP I-COMP I-COMP I-COMP I-COMP I-COMP B-COMP I-COMP I-COMP I-COMP I-COMP I-COMP I-COMP I-COMP I-COMP I-COMP B-COMP B-COMP I-COMP I-COMP I-COMP I-COMP I-COMP I-COMP I-COMP I-COMP I-COMP I-COMP I-COMP I-COMP I-COMP I-COMP I-COMP I-COMP I-COMP I-COMP I-COMP I-COMP I-COMP I-COMP I-COMP I-COMP I-COMP I-COMP B-COMP I-COMP I-COMP I-COMP I-COMP I-COMP I-COMP B-COMP I-COMP I-COMP I-COMP I-COMP I-COMP I-COMP I-COMP I-COMP I-COMP I-COMP I-COMP B-COMP I-COMP I-COMP I-COMP I-COMP,B-COMP I-COMP I-COMP I-COMP I-COMP I-COMP I-COMP I-COMP I-COMP I-COMP I-COMP I-COMP I-COMP I-COMP I-COMP I-COMP I-COMP B-COMP I-COMP I-COMP I-COMP I-COMP I-COMP I-COMP I-COMP I-COMP I-COMP B-COMP B-COMP I-COMP I-COMP I-COMP I-COMP I-COMP I-COMP I-COMP I-COMP I-COMP I-COMP I-COMP I-COMP I-COMP I-COMP I-COMP I-COMP I-COMP I-COMP I-COMP I-COMP I-COMP I-COMP I-COMP I-COMP I-COMP I-COMP B-COMP I-COMP I-COMP I-COMP I-COMP I-COMP I-COMP B-COMP I-COMP I-COMP I-COMP I-COMP I-COMP I-COMP I-COMP I-COMP I-COMP I-COMP I-COMP B-COMP I-COMP I-COMP I-COMP I-COMP,79,79,False,True
151,B-COMP I-COMP I-COMP I-COMP I-COMP I-COMP I-COMP I-COMP I-COMP I-COMP I-COMP I-COMP I-COMP I-COMP I-COMP I-COMP I-COMP I-COMP I-COMP I-COMP I-COMP I-COMP I-COMP I-COMP I-COMP I-COMP I-COMP,B-COMP I-COMP I-COMP I-COMP I-COMP I-COMP I-COMP I-COMP I-COMP I-COMP I-COMP I-COMP I-COMP I-COMP I-COMP I-COMP I-COMP I-COMP I-COMP I-COMP I-COMP I-COMP I-COMP I-COMP I-COMP I-COMP I-COMP,27,27,False,True
152,B-COMP I-COMP O O O O O O O O O O B-COMP B-COMP I-COMP I-COMP I-COMP I-COMP I-COMP I-COMP I-COMP I-COMP I-COMP I-COMP B-COMP I-COMP I-COMP I-COMP I-COMP I-COMP I-COMP I-COMP O O O O O O O O O B-COMP I-COMP I-COMP I-COMP I-COMP I-COMP I-COMP I-COMP I-COMP I-COMP I-COMP I-COMP I-COMP I-COMP O B-COMP I-COMP I-COMP I-COMP I-COMP I-COMP I-COMP,B-COMP I-COMP O B-COMP I-COMP I-COMP I-COMP I-COMP O O O O O B-COMP I-COMP I-COMP I-COMP I-COMP I-COMP I-COMP I-COMP I-COMP I-COMP I-COMP B-COMP I-COMP I-COMP I-COMP I-COMP I-COMP I-COMP I-COMP I-COMP I-COMP I-COMP I-COMP I-COMP I-COMP I-COMP I-COMP I-COMP I-COMP I-COMP I-COMP I-COMP I-COMP I-COMP I-COMP I-COMP I-COMP I-COMP I-COMP I-COMP I-COMP I-COMP O B-COMP I-COMP I-COMP I-COMP I-COMP I-COMP I-COMP,63,63,False,False
153,B-COMP I-COMP I-COMP I-COMP O B-COMP I-COMP I-COMP I-COMP I-COMP I-COMP I-COMP I-COMP O O O O O O B-COMP I-COMP I-COMP I-COMP I-COMP I-COMP I-COMP I-COMP I-COMP I-COMP,B-COMP I-COMP I-COMP I-COMP O B-COMP I-COMP I-COMP I-COMP I-COMP I-COMP I-COMP I-COMP O O O O O O B-COMP I-COMP I-COMP I-COMP I-COMP I-COMP I-COMP I-COMP I-COMP I-COMP,29,29,False,True
154,O O O B-COMP I-COMP I-COMP I-COMP I-COMP I-COMP I-COMP I-COMP I-COMP I-COMP I-COMP I-COMP I-COMP I-COMP I-COMP I-COMP O O O O B-COMP I-COMP I-COMP I-COMP I-COMP I-COMP B-COMP I-COMP I-COMP I-COMP I-COMP I-COMP B-COMP I-COMP I-COMP I-COMP I-COMP I-COMP O O O O O O O O O B-COMP I-COMP I-COMP B-COMP I-COMP,O O O O O O O O O O O O O O O O O O O O O O O B-COMP I-COMP I-COMP I-COMP I-COMP I-COMP B-COMP I-COMP I-COMP I-COMP I-COMP I-COMP B-COMP I-COMP I-COMP I-COMP I-COMP I-COMP O O O O O O O O O B-COMP I-COMP I-COMP B-COMP I-COMP,55,55,False,False
155,O O O O O O O B-COMP I-COMP I-COMP I-COMP B-COMP I-COMP I-COMP I-COMP I-COMP I-COMP I-COMP I-COMP I-COMP I-COMP I-COMP I-COMP I-COMP I-COMP B-COMP I-COMP I-COMP I-COMP I-COMP I-COMP I-COMP I-COMP I-COMP I-COMP I-COMP B-COMP I-COMP I-COMP I-COMP I-COMP I-COMP I-COMP I-COMP I-COMP I-COMP I-COMP I-COMP I-COMP I-COMP I-COMP I-COMP I-COMP I-COMP I-COMP I-COMP I-COMP I-COMP I-COMP B-COMP I-COMP I-COMP I-COMP I-COMP I-COMP I-COMP I-COMP I-COMP I-COMP I-COMP,O O O O O O I-COMP I-COMP I-COMP I-COMP I-COMP B-COMP I-COMP I-COMP I-COMP I-COMP I-COMP I-COMP I-COMP I-COMP I-COMP I-COMP I-COMP I-COMP I-COMP B-COMP I-COMP I-COMP I-COMP I-COMP I-COMP I-COMP I-COMP I-COMP I-COMP I-COMP B-COMP I-COMP I-COMP I-COMP I-COMP I-COMP I-COMP I-COMP I-COMP I-COMP I-COMP I-COMP I-COMP I-COMP I-COMP I-COMP I-COMP I-COMP I-COMP I-COMP I-COMP I-COMP I-COMP B-COMP I-COMP I-COMP I-COMP I-COMP I-COMP I-COMP I-COMP I-COMP I-COMP I-COMP,70,70,False,False
156,B-COMP I-COMP I-COMP I-COMP I-COMP O O O O O O O B-COMP I-COMP I-COMP I-COMP I-COMP I-COMP O O O O O O O O O O O O O O O O O O O O O O O O O O O O O O O,B-COMP I-COMP I-COMP I-COMP I-COMP O B-COMP I-COMP I-COMP I-COMP I-COMP O B-COMP I-COMP I-COMP I-COMP I-COMP I-COMP B-COMP I-COMP I-COMP I-COMP I-COMP B-COMP I-COMP I-COMP I-COMP I-COMP I-COMP I-COMP I-COMP B-COMP I-COMP I-COMP B-COMP I-COMP I-COMP I-COMP I-COMP B-COMP I-COMP I-COMP I-COMP I-COMP I-COMP I-COMP I-COMP I-COMP I-COMP,49,49,False,False
157,B-COMP I-COMP I-COMP I-COMP I-COMP I-COMP I-COMP I-COMP I-COMP I-COMP I-COMP I-COMP,B-COMP I-COMP I-COMP I-COMP I-COMP I-COMP I-COMP I-COMP I-COMP I-COMP I-COMP I-COMP,12,12,False,True
158,B-COMP I-COMP I-COMP O O B-COMP I-COMP I-COMP I-COMP I-COMP I-COMP I-COMP I-COMP I-COMP I-COMP I-COMP,B-COMP I-COMP I-COMP O O B-COMP I-COMP I-COMP I-COMP I-COMP I-COMP I-COMP I-COMP I-COMP I-COMP I-COMP,16,16,False,True
159,B-COMP I-COMP I-COMP I-COMP I-COMP I-COMP I-COMP I-COMP I-COMP B-COMP,B-COMP I-COMP I-COMP I-COMP I-COMP I-COMP I-COMP I-COMP I-COMP B-COMP,10,10,False,True
160,O O O O B-COMP I-COMP I-COMP I-COMP I-COMP I-COMP I-COMP,B-COMP I-COMP I-COMP O B-COMP I-COMP I-COMP I-COMP I-COMP I-COMP I-COMP,11,11,False,False
161,B-COMP I-COMP I-COMP O B-COMP I-COMP I-COMP I-COMP I-COMP I-COMP I-COMP,B-COMP I-COMP I-COMP O B-COMP I-COMP I-COMP I-COMP I-COMP I-COMP I-COMP,11,11,False,True
162,B-COMP I-COMP I-COMP I-COMP I-COMP I-COMP I-COMP I-COMP I-COMP I-COMP I-COMP I-COMP I-COMP I-COMP I-COMP I-COMP,B-COMP I-COMP I-COMP I-COMP I-COMP I-COMP I-COMP I-COMP I-COMP I-COMP I-COMP I-COMP I-COMP I-COMP I-COMP I-COMP,16,16,False,True
163,B-COMP I-COMP I-COMP I-COMP B-COMP I-COMP I-COMP I-COMP I-COMP I-COMP B-COMP I-COMP I-COMP I-COMP I-COMP I-COMP I-COMP I-COMP I-COMP I-COMP I-COMP I-COMP I-COMP I-COMP B-COMP I-COMP I-COMP I-COMP I-COMP I-COMP B-COMP I-COMP I-COMP I-COMP I-COMP I-COMP I-COMP I-COMP I-COMP I-COMP I-COMP I-COMP I-COMP I-COMP O B-COMP I-COMP I-COMP I-COMP I-COMP B-COMP I-COMP I-COMP I-COMP I-COMP I-COMP I-COMP I-COMP I-COMP I-COMP I-COMP B-COMP I-COMP I-COMP I-COMP I-COMP I-COMP I-COMP O B-COMP I-COMP I-COMP I-COMP I-COMP O B-COMP I-COMP I-COMP I-COMP I-COMP,B-COMP I-COMP I-COMP I-COMP B-COMP I-COMP I-COMP I-COMP I-COMP I-COMP B-COMP I-COMP I-COMP I-COMP I-COMP I-COMP I-COMP I-COMP I-COMP I-COMP I-COMP I-COMP I-COMP I-COMP B-COMP I-COMP I-COMP I-COMP I-COMP I-COMP B-COMP I-COMP I-COMP I-COMP I-COMP I-COMP I-COMP I-COMP I-COMP I-COMP I-COMP I-COMP I-COMP I-COMP O B-COMP I-COMP I-COMP I-COMP I-COMP B-COMP I-COMP I-COMP I-COMP I-COMP I-COMP I-COMP I-COMP I-COMP I-COMP I-COMP B-COMP I-COMP I-COMP I-COMP I-COMP I-COMP I-COMP O B-COMP I-COMP I-COMP I-COMP I-COMP O B-COMP I-COMP I-COMP I-COMP I-COMP,80,80,False,True
164,O O O O O O O B-COMP I-COMP I-COMP I-COMP I-COMP I-COMP I-COMP I-COMP I-COMP I-COMP I-COMP I-COMP I-COMP I-COMP I-COMP I-COMP I-COMP I-COMP I-COMP I-COMP B-COMP I-COMP I-COMP I-COMP I-COMP I-COMP I-COMP I-COMP B-COMP I-COMP I-COMP I-COMP I-COMP O B-COMP I-COMP I-COMP I-COMP I-COMP I-COMP I-COMP I-COMP I-COMP I-COMP I-COMP I-COMP I-COMP I-COMP I-COMP I-COMP,O O O O O O O O B-COMP I-COMP I-COMP I-COMP I-COMP I-COMP I-COMP I-COMP I-COMP I-COMP I-COMP I-COMP I-COMP I-COMP I-COMP I-COMP I-COMP I-COMP I-COMP B-COMP I-COMP I-COMP I-COMP I-COMP I-COMP I-COMP I-COMP B-COMP I-COMP I-COMP I-COMP I-COMP O B-COMP I-COMP I-COMP I-COMP I-COMP I-COMP I-COMP I-COMP I-COMP I-COMP I-COMP I-COMP I-COMP I-COMP I-COMP I-COMP,57,57,False,False
165,B-COMP I-COMP I-COMP I-COMP O B-COMP I-COMP I-COMP I-COMP,O O O O O B-COMP I-COMP I-COMP I-COMP,9,9,False,False
166,B-COMP I-COMP I-COMP I-COMP I-COMP I-COMP I-COMP I-COMP I-COMP I-COMP I-COMP O O O O O O O O,B-COMP I-COMP I-COMP I-COMP I-COMP I-COMP I-COMP I-COMP I-COMP I-COMP I-COMP O O O O O O O O,19,19,False,True
167,B-COMP I-COMP I-COMP B-COMP I-COMP I-COMP B-COMP I-COMP I-COMP I-COMP B-COMP I-COMP I-COMP I-COMP I-COMP I-COMP I-COMP I-COMP I-COMP I-COMP I-COMP O B-COMP I-COMP,B-COMP I-COMP I-COMP B-COMP I-COMP I-COMP B-COMP I-COMP I-COMP I-COMP B-COMP I-COMP I-COMP I-COMP I-COMP I-COMP I-COMP I-COMP I-COMP I-COMP I-COMP O B-COMP I-COMP,24,24,False,True
168,B-COMP I-COMP I-COMP I-COMP I-COMP I-COMP I-COMP I-COMP I-COMP I-COMP,B-COMP I-COMP I-COMP I-COMP I-COMP I-COMP I-COMP I-COMP I-COMP I-COMP,10,10,False,True
169,B-COMP I-COMP I-COMP I-COMP I-COMP I-COMP I-COMP I-COMP O B-COMP I-COMP I-COMP I-COMP,B-COMP I-COMP I-COMP I-COMP I-COMP I-COMP I-COMP I-COMP O B-COMP I-COMP I-COMP I-COMP,13,13,False,True
170,B-COMP I-COMP I-COMP I-COMP I-COMP I-COMP I-COMP I-COMP I-COMP I-COMP B-COMP I-COMP I-COMP I-COMP I-COMP I-COMP I-COMP,B-COMP I-COMP I-COMP I-COMP I-COMP I-COMP I-COMP I-COMP I-COMP I-COMP B-COMP I-COMP I-COMP I-COMP I-COMP I-COMP I-COMP,17,17,False,True
171,B-COMP I-COMP I-COMP I-COMP O O O O O O O O O O B-COMP I-COMP I-COMP I-COMP I-COMP,B-COMP I-COMP I-COMP I-COMP O O O O O O O O O O B-COMP I-COMP I-COMP I-COMP I-COMP,19,19,False,True
172,O O O O O,O O O O O,5,5,False,True
173,B-COMP I-COMP I-COMP I-COMP I-COMP I-COMP I-COMP I-COMP I-COMP I-COMP I-COMP B-COMP I-COMP I-COMP I-COMP I-COMP I-COMP I-COMP I-COMP O O O O O O O O O O B-COMP I-COMP I-COMP I-COMP I-COMP I-COMP I-COMP I-COMP I-COMP I-COMP I-COMP I-COMP I-COMP I-COMP I-COMP I-COMP I-COMP I-COMP I-COMP I-COMP B-COMP I-COMP I-COMP I-COMP I-COMP I-COMP I-COMP I-COMP B-COMP I-COMP I-COMP I-COMP,B-COMP I-COMP I-COMP I-COMP I-COMP I-COMP I-COMP I-COMP I-COMP I-COMP I-COMP B-COMP I-COMP I-COMP I-COMP I-COMP I-COMP I-COMP I-COMP O O O O O O O O O O B-COMP I-COMP I-COMP I-COMP I-COMP I-COMP I-COMP I-COMP I-COMP I-COMP I-COMP I-COMP I-COMP I-COMP I-COMP I-COMP I-COMP I-COMP I-COMP I-COMP B-COMP I-COMP I-COMP I-COMP I-COMP I-COMP I-COMP I-COMP B-COMP I-COMP I-COMP I-COMP,61,61,False,True
174,O O O O B-COMP I-COMP I-COMP I-COMP,O O O O O B-COMP I-COMP I-COMP,8,8,False,False
175,O O O O O O O O O B-COMP I-COMP I-COMP I-COMP I-COMP I-COMP I-COMP I-COMP I-COMP I-COMP I-COMP I-COMP I-COMP O B-COMP I-COMP I-COMP I-COMP I-COMP I-COMP I-COMP I-COMP I-COMP I-COMP I-COMP I-COMP I-COMP O B-COMP I-COMP I-COMP I-COMP O B-COMP I-COMP I-COMP I-COMP I-COMP O O O O O O O O B-COMP I-COMP B-COMP I-COMP I-COMP I-COMP I-COMP I-COMP I-COMP I-COMP I-COMP I-COMP I-COMP,O O O O O O O B-COMP O O I-COMP I-COMP I-COMP I-COMP I-COMP I-COMP I-COMP I-COMP I-COMP I-COMP I-COMP I-COMP O O O I-COMP I-COMP I-COMP I-COMP I-COMP I-COMP I-COMP I-COMP I-COMP I-COMP I-COMP O B-COMP I-COMP I-COMP I-COMP O B-COMP I-COMP I-COMP I-COMP I-COMP O O O O O O O O B-COMP I-COMP O O O O O O O O O O O,68,68,False,False
176,O O O O O O O O O O B-COMP I-COMP I-COMP I-COMP I-COMP B-COMP I-COMP I-COMP I-COMP B-COMP I-COMP I-COMP I-COMP I-COMP I-COMP I-COMP,O O O O O O O O O O B-COMP I-COMP I-COMP I-COMP I-COMP B-COMP I-COMP I-COMP I-COMP B-COMP I-COMP I-COMP I-COMP I-COMP I-COMP I-COMP,26,26,False,True
177,B-COMP I-COMP I-COMP I-COMP I-COMP,B-COMP I-COMP I-COMP I-COMP I-COMP,5,5,False,True
178,B-COMP I-COMP I-COMP O O O O O O O O O O O O O O O O O O O O O O O O O O O O O O O O O O O O O O O O O O O O O O O B-COMP I-COMP I-COMP I-COMP I-COMP I-COMP O O O O O O O O O O O O,B-COMP I-COMP I-COMP O O O O O O O O O O O O O O O O O O O O O O O O I-COMP I-COMP I-COMP O O O O O I-COMP I-COMP O I-COMP I-COMP I-COMP I-COMP I-COMP I-COMP I-COMP I-COMP I-COMP I-COMP O O B-COMP I-COMP I-COMP I-COMP I-COMP I-COMP O O O O O O O O O O O O,68,68,False,False
179,B-COMP I-COMP I-COMP I-COMP I-COMP I-COMP I-COMP I-COMP I-COMP I-COMP B-COMP I-COMP I-COMP I-COMP I-COMP I-COMP I-COMP I-COMP I-COMP B-COMP I-COMP I-COMP I-COMP I-COMP I-COMP B-COMP I-COMP I-COMP I-COMP I-COMP I-COMP O B-COMP I-COMP I-COMP I-COMP I-COMP I-COMP I-COMP I-COMP I-COMP I-COMP O O O O O O O O O B-COMP I-COMP I-COMP I-COMP I-COMP I-COMP I-COMP I-COMP O B-COMP I-COMP I-COMP I-COMP I-COMP B-COMP,B-COMP I-COMP I-COMP I-COMP I-COMP I-COMP I-COMP I-COMP I-COMP I-COMP O I-COMP I-COMP I-COMP I-COMP I-COMP I-COMP I-COMP I-COMP B-COMP I-COMP I-COMP I-COMP I-COMP I-COMP B-COMP I-COMP I-COMP I-COMP I-COMP I-COMP O O I-COMP I-COMP I-COMP I-COMP I-COMP I-COMP I-COMP I-COMP I-COMP O O O O O O O O O B-COMP I-COMP I-COMP I-COMP I-COMP I-COMP I-COMP I-COMP O B-COMP I-COMP I-COMP I-COMP I-COMP B-COMP,66,66,False,False
180,B-COMP I-COMP I-COMP I-COMP B-COMP I-COMP O O O O O O O O B-COMP I-COMP I-COMP I-COMP I-COMP I-COMP I-COMP I-COMP I-COMP I-COMP I-COMP I-COMP I-COMP I-COMP I-COMP I-COMP O B-COMP I-COMP I-COMP I-COMP I-COMP I-COMP I-COMP I-COMP O O O O O O O O O O O O O O O,B-COMP I-COMP I-COMP I-COMP B-COMP I-COMP O O O O O O O O B-COMP I-COMP I-COMP I-COMP I-COMP I-COMP I-COMP I-COMP I-COMP I-COMP I-COMP I-COMP I-COMP I-COMP I-COMP I-COMP O B-COMP I-COMP I-COMP I-COMP I-COMP I-COMP I-COMP I-COMP O O O O O O O O O O O O O O O,54,54,False,True
181,B-COMP I-COMP I-COMP I-COMP B-COMP I-COMP I-COMP B-COMP I-COMP I-COMP I-COMP B-COMP I-COMP I-COMP I-COMP I-COMP O O O O O O O O B-COMP I-COMP B-COMP I-COMP I-COMP I-COMP I-COMP I-COMP B-COMP I-COMP I-COMP I-COMP O O O O O O B-COMP I-COMP I-COMP I-COMP I-COMP I-COMP I-COMP I-COMP I-COMP I-COMP B-COMP I-COMP I-COMP I-COMP O B-COMP I-COMP I-COMP I-COMP I-COMP I-COMP I-COMP I-COMP B-COMP I-COMP I-COMP I-COMP B-COMP I-COMP I-COMP I-COMP I-COMP,B-COMP I-COMP I-COMP I-COMP B-COMP I-COMP I-COMP B-COMP I-COMP I-COMP I-COMP B-COMP I-COMP I-COMP I-COMP I-COMP O O O O O O O O B-COMP I-COMP B-COMP I-COMP I-COMP I-COMP I-COMP I-COMP B-COMP I-COMP I-COMP I-COMP B-COMP I-COMP I-COMP I-COMP I-COMP I-COMP B-COMP I-COMP I-COMP I-COMP I-COMP I-COMP I-COMP I-COMP I-COMP I-COMP B-COMP I-COMP I-COMP I-COMP O B-COMP I-COMP I-COMP I-COMP I-COMP I-COMP I-COMP I-COMP B-COMP I-COMP I-COMP I-COMP B-COMP I-COMP I-COMP I-COMP I-COMP,74,74,False,False
182,B-COMP I-COMP I-COMP I-COMP I-COMP I-COMP I-COMP I-COMP I-COMP I-COMP,B-COMP I-COMP I-COMP I-COMP I-COMP I-COMP I-COMP I-COMP I-COMP I-COMP,10,10,False,True
183,B-COMP I-COMP I-COMP I-COMP I-COMP I-COMP I-COMP I-COMP I-COMP I-COMP I-COMP,B-COMP I-COMP I-COMP I-COMP I-COMP I-COMP I-COMP I-COMP I-COMP I-COMP I-COMP,11,11,False,True
184,B-COMP O B-COMP I-COMP I-COMP I-COMP I-COMP I-COMP I-COMP I-COMP I-COMP O B-COMP I-COMP I-COMP I-COMP I-COMP I-COMP I-COMP I-COMP I-COMP I-COMP I-COMP I-COMP I-COMP I-COMP O B-COMP I-COMP B-COMP I-COMP I-COMP I-COMP I-COMP I-COMP I-COMP I-COMP B-COMP I-COMP I-COMP I-COMP I-COMP I-COMP I-COMP I-COMP I-COMP I-COMP I-COMP I-COMP B-COMP I-COMP I-COMP B-COMP I-COMP I-COMP I-COMP B-COMP I-COMP I-COMP B-COMP I-COMP I-COMP I-COMP I-COMP I-COMP I-COMP O B-COMP I-COMP I-COMP I-COMP I-COMP,O O B-COMP I-COMP I-COMP I-COMP I-COMP I-COMP I-COMP I-COMP I-COMP O B-COMP I-COMP I-COMP I-COMP I-COMP I-COMP I-COMP I-COMP I-COMP I-COMP I-COMP I-COMP I-COMP I-COMP O B-COMP I-COMP B-COMP I-COMP I-COMP I-COMP I-COMP I-COMP I-COMP I-COMP B-COMP I-COMP I-COMP I-COMP I-COMP I-COMP I-COMP I-COMP I-COMP I-COMP I-COMP I-COMP B-COMP I-COMP I-COMP B-COMP I-COMP I-COMP I-COMP B-COMP I-COMP I-COMP B-COMP I-COMP I-COMP I-COMP I-COMP I-COMP I-COMP O B-COMP I-COMP I-COMP I-COMP I-COMP,72,72,False,False
185,B-COMP I-COMP I-COMP I-COMP I-COMP I-COMP I-COMP I-COMP I-COMP I-COMP I-COMP I-COMP B-COMP I-COMP I-COMP I-COMP I-COMP I-COMP I-COMP I-COMP I-COMP I-COMP I-COMP I-COMP I-COMP I-COMP I-COMP I-COMP I-COMP I-COMP I-COMP B-COMP I-COMP I-COMP I-COMP I-COMP I-COMP I-COMP B-COMP I-COMP I-COMP I-COMP I-COMP I-COMP I-COMP I-COMP I-COMP I-COMP I-COMP I-COMP O O B-COMP I-COMP I-COMP I-COMP I-COMP I-COMP I-COMP B-COMP I-COMP I-COMP I-COMP I-COMP I-COMP I-COMP I-COMP I-COMP B-COMP I-COMP I-COMP I-COMP I-COMP,B-COMP I-COMP I-COMP I-COMP I-COMP I-COMP I-COMP I-COMP I-COMP I-COMP I-COMP I-COMP B-COMP I-COMP I-COMP I-COMP I-COMP I-COMP I-COMP I-COMP I-COMP I-COMP I-COMP I-COMP I-COMP I-COMP I-COMP I-COMP I-COMP I-COMP I-COMP B-COMP I-COMP I-COMP I-COMP I-COMP I-COMP I-COMP B-COMP I-COMP I-COMP I-COMP I-COMP I-COMP I-COMP I-COMP I-COMP I-COMP I-COMP I-COMP O O B-COMP I-COMP I-COMP I-COMP I-COMP I-COMP I-COMP B-COMP I-COMP I-COMP I-COMP I-COMP I-COMP I-COMP I-COMP I-COMP B-COMP I-COMP I-COMP I-COMP I-COMP,73,73,False,True
186,B-COMP I-COMP I-COMP O B-COMP I-COMP I-COMP I-COMP I-COMP I-COMP I-COMP I-COMP I-COMP I-COMP I-COMP I-COMP I-COMP I-COMP B-COMP I-COMP I-COMP I-COMP I-COMP I-COMP I-COMP O O B-COMP I-COMP I-COMP I-COMP I-COMP I-COMP I-COMP I-COMP I-COMP I-COMP I-COMP I-COMP I-COMP I-COMP O B-COMP I-COMP I-COMP I-COMP I-COMP I-COMP I-COMP I-COMP I-COMP B-COMP I-COMP I-COMP I-COMP I-COMP I-COMP I-COMP I-COMP I-COMP,B-COMP I-COMP I-COMP O B-COMP I-COMP I-COMP I-COMP I-COMP I-COMP I-COMP I-COMP I-COMP I-COMP I-COMP I-COMP I-COMP I-COMP B-COMP I-COMP I-COMP I-COMP I-COMP I-COMP I-COMP O O B-COMP I-COMP I-COMP I-COMP I-COMP I-COMP I-COMP I-COMP I-COMP I-COMP I-COMP I-COMP I-COMP I-COMP O B-COMP I-COMP I-COMP I-COMP I-COMP I-COMP I-COMP I-COMP I-COMP B-COMP I-COMP I-COMP I-COMP I-COMP I-COMP I-COMP I-COMP I-COMP,60,60,False,True
187,B-COMP I-COMP I-COMP I-COMP I-COMP I-COMP I-COMP I-COMP I-COMP I-COMP I-COMP I-COMP I-COMP I-COMP I-COMP I-COMP I-COMP,B-COMP I-COMP I-COMP I-COMP I-COMP I-COMP I-COMP I-COMP I-COMP I-COMP I-COMP I-COMP I-COMP I-COMP I-COMP I-COMP I-COMP,17,17,False,True
188,B-COMP I-COMP I-COMP I-COMP I-COMP I-COMP I-COMP I-COMP O B-COMP I-COMP I-COMP I-COMP I-COMP I-COMP I-COMP I-COMP I-COMP I-COMP I-COMP I-COMP I-COMP I-COMP I-COMP I-COMP I-COMP I-COMP I-COMP I-COMP I-COMP I-COMP I-COMP I-COMP O B-COMP I-COMP I-COMP I-COMP I-COMP I-COMP I-COMP I-COMP I-COMP,B-COMP I-COMP I-COMP I-COMP I-COMP I-COMP I-COMP I-COMP O B-COMP I-COMP I-COMP I-COMP I-COMP I-COMP I-COMP I-COMP I-COMP I-COMP I-COMP I-COMP I-COMP I-COMP I-COMP I-COMP I-COMP I-COMP I-COMP I-COMP I-COMP I-COMP I-COMP I-COMP O B-COMP I-COMP I-COMP I-COMP I-COMP I-COMP I-COMP I-COMP I-COMP,43,43,False,True
189,B-COMP I-COMP I-COMP B-COMP I-COMP I-COMP I-COMP I-COMP I-COMP I-COMP O O O B-COMP I-COMP I-COMP I-COMP I-COMP I-COMP I-COMP I-COMP B-COMP I-COMP I-COMP B-COMP I-COMP I-COMP,B-COMP I-COMP I-COMP B-COMP B-COMP I-COMP I-COMP I-COMP I-COMP I-COMP O O O B-COMP I-COMP I-COMP I-COMP I-COMP I-COMP I-COMP I-COMP B-COMP I-COMP I-COMP B-COMP I-COMP I-COMP,27,27,False,False
190,B-COMP I-COMP I-COMP I-COMP I-COMP B-COMP I-COMP I-COMP I-COMP B-COMP I-COMP I-COMP I-COMP I-COMP I-COMP I-COMP I-COMP I-COMP B-COMP I-COMP I-COMP I-COMP I-COMP I-COMP I-COMP I-COMP I-COMP B-COMP I-COMP O O B-COMP I-COMP I-COMP,B-COMP I-COMP I-COMP I-COMP I-COMP B-COMP I-COMP I-COMP I-COMP B-COMP I-COMP I-COMP I-COMP I-COMP I-COMP I-COMP I-COMP I-COMP B-COMP B-COMP I-COMP I-COMP I-COMP I-COMP I-COMP I-COMP I-COMP B-COMP I-COMP O O O O I-COMP,34,34,False,False
191,O B-COMP I-COMP I-COMP I-COMP I-COMP B-COMP I-COMP I-COMP B-COMP I-COMP I-COMP I-COMP I-COMP,O O O O O O B-COMP I-COMP I-COMP B-COMP I-COMP I-COMP I-COMP I-COMP,14,14,False,False
192,B-COMP I-COMP I-COMP I-COMP I-COMP I-COMP,B-COMP I-COMP I-COMP I-COMP I-COMP I-COMP,6,6,False,True
193,B-COMP I-COMP I-COMP I-COMP I-COMP I-COMP I-COMP I-COMP I-COMP I-COMP I-COMP I-COMP I-COMP I-COMP I-COMP I-COMP I-COMP I-COMP B-COMP I-COMP I-COMP I-COMP I-COMP I-COMP I-COMP I-COMP I-COMP O B-COMP I-COMP I-COMP I-COMP B-COMP I-COMP I-COMP I-COMP I-COMP I-COMP I-COMP I-COMP I-COMP I-COMP I-COMP I-COMP I-COMP I-COMP I-COMP I-COMP I-COMP I-COMP I-COMP I-COMP I-COMP I-COMP I-COMP I-COMP B-COMP I-COMP I-COMP I-COMP I-COMP I-COMP I-COMP I-COMP I-COMP I-COMP B-COMP I-COMP I-COMP I-COMP B-COMP I-COMP I-COMP I-COMP I-COMP,B-COMP I-COMP I-COMP I-COMP I-COMP I-COMP I-COMP I-COMP I-COMP I-COMP I-COMP I-COMP I-COMP I-COMP I-COMP I-COMP I-COMP I-COMP B-COMP I-COMP I-COMP I-COMP I-COMP I-COMP I-COMP I-COMP I-COMP O B-COMP I-COMP I-COMP I-COMP B-COMP I-COMP I-COMP I-COMP I-COMP I-COMP I-COMP I-COMP I-COMP I-COMP I-COMP I-COMP I-COMP I-COMP I-COMP I-COMP I-COMP I-COMP I-COMP I-COMP I-COMP I-COMP I-COMP I-COMP B-COMP I-COMP I-COMP I-COMP I-COMP I-COMP I-COMP I-COMP I-COMP I-COMP B-COMP I-COMP I-COMP I-COMP B-COMP I-COMP I-COMP I-COMP I-COMP,75,75,False,True
194,B-COMP I-COMP I-COMP I-COMP I-COMP I-COMP I-COMP O O O O O O O O O O O O O O O O O O O O O O O O O O,B-COMP O O O O O O O O O O O O O O O O O O O O O O O O O O O I-COMP I-COMP I-COMP I-COMP O,33,33,False,False
195,B-COMP I-COMP I-COMP I-COMP I-COMP I-COMP I-COMP I-COMP I-COMP I-COMP I-COMP I-COMP I-COMP I-COMP O O B-COMP I-COMP I-COMP I-COMP I-COMP,B-COMP I-COMP I-COMP I-COMP I-COMP I-COMP I-COMP I-COMP I-COMP I-COMP I-COMP I-COMP I-COMP I-COMP O O B-COMP I-COMP I-COMP I-COMP I-COMP,21,21,False,True
196,B-COMP I-COMP I-COMP O B-COMP I-COMP I-COMP I-COMP I-COMP I-COMP I-COMP I-COMP I-COMP I-COMP B-COMP I-COMP I-COMP I-COMP I-COMP I-COMP I-COMP I-COMP O,B-COMP I-COMP I-COMP O B-COMP I-COMP I-COMP I-COMP I-COMP I-COMP I-COMP I-COMP I-COMP I-COMP B-COMP I-COMP I-COMP I-COMP I-COMP I-COMP I-COMP I-COMP O,23,23,False,True
197,B-COMP I-COMP I-COMP I-COMP I-COMP I-COMP I-COMP I-COMP O O O O O O O O O O O O O O O O O O B-COMP I-COMP I-COMP I-COMP I-COMP I-COMP I-COMP I-COMP I-COMP I-COMP B-COMP B-COMP I-COMP I-COMP I-COMP I-COMP I-COMP I-COMP I-COMP I-COMP I-COMP I-COMP I-COMP B-COMP O B-COMP I-COMP I-COMP I-COMP I-COMP I-COMP I-COMP I-COMP I-COMP I-COMP I-COMP I-COMP B-COMP I-COMP I-COMP I-COMP I-COMP I-COMP I-COMP O B-COMP I-COMP I-COMP I-COMP I-COMP,B-COMP I-COMP I-COMP I-COMP I-COMP I-COMP I-COMP I-COMP B-COMP I-COMP O O O O O O O O O O O O O O O O B-COMP I-COMP I-COMP I-COMP I-COMP I-COMP I-COMP I-COMP I-COMP I-COMP B-COMP B-COMP I-COMP I-COMP I-COMP I-COMP I-COMP I-COMP I-COMP I-COMP I-COMP I-COMP I-COMP B-COMP O B-COMP I-COMP I-COMP I-COMP I-COMP I-COMP I-COMP I-COMP I-COMP I-COMP I-COMP I-COMP B-COMP I-COMP I-COMP I-COMP I-COMP I-COMP I-COMP O B-COMP I-COMP I-COMP I-COMP I-COMP,76,76,False,False
198,O O O O O O O O O O O B-COMP I-COMP I-COMP O O B-COMP I-COMP I-COMP I-COMP I-COMP I-COMP,B-COMP I-COMP O B-COMP I-COMP B-COMP I-COMP B-COMP I-COMP I-COMP O B-COMP I-COMP I-COMP I-COMP I-COMP I-COMP I-COMP I-COMP I-COMP I-COMP I-COMP,22,22,False,False
199,B-COMP I-COMP I-COMP I-COMP I-COMP,B-COMP I-COMP I-COMP I-COMP I-COMP,5,5,False,True
200,B-COMP I-COMP I-COMP B-COMP I-COMP I-COMP B-COMP I-COMP I-COMP I-COMP I-COMP,B-COMP I-COMP I-COMP B-COMP I-COMP I-COMP B-COMP I-COMP I-COMP I-COMP I-COMP,11,11,False,True
201,B-COMP I-COMP I-COMP I-COMP I-COMP I-COMP I-COMP I-COMP I-COMP I-COMP I-COMP I-COMP I-COMP,B-COMP I-COMP I-COMP I-COMP I-COMP I-COMP I-COMP I-COMP I-COMP I-COMP I-COMP I-COMP I-COMP,13,13,False,True
202,B-COMP I-COMP I-COMP I-COMP I-COMP I-COMP,B-COMP I-COMP I-COMP I-COMP I-COMP I-COMP,6,6,False,True
203,B-COMP I-COMP I-COMP I-COMP I-COMP I-COMP I-COMP I-COMP O O O O O O,B-COMP I-COMP I-COMP I-COMP I-COMP I-COMP I-COMP I-COMP O O O O O O,14,14,False,True
204,O O O O O O O O O O O O O O O O O O O O,B-COMP I-COMP O I-COMP O O O O O O O O O O O O O O O O,20,20,False,False
205,B-COMP I-COMP I-COMP I-COMP I-COMP I-COMP O O B-COMP I-COMP I-COMP I-COMP I-COMP I-COMP I-COMP I-COMP I-COMP I-COMP I-COMP I-COMP I-COMP I-COMP I-COMP I-COMP O O O O O O O O O O O O O O O,B-COMP I-COMP I-COMP I-COMP I-COMP I-COMP O O B-COMP I-COMP I-COMP I-COMP I-COMP I-COMP I-COMP I-COMP I-COMP I-COMP I-COMP I-COMP I-COMP I-COMP I-COMP I-COMP B-COMP I-COMP I-COMP I-COMP I-COMP I-COMP O O O O O O O O O,39,39,False,False
206,B-COMP I-COMP I-COMP I-COMP I-COMP I-COMP I-COMP I-COMP B-COMP I-COMP I-COMP O B-COMP I-COMP I-COMP I-COMP I-COMP I-COMP I-COMP I-COMP I-COMP I-COMP I-COMP I-COMP I-COMP I-COMP I-COMP I-COMP I-COMP B-COMP I-COMP I-COMP O O O O O O O O O O O O O O O O O O,B-COMP I-COMP I-COMP I-COMP I-COMP I-COMP I-COMP I-COMP B-COMP I-COMP I-COMP O B-COMP I-COMP I-COMP I-COMP I-COMP I-COMP I-COMP I-COMP I-COMP I-COMP I-COMP I-COMP I-COMP I-COMP I-COMP I-COMP I-COMP B-COMP I-COMP I-COMP O O O O O O O O O O O O O O O O O O,50,50,False,True
207,B-COMP I-COMP I-COMP,B-COMP I-COMP I-COMP,3,3,False,True
208,B-COMP I-COMP I-COMP,B-COMP I-COMP I-COMP,3,3,False,True
209,O O O O O O O O O O O B-COMP I-COMP I-COMP I-COMP I-COMP I-COMP I-COMP I-COMP I-COMP I-COMP I-COMP I-COMP I-COMP I-COMP I-COMP I-COMP B-COMP I-COMP I-COMP I-COMP I-COMP I-COMP I-COMP I-COMP I-COMP,O O O O O O O O O O O B-COMP I-COMP I-COMP I-COMP I-COMP I-COMP I-COMP I-COMP I-COMP I-COMP I-COMP I-COMP I-COMP I-COMP I-COMP I-COMP B-COMP I-COMP I-COMP I-COMP I-COMP I-COMP I-COMP I-COMP I-COMP,36,36,False,True
210,B-COMP I-COMP O B-COMP I-COMP I-COMP I-COMP I-COMP I-COMP I-COMP I-COMP I-COMP I-COMP I-COMP I-COMP I-COMP I-COMP I-COMP I-COMP I-COMP I-COMP I-COMP I-COMP I-COMP I-COMP I-COMP I-COMP I-COMP I-COMP I-COMP I-COMP I-COMP I-COMP I-COMP I-COMP O B-COMP I-COMP I-COMP I-COMP I-COMP I-COMP I-COMP I-COMP I-COMP I-COMP I-COMP I-COMP I-COMP I-COMP I-COMP I-COMP I-COMP I-COMP I-COMP I-COMP I-COMP I-COMP I-COMP I-COMP I-COMP I-COMP I-COMP I-COMP O O O O O B-COMP I-COMP I-COMP I-COMP I-COMP,B-COMP I-COMP O B-COMP I-COMP I-COMP I-COMP I-COMP I-COMP I-COMP I-COMP I-COMP I-COMP I-COMP I-COMP I-COMP I-COMP I-COMP I-COMP I-COMP I-COMP I-COMP I-COMP I-COMP I-COMP I-COMP I-COMP I-COMP I-COMP I-COMP I-COMP I-COMP I-COMP I-COMP I-COMP O B-COMP I-COMP I-COMP I-COMP I-COMP I-COMP I-COMP I-COMP I-COMP I-COMP I-COMP I-COMP I-COMP I-COMP I-COMP I-COMP I-COMP I-COMP I-COMP I-COMP I-COMP I-COMP I-COMP I-COMP I-COMP I-COMP I-COMP I-COMP O O O O O B-COMP I-COMP I-COMP I-COMP I-COMP,74,74,False,True
211,B-COMP I-COMP I-COMP I-COMP I-COMP I-COMP I-COMP I-COMP B-COMP I-COMP I-COMP B-COMP B-COMP I-COMP I-COMP I-COMP I-COMP I-COMP I-COMP I-COMP I-COMP I-COMP O O O O O O O O O O O O O O O O O O O O O O O B-COMP I-COMP B-COMP I-COMP I-COMP I-COMP I-COMP I-COMP I-COMP I-COMP I-COMP I-COMP,B-COMP I-COMP I-COMP I-COMP I-COMP I-COMP I-COMP I-COMP B-COMP I-COMP I-COMP B-COMP B-COMP I-COMP I-COMP I-COMP I-COMP I-COMP I-COMP I-COMP I-COMP I-COMP O O O O O O O O O O O O O O O O O O O O O O O B-COMP I-COMP B-COMP I-COMP I-COMP I-COMP I-COMP I-COMP I-COMP I-COMP I-COMP I-COMP,57,57,False,True
212,B-COMP I-COMP I-COMP I-COMP I-COMP I-COMP I-COMP B-COMP I-COMP I-COMP,B-COMP I-COMP I-COMP I-COMP I-COMP I-COMP I-COMP B-COMP I-COMP I-COMP,10,10,False,True
213,B-COMP I-COMP I-COMP I-COMP I-COMP O B-COMP I-COMP I-COMP I-COMP I-COMP B-COMP I-COMP I-COMP I-COMP I-COMP I-COMP I-COMP O O O O O O O O O O O O O O O O O O O O O O O O O O O O O O O B-COMP I-COMP I-COMP I-COMP I-COMP I-COMP I-COMP I-COMP,B-COMP I-COMP I-COMP I-COMP I-COMP O B-COMP I-COMP I-COMP I-COMP I-COMP B-COMP I-COMP I-COMP I-COMP I-COMP I-COMP I-COMP O O O O O O O O O O O O O O O O O O O O O O O O O O O O O O O B-COMP I-COMP I-COMP I-COMP I-COMP I-COMP I-COMP I-COMP,57,57,False,True
214,O B-COMP I-COMP I-COMP I-COMP I-COMP I-COMP I-COMP B-COMP I-COMP B-COMP I-COMP I-COMP I-COMP I-COMP I-COMP I-COMP I-COMP I-COMP I-COMP I-COMP O B-COMP I-COMP B-COMP I-COMP I-COMP I-COMP I-COMP I-COMP I-COMP I-COMP I-COMP I-COMP I-COMP I-COMP I-COMP I-COMP I-COMP I-COMP I-COMP I-COMP I-COMP I-COMP I-COMP I-COMP I-COMP B-COMP I-COMP I-COMP I-COMP I-COMP I-COMP I-COMP I-COMP I-COMP I-COMP O O O O O O O O O O O O O O O O O B-COMP I-COMP I-COMP I-COMP I-COMP,O B-COMP I-COMP I-COMP I-COMP I-COMP I-COMP I-COMP B-COMP I-COMP B-COMP I-COMP I-COMP I-COMP I-COMP I-COMP I-COMP I-COMP I-COMP I-COMP I-COMP O B-COMP I-COMP B-COMP I-COMP I-COMP I-COMP I-COMP I-COMP I-COMP I-COMP I-COMP I-COMP I-COMP I-COMP I-COMP I-COMP I-COMP I-COMP I-COMP I-COMP I-COMP I-COMP I-COMP I-COMP I-COMP B-COMP I-COMP I-COMP I-COMP I-COMP I-COMP I-COMP I-COMP I-COMP I-COMP O O O O O O O O O O O O O O O O O B-COMP I-COMP I-COMP I-COMP I-COMP,79,79,False,True
215,B-COMP I-COMP I-COMP I-COMP I-COMP I-COMP I-COMP B-COMP I-COMP I-COMP I-COMP O B-COMP I-COMP I-COMP I-COMP I-COMP I-COMP I-COMP O B-COMP I-COMP I-COMP I-COMP,B-COMP I-COMP I-COMP I-COMP I-COMP I-COMP I-COMP B-COMP I-COMP I-COMP I-COMP O B-COMP I-COMP I-COMP I-COMP I-COMP I-COMP I-COMP O B-COMP I-COMP I-COMP I-COMP,24,24,False,True
216,B-COMP I-COMP I-COMP I-COMP I-COMP I-COMP I-COMP O O O O O O O B-COMP I-COMP O O O O O O,B-COMP I-COMP I-COMP I-COMP I-COMP I-COMP I-COMP O O O O O O O I-COMP I-COMP O O O O O O,22,22,False,False
217,B-COMP I-COMP I-COMP B-COMP I-COMP I-COMP B-COMP I-COMP I-COMP I-COMP B-COMP I-COMP I-COMP I-COMP O B-COMP I-COMP I-COMP I-COMP I-COMP I-COMP I-COMP I-COMP I-COMP I-COMP I-COMP I-COMP I-COMP I-COMP I-COMP I-COMP I-COMP I-COMP I-COMP I-COMP I-COMP I-COMP B-COMP I-COMP I-COMP I-COMP I-COMP I-COMP I-COMP I-COMP I-COMP I-COMP I-COMP I-COMP I-COMP I-COMP I-COMP I-COMP I-COMP I-COMP I-COMP I-COMP I-COMP I-COMP I-COMP I-COMP I-COMP B-COMP I-COMP I-COMP I-COMP I-COMP B-COMP I-COMP I-COMP I-COMP I-COMP,B-COMP I-COMP I-COMP B-COMP I-COMP I-COMP B-COMP I-COMP I-COMP I-COMP B-COMP I-COMP I-COMP I-COMP O B-COMP I-COMP I-COMP I-COMP I-COMP I-COMP I-COMP I-COMP I-COMP I-COMP I-COMP I-COMP I-COMP I-COMP I-COMP I-COMP I-COMP I-COMP I-COMP I-COMP I-COMP I-COMP B-COMP I-COMP I-COMP I-COMP I-COMP I-COMP I-COMP I-COMP I-COMP I-COMP I-COMP I-COMP I-COMP I-COMP I-COMP I-COMP I-COMP I-COMP I-COMP I-COMP I-COMP I-COMP I-COMP I-COMP I-COMP B-COMP I-COMP I-COMP I-COMP I-COMP B-COMP I-COMP I-COMP I-COMP I-COMP,72,72,False,True
218,B-COMP I-COMP B-COMP I-COMP I-COMP I-COMP I-COMP I-COMP I-COMP I-COMP I-COMP I-COMP I-COMP I-COMP I-COMP I-COMP I-COMP O B-COMP I-COMP I-COMP I-COMP I-COMP I-COMP I-COMP I-COMP I-COMP I-COMP I-COMP I-COMP O B-COMP I-COMP I-COMP I-COMP B-COMP I-COMP I-COMP I-COMP I-COMP B-COMP I-COMP I-COMP I-COMP I-COMP I-COMP I-COMP I-COMP I-COMP I-COMP B-COMP I-COMP I-COMP I-COMP I-COMP I-COMP I-COMP I-COMP I-COMP I-COMP I-COMP I-COMP I-COMP I-COMP I-COMP B-COMP I-COMP I-COMP I-COMP I-COMP O B-COMP B-COMP I-COMP I-COMP I-COMP I-COMP,B-COMP I-COMP B-COMP I-COMP I-COMP I-COMP I-COMP I-COMP I-COMP I-COMP I-COMP I-COMP I-COMP I-COMP I-COMP I-COMP I-COMP O B-COMP I-COMP I-COMP I-COMP I-COMP I-COMP I-COMP I-COMP I-COMP I-COMP I-COMP I-COMP O B-COMP I-COMP I-COMP I-COMP B-COMP I-COMP I-COMP I-COMP I-COMP B-COMP I-COMP I-COMP I-COMP I-COMP I-COMP I-COMP I-COMP I-COMP I-COMP B-COMP I-COMP I-COMP I-COMP I-COMP I-COMP I-COMP I-COMP I-COMP I-COMP I-COMP I-COMP I-COMP I-COMP I-COMP B-COMP I-COMP I-COMP I-COMP I-COMP O B-COMP B-COMP I-COMP I-COMP I-COMP I-COMP,77,77,False,True
219,O O O O O O O O O O O O O O O O O O O O O O O O O O O O O O O O O B-COMP I-COMP I-COMP I-COMP I-COMP I-COMP I-COMP I-COMP I-COMP I-COMP I-COMP I-COMP I-COMP O B-COMP I-COMP I-COMP I-COMP I-COMP I-COMP I-COMP I-COMP I-COMP I-COMP I-COMP I-COMP I-COMP I-COMP I-COMP I-COMP I-COMP I-COMP I-COMP I-COMP I-COMP I-COMP I-COMP I-COMP I-COMP I-COMP I-COMP O B-COMP I-COMP I-COMP I-COMP I-COMP,O O O O O O O O O O O O O O O O O O O O O O O O O O O O O O O O O B-COMP B-COMP I-COMP I-COMP I-COMP I-COMP I-COMP I-COMP I-COMP I-COMP I-COMP I-COMP I-COMP O B-COMP B-COMP I-COMP I-COMP I-COMP I-COMP I-COMP I-COMP I-COMP I-COMP I-COMP I-COMP I-COMP I-COMP I-COMP I-COMP I-COMP I-COMP I-COMP I-COMP I-COMP I-COMP I-COMP I-COMP I-COMP I-COMP I-COMP B-COMP B-COMP I-COMP I-COMP I-COMP I-COMP,80,80,False,False
220,O O O O O O O O B-COMP I-COMP I-COMP I-COMP I-COMP I-COMP I-COMP I-COMP I-COMP O O B-COMP I-COMP I-COMP I-COMP I-COMP I-COMP I-COMP I-COMP I-COMP I-COMP I-COMP I-COMP I-COMP I-COMP I-COMP I-COMP I-COMP I-COMP I-COMP I-COMP I-COMP I-COMP O O O O O O O O O O O O O O O O O O B-COMP I-COMP I-COMP I-COMP I-COMP I-COMP I-COMP I-COMP I-COMP I-COMP,O O O O O O O B-COMP I-COMP I-COMP I-COMP I-COMP I-COMP I-COMP I-COMP I-COMP I-COMP O O B-COMP I-COMP I-COMP I-COMP I-COMP I-COMP I-COMP I-COMP I-COMP I-COMP I-COMP I-COMP I-COMP I-COMP I-COMP I-COMP I-COMP I-COMP I-COMP I-COMP I-COMP I-COMP O O O O O O O O O O O O O O O O O O O O O O O O O O O O,69,69,False,False
221,B-COMP I-COMP I-COMP O O B-COMP I-COMP I-COMP I-COMP I-COMP I-COMP I-COMP I-COMP I-COMP O O O O O O O O O O O O O,B-COMP I-COMP I-COMP O O B-COMP I-COMP I-COMP I-COMP I-COMP I-COMP I-COMP I-COMP I-COMP O O O O O O B-COMP I-COMP I-COMP I-COMP I-COMP I-COMP O,27,27,False,False
222,O O O O O O O O B-COMP I-COMP O B-COMP I-COMP I-COMP I-COMP I-COMP I-COMP I-COMP I-COMP I-COMP O O O O O O O O O O O O O O O O B-COMP I-COMP I-COMP I-COMP B-COMP I-COMP,O O O O O O O O O I-COMP O B-COMP I-COMP I-COMP I-COMP I-COMP I-COMP I-COMP I-COMP I-COMP O O O O O O O O O O O O O O O O O O O I-COMP B-COMP I-COMP,42,42,False,False
223,B-COMP I-COMP I-COMP I-COMP I-COMP I-COMP I-COMP I-COMP I-COMP I-COMP I-COMP O B-COMP I-COMP I-COMP I-COMP I-COMP I-COMP I-COMP I-COMP I-COMP I-COMP I-COMP I-COMP I-COMP O O B-COMP I-COMP I-COMP I-COMP I-COMP I-COMP I-COMP I-COMP I-COMP I-COMP I-COMP I-COMP I-COMP I-COMP I-COMP O O O O O O O O O O O O O O O B-COMP I-COMP I-COMP I-COMP I-COMP I-COMP I-COMP I-COMP I-COMP I-COMP B-COMP I-COMP I-COMP I-COMP I-COMP,B-COMP I-COMP I-COMP I-COMP I-COMP I-COMP I-COMP I-COMP I-COMP I-COMP I-COMP O B-COMP I-COMP I-COMP I-COMP I-COMP I-COMP I-COMP I-COMP I-COMP I-COMP I-COMP I-COMP I-COMP O O B-COMP I-COMP I-COMP I-COMP I-COMP I-COMP I-COMP I-COMP I-COMP I-COMP I-COMP I-COMP I-COMP I-COMP I-COMP O O O O O O O O O O O O O O O B-COMP I-COMP I-COMP O B-COMP I-COMP I-COMP I-COMP I-COMP I-COMP B-COMP I-COMP I-COMP I-COMP I-COMP,72,72,False,False
224,B-COMP I-COMP I-COMP I-COMP I-COMP I-COMP I-COMP I-COMP B-COMP O B-COMP I-COMP I-COMP I-COMP I-COMP,B-COMP I-COMP I-COMP I-COMP I-COMP I-COMP I-COMP I-COMP B-COMP O B-COMP I-COMP I-COMP I-COMP I-COMP,15,15,False,True
225,O O O O O O O O O O O B-COMP I-COMP I-COMP I-COMP I-COMP I-COMP I-COMP I-COMP I-COMP I-COMP I-COMP I-COMP I-COMP I-COMP I-COMP I-COMP I-COMP I-COMP I-COMP I-COMP I-COMP I-COMP I-COMP I-COMP I-COMP I-COMP,O O O O O O O O O I-COMP O B-COMP I-COMP I-COMP I-COMP I-COMP I-COMP I-COMP I-COMP I-COMP I-COMP I-COMP I-COMP I-COMP I-COMP I-COMP I-COMP I-COMP I-COMP I-COMP I-COMP I-COMP I-COMP I-COMP I-COMP I-COMP I-COMP,37,37,False,False
226,B-COMP I-COMP I-COMP I-COMP O B-COMP I-COMP I-COMP O B-COMP I-COMP,B-COMP I-COMP I-COMP I-COMP O B-COMP I-COMP I-COMP O B-COMP I-COMP,11,11,False,True
227,B-COMP I-COMP I-COMP I-COMP I-COMP I-COMP I-COMP I-COMP I-COMP B-COMP I-COMP I-COMP I-COMP I-COMP I-COMP I-COMP I-COMP I-COMP I-COMP B-COMP I-COMP I-COMP I-COMP I-COMP I-COMP I-COMP I-COMP B-COMP I-COMP B-COMP I-COMP I-COMP I-COMP I-COMP I-COMP I-COMP I-COMP I-COMP B-COMP I-COMP I-COMP I-COMP I-COMP I-COMP I-COMP B-COMP I-COMP I-COMP O B-COMP I-COMP I-COMP I-COMP I-COMP I-COMP I-COMP I-COMP B-COMP I-COMP I-COMP I-COMP I-COMP I-COMP I-COMP I-COMP I-COMP B-COMP I-COMP I-COMP I-COMP I-COMP,B-COMP I-COMP I-COMP I-COMP I-COMP I-COMP I-COMP I-COMP I-COMP B-COMP I-COMP I-COMP I-COMP I-COMP I-COMP I-COMP I-COMP I-COMP I-COMP B-COMP I-COMP I-COMP I-COMP I-COMP I-COMP I-COMP I-COMP B-COMP I-COMP B-COMP I-COMP I-COMP I-COMP I-COMP I-COMP I-COMP I-COMP I-COMP B-COMP I-COMP I-COMP I-COMP I-COMP I-COMP I-COMP B-COMP I-COMP I-COMP O B-COMP I-COMP I-COMP I-COMP I-COMP I-COMP I-COMP I-COMP B-COMP I-COMP I-COMP I-COMP I-COMP I-COMP I-COMP I-COMP I-COMP B-COMP I-COMP I-COMP I-COMP I-COMP,71,71,False,True
228,B-COMP I-COMP I-COMP I-COMP I-COMP I-COMP I-COMP I-COMP I-COMP I-COMP,B-COMP I-COMP I-COMP I-COMP I-COMP I-COMP I-COMP I-COMP I-COMP I-COMP,10,10,False,True
229,B-COMP I-COMP I-COMP I-COMP I-COMP I-COMP I-COMP I-COMP,B-COMP I-COMP I-COMP I-COMP I-COMP I-COMP I-COMP I-COMP,8,8,False,True
230,B-COMP I-COMP I-COMP I-COMP I-COMP I-COMP I-COMP I-COMP I-COMP I-COMP I-COMP I-COMP O O B-COMP I-COMP I-COMP I-COMP I-COMP I-COMP I-COMP I-COMP I-COMP,B-COMP I-COMP I-COMP I-COMP I-COMP I-COMP I-COMP I-COMP I-COMP I-COMP I-COMP I-COMP O O B-COMP I-COMP I-COMP I-COMP I-COMP I-COMP I-COMP I-COMP I-COMP,23,23,False,True
231,O O O O,B-COMP I-COMP I-COMP I-COMP,4,4,False,False
232,O O O O O O O B-COMP I-COMP I-COMP I-COMP I-COMP I-COMP O B-COMP I-COMP I-COMP I-COMP I-COMP I-COMP I-COMP I-COMP I-COMP I-COMP B-COMP I-COMP I-COMP I-COMP I-COMP I-COMP I-COMP I-COMP I-COMP B-COMP I-COMP,O O O O O O O O B-COMP I-COMP I-COMP I-COMP I-COMP O B-COMP I-COMP I-COMP I-COMP I-COMP I-COMP I-COMP I-COMP I-COMP I-COMP B-COMP I-COMP I-COMP I-COMP I-COMP I-COMP I-COMP I-COMP I-COMP B-COMP I-COMP,35,35,False,False
233,B-COMP I-COMP I-COMP I-COMP B-COMP I-COMP I-COMP I-COMP O B-COMP I-COMP I-COMP I-COMP I-COMP I-COMP B-COMP I-COMP I-COMP I-COMP B-COMP I-COMP I-COMP I-COMP I-COMP I-COMP B-COMP I-COMP I-COMP I-COMP I-COMP I-COMP I-COMP I-COMP I-COMP I-COMP I-COMP I-COMP I-COMP B-COMP I-COMP O B-COMP I-COMP B-COMP I-COMP I-COMP I-COMP I-COMP O B-COMP I-COMP I-COMP I-COMP I-COMP I-COMP I-COMP I-COMP I-COMP I-COMP I-COMP I-COMP I-COMP I-COMP B-COMP I-COMP I-COMP I-COMP B-COMP I-COMP I-COMP I-COMP I-COMP,B-COMP I-COMP I-COMP I-COMP B-COMP I-COMP I-COMP I-COMP O B-COMP I-COMP I-COMP I-COMP I-COMP I-COMP B-COMP I-COMP I-COMP I-COMP B-COMP I-COMP I-COMP I-COMP I-COMP I-COMP B-COMP I-COMP I-COMP I-COMP I-COMP I-COMP I-COMP I-COMP I-COMP I-COMP I-COMP I-COMP I-COMP B-COMP I-COMP O B-COMP I-COMP B-COMP I-COMP I-COMP I-COMP I-COMP O B-COMP I-COMP I-COMP I-COMP I-COMP I-COMP I-COMP I-COMP I-COMP I-COMP I-COMP I-COMP I-COMP I-COMP B-COMP I-COMP I-COMP I-COMP B-COMP I-COMP I-COMP I-COMP I-COMP,72,72,False,True
234,O O O O O B-COMP I-COMP I-COMP I-COMP I-COMP O O O O O O O O O O O O B-COMP I-COMP O O O O O O O O O O O O O O O O O O O O O O O O B-COMP I-COMP I-COMP I-COMP I-COMP I-COMP O O O O O O O O O O O O O O O O O O O O O O,B-COMP I-COMP I-COMP I-COMP O B-COMP I-COMP I-COMP I-COMP I-COMP B-COMP I-COMP I-COMP I-COMP I-COMP I-COMP I-COMP I-COMP I-COMP I-COMP I-COMP I-COMP I-COMP I-COMP O B-COMP I-COMP I-COMP B-COMP I-COMP I-COMP I-COMP I-COMP I-COMP I-COMP I-COMP I-COMP O B-COMP I-COMP I-COMP B-COMP I-COMP I-COMP I-COMP I-COMP I-COMP O B-COMP I-COMP I-COMP I-COMP I-COMP I-COMP B-COMP I-COMP I-COMP I-COMP I-COMP I-COMP I-COMP I-COMP I-COMP B-COMP I-COMP I-COMP I-COMP B-COMP I-COMP I-COMP O B-COMP I-COMP I-COMP I-COMP I-COMP,76,76,False,False
235,B-COMP I-COMP I-COMP I-COMP I-COMP B-COMP I-COMP I-COMP I-COMP I-COMP I-COMP O B-COMP I-COMP I-COMP I-COMP B-COMP I-COMP I-COMP I-COMP I-COMP I-COMP I-COMP I-COMP I-COMP I-COMP I-COMP I-COMP I-COMP I-COMP I-COMP I-COMP I-COMP I-COMP O O O O O O O O O B-COMP,B-COMP I-COMP I-COMP I-COMP I-COMP B-COMP I-COMP I-COMP I-COMP I-COMP I-COMP O B-COMP I-COMP I-COMP I-COMP B-COMP I-COMP I-COMP I-COMP I-COMP I-COMP I-COMP I-COMP I-COMP I-COMP I-COMP I-COMP I-COMP I-COMP I-COMP I-COMP I-COMP I-COMP O O O O O O O O B-COMP I-COMP,44,44,False,False
236,B-COMP I-COMP I-COMP I-COMP I-COMP I-COMP I-COMP I-COMP O B-COMP O B-COMP I-COMP I-COMP I-COMP I-COMP I-COMP I-COMP I-COMP I-COMP I-COMP I-COMP I-COMP O B-COMP I-COMP I-COMP I-COMP I-COMP I-COMP O B-COMP I-COMP I-COMP I-COMP I-COMP I-COMP I-COMP I-COMP I-COMP I-COMP,B-COMP I-COMP I-COMP I-COMP I-COMP I-COMP I-COMP I-COMP O B-COMP I-COMP I-COMP I-COMP I-COMP I-COMP I-COMP I-COMP I-COMP I-COMP I-COMP I-COMP I-COMP I-COMP O B-COMP I-COMP I-COMP I-COMP I-COMP I-COMP O B-COMP I-COMP I-COMP I-COMP I-COMP I-COMP I-COMP I-COMP I-COMP I-COMP,41,41,False,False
237,O B-COMP I-COMP I-COMP I-COMP I-COMP I-COMP I-COMP I-COMP I-COMP I-COMP I-COMP I-COMP I-COMP B-COMP I-COMP I-COMP I-COMP I-COMP I-COMP I-COMP I-COMP I-COMP I-COMP I-COMP I-COMP I-COMP I-COMP I-COMP I-COMP I-COMP I-COMP I-COMP I-COMP I-COMP B-COMP I-COMP I-COMP I-COMP I-COMP I-COMP I-COMP O O O O O O O O O O O O O O O O O B-COMP I-COMP I-COMP I-COMP I-COMP I-COMP I-COMP O,O B-COMP I-COMP I-COMP I-COMP I-COMP I-COMP I-COMP I-COMP I-COMP I-COMP I-COMP I-COMP I-COMP B-COMP I-COMP I-COMP I-COMP I-COMP I-COMP I-COMP I-COMP I-COMP I-COMP I-COMP I-COMP I-COMP I-COMP I-COMP I-COMP I-COMP I-COMP I-COMP I-COMP I-COMP B-COMP I-COMP I-COMP I-COMP I-COMP I-COMP I-COMP O O O O O O O O O O O O O O O O O B-COMP I-COMP I-COMP I-COMP I-COMP I-COMP I-COMP O,67,67,False,True
238,B-COMP I-COMP I-COMP I-COMP I-COMP B-COMP I-COMP I-COMP I-COMP I-COMP I-COMP I-COMP I-COMP I-COMP I-COMP B-COMP B-COMP I-COMP I-COMP I-COMP I-COMP I-COMP I-COMP I-COMP I-COMP I-COMP B-COMP I-COMP I-COMP O O O O O O O O O B-COMP I-COMP I-COMP I-COMP I-COMP I-COMP I-COMP I-COMP I-COMP I-COMP I-COMP I-COMP I-COMP I-COMP I-COMP I-COMP B-COMP I-COMP I-COMP B-COMP I-COMP I-COMP I-COMP I-COMP I-COMP I-COMP I-COMP B-COMP I-COMP I-COMP I-COMP I-COMP,B-COMP I-COMP I-COMP I-COMP I-COMP B-COMP I-COMP I-COMP I-COMP I-COMP I-COMP I-COMP I-COMP I-COMP I-COMP B-COMP B-COMP I-COMP I-COMP I-COMP I-COMP I-COMP I-COMP I-COMP I-COMP I-COMP B-COMP I-COMP I-COMP O O O O O O O O O B-COMP I-COMP I-COMP I-COMP I-COMP I-COMP I-COMP I-COMP I-COMP I-COMP I-COMP I-COMP I-COMP I-COMP I-COMP I-COMP B-COMP I-COMP I-COMP B-COMP I-COMP I-COMP I-COMP I-COMP I-COMP I-COMP I-COMP B-COMP I-COMP I-COMP I-COMP I-COMP,70,70,False,True
239,O O O O O O B-COMP I-COMP I-COMP I-COMP I-COMP I-COMP I-COMP I-COMP I-COMP I-COMP I-COMP I-COMP I-COMP I-COMP I-COMP I-COMP I-COMP I-COMP I-COMP I-COMP I-COMP I-COMP I-COMP I-COMP I-COMP B-COMP I-COMP I-COMP I-COMP I-COMP I-COMP I-COMP I-COMP O B-COMP I-COMP I-COMP I-COMP I-COMP I-COMP I-COMP I-COMP I-COMP I-COMP I-COMP I-COMP I-COMP I-COMP I-COMP I-COMP I-COMP I-COMP I-COMP I-COMP I-COMP I-COMP I-COMP I-COMP I-COMP,O O O O O O B-COMP I-COMP I-COMP I-COMP I-COMP I-COMP I-COMP I-COMP I-COMP I-COMP I-COMP I-COMP I-COMP I-COMP I-COMP I-COMP I-COMP I-COMP I-COMP I-COMP I-COMP I-COMP I-COMP I-COMP I-COMP B-COMP I-COMP I-COMP I-COMP I-COMP I-COMP I-COMP I-COMP O B-COMP I-COMP I-COMP I-COMP I-COMP I-COMP I-COMP I-COMP I-COMP I-COMP I-COMP I-COMP I-COMP I-COMP I-COMP I-COMP I-COMP I-COMP I-COMP I-COMP I-COMP I-COMP I-COMP I-COMP I-COMP,65,65,False,True
240,B-COMP I-COMP I-COMP I-COMP I-COMP I-COMP I-COMP I-COMP,B-COMP I-COMP I-COMP I-COMP I-COMP I-COMP I-COMP I-COMP,8,8,False,True
241,B-COMP I-COMP I-COMP I-COMP I-COMP I-COMP I-COMP I-COMP I-COMP,B-COMP I-COMP I-COMP I-COMP I-COMP I-COMP I-COMP I-COMP I-COMP,9,9,False,True
242,B-COMP I-COMP I-COMP B-COMP I-COMP I-COMP I-COMP I-COMP I-COMP I-COMP I-COMP I-COMP O B-COMP I-COMP I-COMP I-COMP,B-COMP I-COMP I-COMP B-COMP I-COMP I-COMP I-COMP I-COMP I-COMP I-COMP I-COMP I-COMP O B-COMP I-COMP I-COMP I-COMP,17,17,False,True
243,B-COMP I-COMP I-COMP B-COMP I-COMP I-COMP I-COMP O O O O O O O O O O O O O O O O O B-COMP I-COMP I-COMP I-COMP I-COMP I-COMP I-COMP I-COMP I-COMP I-COMP I-COMP I-COMP I-COMP I-COMP I-COMP I-COMP B-COMP I-COMP I-COMP I-COMP I-COMP I-COMP I-COMP I-COMP I-COMP B-COMP I-COMP I-COMP I-COMP I-COMP B-COMP I-COMP I-COMP I-COMP I-COMP I-COMP I-COMP I-COMP I-COMP I-COMP I-COMP I-COMP I-COMP I-COMP I-COMP I-COMP I-COMP I-COMP I-COMP I-COMP I-COMP I-COMP I-COMP I-COMP I-COMP I-COMP I-COMP I-COMP I-COMP I-COMP I-COMP I-COMP B-COMP I-COMP I-COMP I-COMP I-COMP I-COMP I-COMP I-COMP I-COMP I-COMP I-COMP I-COMP I-COMP I-COMP I-COMP I-COMP I-COMP I-COMP I-COMP B-COMP I-COMP I-COMP I-COMP B-COMP I-COMP I-COMP I-COMP B-COMP I-COMP I-COMP I-COMP I-COMP I-COMP I-COMP I-COMP I-COMP O B-COMP I-COMP I-COMP I-COMP I-COMP I-COMP I-COMP I-COMP I-COMP I-COMP I-COMP I-COMP I-COMP I-COMP I-COMP I-COMP I-COMP I-COMP I-COMP B-COMP I-COMP I-COMP B-COMP I-COMP I-COMP I-COMP I-COMP I-COMP I-COMP I-COMP I-COMP I-COMP I-COMP I-COMP I-COMP I-COMP O O O B-COMP I-COMP I-COMP I-COMP I-COMP I-COMP I-COMP I-COMP I-COMP I-COMP I-COMP I-COMP I-COMP I-COMP I-COMP I-COMP I-COMP B-COMP I-COMP I-COMP I-COMP I-COMP I-COMP I-COMP I-COMP I-COMP I-COMP B-COMP I-COMP I-COMP I-COMP I-COMP I-COMP I-COMP O O O O O O O O B-COMP I-COMP I-COMP,B-COMP I-COMP I-COMP B-COMP I-COMP I-COMP I-COMP O O O O O O O O O O O O O O I-COMP I-COMP I-COMP B-COMP I-COMP I-COMP I-COMP I-COMP I-COMP I-COMP I-COMP I-COMP I-COMP I-COMP I-COMP I-COMP I-COMP I-COMP I-COMP B-COMP I-COMP I-COMP I-COMP I-COMP I-COMP I-COMP I-COMP I-COMP B-COMP I-COMP I-COMP I-COMP I-COMP B-COMP I-COMP I-COMP I-COMP I-COMP I-COMP I-COMP I-COMP I-COMP I-COMP I-COMP I-COMP I-COMP I-COMP I-COMP I-COMP I-COMP I-COMP I-COMP I-COMP I-COMP I-COMP I-COMP I-COMP I-COMP I-COMP I-COMP I-COMP I-COMP I-COMP I-COMP I-COMP B-COMP I-COMP I-COMP I-COMP I-COMP I-COMP I-COMP I-COMP I-COMP I-COMP I-COMP I-COMP I-COMP I-COMP I-COMP I-COMP I-COMP I-COMP I-COMP B-COMP I-COMP I-COMP I-COMP B-COMP I-COMP I-COMP I-COMP B-COMP I-COMP I-COMP I-COMP I-COMP I-COMP I-COMP I-COMP I-COMP O B-COMP I-COMP I-COMP I-COMP I-COMP I-COMP I-COMP I-COMP I-COMP I-COMP I-COMP I-COMP I-COMP I-COMP I-COMP I-COMP I-COMP I-COMP I-COMP B-COMP I-COMP I-COMP B-COMP I-COMP I-COMP I-COMP I-COMP I-COMP I-COMP I-COMP I-COMP I-COMP I-COMP I-COMP I-COMP I-COMP B-COMP O I-COMP I-COMP I-COMP I-COMP I-COMP I-COMP I-COMP I-COMP I-COMP I-COMP I-COMP I-COMP I-COMP I-COMP I-COMP I-COMP I-COMP I-COMP B-COMP I-COMP I-COMP I-COMP I-COMP I-COMP I-COMP I-COMP I-COMP I-COMP B-COMP I-COMP I-COMP I-COMP I-COMP I-COMP I-COMP O O O O O O O O O O O,207,207,False,False
244,B-COMP I-COMP I-COMP I-COMP I-COMP O B-COMP I-COMP I-COMP I-COMP I-COMP I-COMP I-COMP B-COMP I-COMP I-COMP I-COMP I-COMP I-COMP O B-COMP I-COMP I-COMP I-COMP I-COMP B-COMP I-COMP I-COMP I-COMP I-COMP I-COMP I-COMP I-COMP B-COMP I-COMP I-COMP I-COMP I-COMP I-COMP O O O O O O O O O O O O O O O B-COMP I-COMP I-COMP I-COMP I-COMP I-COMP I-COMP I-COMP I-COMP I-COMP O B-COMP I-COMP I-COMP I-COMP I-COMP I-COMP O O B-COMP I-COMP I-COMP I-COMP I-COMP O O O O O O B-COMP I-COMP I-COMP I-COMP I-COMP,B-COMP I-COMP I-COMP I-COMP I-COMP O B-COMP I-COMP I-COMP I-COMP I-COMP I-COMP I-COMP B-COMP I-COMP I-COMP I-COMP I-COMP I-COMP O B-COMP I-COMP I-COMP I-COMP I-COMP B-COMP I-COMP I-COMP I-COMP I-COMP I-COMP I-COMP I-COMP B-COMP I-COMP I-COMP I-COMP I-COMP I-COMP O O O O O O O O O O O O O O O B-COMP I-COMP I-COMP I-COMP I-COMP I-COMP I-COMP I-COMP I-COMP I-COMP O B-COMP I-COMP I-COMP I-COMP I-COMP I-COMP O O B-COMP I-COMP I-COMP I-COMP I-COMP O O O O O O B-COMP I-COMP I-COMP I-COMP I-COMP,89,89,False,True
245,B-COMP I-COMP I-COMP I-COMP I-COMP I-COMP I-COMP I-COMP B-COMP I-COMP I-COMP I-COMP B-COMP I-COMP I-COMP I-COMP I-COMP I-COMP I-COMP I-COMP I-COMP I-COMP I-COMP I-COMP I-COMP I-COMP I-COMP I-COMP I-COMP I-COMP I-COMP I-COMP O O O O,B-COMP I-COMP I-COMP I-COMP I-COMP I-COMP I-COMP I-COMP B-COMP I-COMP I-COMP I-COMP B-COMP I-COMP I-COMP I-COMP I-COMP I-COMP I-COMP I-COMP I-COMP I-COMP I-COMP I-COMP I-COMP I-COMP I-COMP I-COMP I-COMP I-COMP I-COMP I-COMP O O O O,36,36,False,True
246,B-COMP I-COMP I-COMP I-COMP I-COMP I-COMP I-COMP I-COMP I-COMP I-COMP I-COMP I-COMP I-COMP I-COMP I-COMP I-COMP I-COMP I-COMP I-COMP I-COMP I-COMP I-COMP I-COMP I-COMP I-COMP I-COMP I-COMP I-COMP I-COMP I-COMP I-COMP I-COMP I-COMP I-COMP I-COMP O O O O,B-COMP I-COMP I-COMP I-COMP I-COMP I-COMP I-COMP I-COMP I-COMP I-COMP O I-COMP O O O O O I-COMP I-COMP I-COMP I-COMP I-COMP I-COMP I-COMP I-COMP I-COMP I-COMP I-COMP I-COMP I-COMP I-COMP I-COMP I-COMP I-COMP I-COMP O O O O,39,39,False,False
247,B-COMP I-COMP I-COMP I-COMP I-COMP B-COMP I-COMP I-COMP B-COMP I-COMP I-COMP I-COMP I-COMP I-COMP O B-COMP I-COMP I-COMP I-COMP I-COMP O B-COMP I-COMP I-COMP I-COMP I-COMP I-COMP I-COMP O B-COMP I-COMP I-COMP I-COMP I-COMP I-COMP B-COMP I-COMP I-COMP I-COMP I-COMP I-COMP I-COMP I-COMP I-COMP B-COMP I-COMP I-COMP I-COMP I-COMP I-COMP I-COMP I-COMP I-COMP I-COMP B-COMP I-COMP I-COMP I-COMP I-COMP I-COMP B-COMP I-COMP I-COMP B-COMP I-COMP I-COMP I-COMP O B-COMP I-COMP I-COMP I-COMP I-COMP B-COMP I-COMP I-COMP I-COMP I-COMP,B-COMP I-COMP I-COMP I-COMP I-COMP B-COMP I-COMP I-COMP B-COMP I-COMP I-COMP I-COMP I-COMP I-COMP O B-COMP I-COMP I-COMP I-COMP I-COMP O B-COMP I-COMP I-COMP I-COMP I-COMP I-COMP I-COMP O B-COMP I-COMP I-COMP I-COMP I-COMP I-COMP B-COMP I-COMP I-COMP I-COMP I-COMP I-COMP I-COMP I-COMP I-COMP B-COMP I-COMP O I-COMP I-COMP I-COMP I-COMP I-COMP I-COMP I-COMP B-COMP I-COMP I-COMP I-COMP I-COMP I-COMP B-COMP I-COMP I-COMP B-COMP I-COMP I-COMP I-COMP O B-COMP I-COMP I-COMP I-COMP I-COMP B-COMP I-COMP I-COMP I-COMP I-COMP,78,78,False,False
248,B-COMP I-COMP I-COMP B-COMP I-COMP I-COMP I-COMP I-COMP I-COMP I-COMP I-COMP I-COMP I-COMP I-COMP,B-COMP I-COMP I-COMP B-COMP I-COMP I-COMP I-COMP I-COMP I-COMP I-COMP I-COMP I-COMP I-COMP I-COMP,14,14,False,True
249,O O O O O O O O O O O B-COMP I-COMP I-COMP I-COMP I-COMP I-COMP I-COMP O O O O O O O O O O O O,O O O O O O O O O O O B-COMP I-COMP I-COMP I-COMP I-COMP I-COMP I-COMP B-COMP I-COMP I-COMP I-COMP I-COMP I-COMP I-COMP I-COMP I-COMP I-COMP I-COMP I-COMP,30,30,False,False
250,O O O O O O O O B-COMP I-COMP I-COMP I-COMP I-COMP I-COMP I-COMP O B-COMP I-COMP I-COMP I-COMP I-COMP I-COMP I-COMP I-COMP I-COMP I-COMP I-COMP I-COMP I-COMP O B-COMP I-COMP I-COMP I-COMP I-COMP I-COMP I-COMP I-COMP I-COMP I-COMP I-COMP I-COMP,O O O O O O O O B-COMP I-COMP I-COMP I-COMP I-COMP I-COMP I-COMP O B-COMP I-COMP I-COMP I-COMP I-COMP I-COMP I-COMP I-COMP I-COMP I-COMP I-COMP I-COMP I-COMP O B-COMP B-COMP I-COMP I-COMP I-COMP I-COMP I-COMP I-COMP I-COMP I-COMP I-COMP I-COMP,42,42,False,False
251,O O O O O O O O B-COMP I-COMP I-COMP I-COMP I-COMP I-COMP I-COMP I-COMP I-COMP I-COMP B-COMP I-COMP I-COMP I-COMP I-COMP I-COMP I-COMP I-COMP I-COMP I-COMP I-COMP I-COMP I-COMP I-COMP I-COMP,O O O O O O O O B-COMP I-COMP I-COMP I-COMP I-COMP I-COMP I-COMP I-COMP I-COMP I-COMP B-COMP I-COMP I-COMP I-COMP I-COMP I-COMP I-COMP I-COMP I-COMP I-COMP I-COMP I-COMP I-COMP I-COMP I-COMP,33,33,False,True
252,B-COMP I-COMP I-COMP I-COMP B-COMP I-COMP I-COMP I-COMP I-COMP I-COMP I-COMP I-COMP B-COMP I-COMP,B-COMP I-COMP I-COMP I-COMP B-COMP I-COMP I-COMP I-COMP I-COMP I-COMP I-COMP I-COMP B-COMP I-COMP,14,14,False,True
253,B-COMP I-COMP I-COMP I-COMP I-COMP I-COMP I-COMP I-COMP I-COMP I-COMP B-COMP I-COMP I-COMP I-COMP I-COMP O O B-COMP I-COMP I-COMP I-COMP I-COMP I-COMP I-COMP I-COMP I-COMP I-COMP I-COMP I-COMP I-COMP I-COMP O O B-COMP I-COMP I-COMP I-COMP I-COMP I-COMP I-COMP I-COMP I-COMP B-COMP O O O O O O B-COMP I-COMP I-COMP I-COMP I-COMP I-COMP I-COMP I-COMP I-COMP I-COMP I-COMP O O O B-COMP I-COMP,B-COMP I-COMP I-COMP I-COMP I-COMP I-COMP I-COMP I-COMP I-COMP I-COMP B-COMP I-COMP I-COMP I-COMP I-COMP O O B-COMP I-COMP I-COMP I-COMP I-COMP I-COMP I-COMP I-COMP I-COMP I-COMP I-COMP I-COMP I-COMP I-COMP O O B-COMP I-COMP I-COMP I-COMP I-COMP I-COMP I-COMP I-COMP I-COMP O O O O O O I-COMP B-COMP I-COMP I-COMP I-COMP I-COMP I-COMP I-COMP I-COMP I-COMP I-COMP I-COMP O O O B-COMP I-COMP,65,65,False,False
254,B-COMP I-COMP I-COMP B-COMP I-COMP I-COMP I-COMP I-COMP B-COMP I-COMP I-COMP I-COMP I-COMP B-COMP O B-COMP I-COMP I-COMP I-COMP I-COMP I-COMP I-COMP I-COMP I-COMP I-COMP I-COMP I-COMP I-COMP O,B-COMP I-COMP I-COMP B-COMP I-COMP I-COMP I-COMP I-COMP B-COMP I-COMP I-COMP I-COMP I-COMP B-COMP O B-COMP I-COMP I-COMP I-COMP I-COMP I-COMP I-COMP I-COMP I-COMP I-COMP I-COMP I-COMP I-COMP O,29,29,False,True
255,O O O O O O O O B-COMP I-COMP I-COMP B-COMP I-COMP I-COMP I-COMP I-COMP I-COMP I-COMP I-COMP I-COMP I-COMP I-COMP I-COMP I-COMP I-COMP I-COMP I-COMP I-COMP B-COMP I-COMP I-COMP I-COMP I-COMP I-COMP I-COMP I-COMP I-COMP I-COMP B-COMP I-COMP I-COMP I-COMP I-COMP I-COMP I-COMP I-COMP I-COMP I-COMP I-COMP I-COMP I-COMP I-COMP I-COMP I-COMP I-COMP I-COMP I-COMP I-COMP I-COMP O B-COMP I-COMP I-COMP B-COMP I-COMP I-COMP I-COMP I-COMP I-COMP I-COMP I-COMP O B-COMP I-COMP I-COMP I-COMP I-COMP,O O O O O O O O B-COMP I-COMP I-COMP B-COMP I-COMP I-COMP I-COMP I-COMP I-COMP I-COMP I-COMP I-COMP I-COMP I-COMP I-COMP I-COMP I-COMP I-COMP I-COMP I-COMP B-COMP I-COMP I-COMP I-COMP I-COMP I-COMP I-COMP I-COMP I-COMP I-COMP B-COMP I-COMP I-COMP I-COMP I-COMP I-COMP I-COMP I-COMP I-COMP I-COMP I-COMP I-COMP I-COMP I-COMP I-COMP I-COMP I-COMP I-COMP I-COMP I-COMP I-COMP O B-COMP I-COMP I-COMP B-COMP I-COMP I-COMP I-COMP I-COMP I-COMP I-COMP I-COMP O B-COMP I-COMP I-COMP I-COMP I-COMP,77,77,False,True
256,O O O O B-COMP I-COMP I-COMP I-COMP,B-COMP I-COMP O O B-COMP I-COMP I-COMP I-COMP,8,8,False,False
257,B-COMP I-COMP I-COMP I-COMP I-COMP I-COMP O B-COMP I-COMP I-COMP I-COMP I-COMP I-COMP I-COMP I-COMP I-COMP I-COMP I-COMP I-COMP I-COMP I-COMP I-COMP O B-COMP I-COMP I-COMP I-COMP I-COMP I-COMP I-COMP I-COMP I-COMP I-COMP I-COMP I-COMP I-COMP I-COMP I-COMP I-COMP O B-COMP I-COMP I-COMP I-COMP I-COMP I-COMP I-COMP I-COMP I-COMP I-COMP I-COMP I-COMP I-COMP I-COMP B-COMP I-COMP I-COMP I-COMP I-COMP I-COMP I-COMP I-COMP O O B-COMP I-COMP I-COMP I-COMP B-COMP I-COMP I-COMP I-COMP I-COMP,B-COMP I-COMP O O O O O B-COMP I-COMP I-COMP I-COMP I-COMP I-COMP I-COMP I-COMP I-COMP I-COMP I-COMP I-COMP I-COMP I-COMP I-COMP O B-COMP I-COMP I-COMP I-COMP I-COMP I-COMP I-COMP I-COMP I-COMP I-COMP I-COMP I-COMP I-COMP I-COMP I-COMP I-COMP O B-COMP I-COMP I-COMP I-COMP I-COMP I-COMP I-COMP I-COMP I-COMP I-COMP I-COMP I-COMP I-COMP I-COMP B-COMP I-COMP I-COMP I-COMP I-COMP I-COMP I-COMP I-COMP O O B-COMP I-COMP I-COMP I-COMP B-COMP I-COMP I-COMP I-COMP I-COMP,73,73,False,False
258,O O O O O O B-COMP I-COMP I-COMP I-COMP I-COMP I-COMP I-COMP I-COMP I-COMP I-COMP I-COMP O B-COMP I-COMP I-COMP I-COMP I-COMP I-COMP I-COMP I-COMP I-COMP I-COMP B-COMP I-COMP I-COMP O O O O O O O O O O O O O O O O,O O O O O O B-COMP I-COMP I-COMP I-COMP I-COMP I-COMP I-COMP I-COMP I-COMP I-COMP I-COMP I-COMP B-COMP I-COMP I-COMP I-COMP I-COMP I-COMP I-COMP I-COMP I-COMP I-COMP B-COMP I-COMP I-COMP O O O O O O O O O O O O O O O O,47,47,False,False
259,B-COMP I-COMP I-COMP I-COMP I-COMP I-COMP O O O O O O B-COMP I-COMP I-COMP I-COMP I-COMP I-COMP I-COMP I-COMP I-COMP I-COMP I-COMP I-COMP I-COMP I-COMP I-COMP I-COMP I-COMP I-COMP B-COMP I-COMP I-COMP I-COMP I-COMP I-COMP I-COMP I-COMP I-COMP I-COMP I-COMP I-COMP I-COMP I-COMP I-COMP I-COMP I-COMP I-COMP I-COMP I-COMP I-COMP I-COMP I-COMP I-COMP I-COMP I-COMP I-COMP I-COMP O B-COMP I-COMP I-COMP I-COMP I-COMP I-COMP,B-COMP O O I-COMP I-COMP I-COMP O O O O O O B-COMP I-COMP I-COMP I-COMP I-COMP I-COMP I-COMP I-COMP I-COMP I-COMP I-COMP I-COMP I-COMP I-COMP I-COMP I-COMP I-COMP I-COMP B-COMP I-COMP I-COMP I-COMP I-COMP I-COMP I-COMP I-COMP I-COMP I-COMP I-COMP I-COMP I-COMP I-COMP I-COMP I-COMP I-COMP I-COMP I-COMP I-COMP I-COMP I-COMP I-COMP I-COMP I-COMP I-COMP I-COMP I-COMP B-COMP I-COMP I-COMP I-COMP I-COMP I-COMP I-COMP,65,65,False,False
260,B-COMP I-COMP I-COMP I-COMP I-COMP I-COMP I-COMP I-COMP I-COMP I-COMP,B-COMP I-COMP I-COMP I-COMP I-COMP I-COMP I-COMP I-COMP I-COMP I-COMP,10,10,False,True
261,B-COMP I-COMP I-COMP I-COMP I-COMP I-COMP I-COMP I-COMP O B-COMP I-COMP I-COMP B-COMP I-COMP I-COMP I-COMP I-COMP I-COMP I-COMP I-COMP I-COMP I-COMP I-COMP I-COMP I-COMP I-COMP,B-COMP I-COMP I-COMP I-COMP I-COMP I-COMP I-COMP I-COMP O B-COMP I-COMP I-COMP B-COMP I-COMP I-COMP I-COMP I-COMP I-COMP I-COMP I-COMP I-COMP I-COMP I-COMP I-COMP I-COMP I-COMP,26,26,False,True
262,B-COMP I-COMP I-COMP I-COMP I-COMP O B-COMP I-COMP I-COMP B-COMP I-COMP I-COMP I-COMP I-COMP I-COMP I-COMP B-COMP I-COMP I-COMP I-COMP I-COMP I-COMP I-COMP I-COMP I-COMP I-COMP I-COMP I-COMP I-COMP I-COMP I-COMP I-COMP I-COMP B-COMP I-COMP I-COMP I-COMP I-COMP I-COMP I-COMP I-COMP I-COMP I-COMP I-COMP I-COMP B-COMP I-COMP I-COMP I-COMP I-COMP I-COMP O B-COMP I-COMP I-COMP I-COMP I-COMP B-COMP I-COMP I-COMP I-COMP I-COMP I-COMP I-COMP I-COMP B-COMP I-COMP O B-COMP I-COMP I-COMP I-COMP I-COMP,B-COMP I-COMP I-COMP I-COMP I-COMP O B-COMP I-COMP I-COMP B-COMP I-COMP I-COMP I-COMP I-COMP I-COMP I-COMP B-COMP I-COMP I-COMP I-COMP I-COMP I-COMP I-COMP I-COMP I-COMP I-COMP I-COMP I-COMP I-COMP I-COMP I-COMP I-COMP I-COMP B-COMP I-COMP I-COMP I-COMP I-COMP I-COMP I-COMP I-COMP I-COMP I-COMP I-COMP I-COMP B-COMP I-COMP I-COMP I-COMP I-COMP I-COMP O B-COMP I-COMP I-COMP I-COMP I-COMP B-COMP I-COMP I-COMP I-COMP I-COMP I-COMP I-COMP I-COMP B-COMP I-COMP O B-COMP I-COMP I-COMP I-COMP I-COMP,73,73,False,True
263,B-COMP I-COMP I-COMP I-COMP I-COMP I-COMP I-COMP I-COMP O O O O O O O O B-COMP O O O O O O O O O O O O O O O O O O O O O O O O O B-COMP I-COMP I-COMP I-COMP I-COMP I-COMP I-COMP I-COMP I-COMP I-COMP I-COMP I-COMP I-COMP I-COMP B-COMP I-COMP I-COMP I-COMP I-COMP I-COMP I-COMP I-COMP I-COMP I-COMP I-COMP I-COMP B-COMP I-COMP I-COMP I-COMP I-COMP,B-COMP I-COMP I-COMP I-COMP I-COMP I-COMP I-COMP I-COMP O O O O O O O O B-COMP O O O O O O O O O O O O O O O O O O O O O O O O O B-COMP I-COMP I-COMP I-COMP I-COMP I-COMP I-COMP I-COMP I-COMP I-COMP I-COMP I-COMP I-COMP I-COMP B-COMP I-COMP I-COMP I-COMP I-COMP I-COMP I-COMP I-COMP I-COMP I-COMP I-COMP I-COMP B-COMP I-COMP I-COMP I-COMP I-COMP,73,73,False,True
264,B-COMP I-COMP I-COMP I-COMP I-COMP I-COMP I-COMP I-COMP I-COMP I-COMP I-COMP I-COMP I-COMP I-COMP I-COMP I-COMP I-COMP I-COMP I-COMP O O O O O O O O O B-COMP I-COMP I-COMP I-COMP I-COMP I-COMP I-COMP I-COMP B-COMP I-COMP I-COMP I-COMP I-COMP I-COMP I-COMP I-COMP I-COMP I-COMP I-COMP I-COMP I-COMP I-COMP I-COMP I-COMP I-COMP I-COMP I-COMP O O O O O O O O O O O O O O O O O O O,O O O O O B-COMP I-COMP I-COMP I-COMP I-COMP I-COMP I-COMP I-COMP I-COMP I-COMP I-COMP I-COMP I-COMP I-COMP O O B-COMP I-COMP I-COMP I-COMP I-COMP I-COMP I-COMP O O O O O O O O O O O O O O O O O O O O O O O O O O O O O B-COMP I-COMP I-COMP I-COMP I-COMP I-COMP I-COMP I-COMP I-COMP I-COMP I-COMP I-COMP B-COMP I-COMP I-COMP I-COMP I-COMP,74,74,False,False
265,O O O O O O O O O O O O O O O O O O O O O O O O O O O O O O O O,O O O B-COMP I-COMP I-COMP I-COMP I-COMP I-COMP B-COMP I-COMP I-COMP I-COMP B-COMP I-COMP I-COMP I-COMP O B-COMP I-COMP I-COMP I-COMP I-COMP I-COMP I-COMP I-COMP I-COMP I-COMP I-COMP I-COMP I-COMP I-COMP,32,32,False,False
266,B-COMP I-COMP I-COMP I-COMP I-COMP I-COMP I-COMP I-COMP I-COMP I-COMP I-COMP I-COMP I-COMP I-COMP I-COMP,B-COMP I-COMP I-COMP I-COMP I-COMP I-COMP I-COMP I-COMP I-COMP I-COMP I-COMP I-COMP I-COMP I-COMP I-COMP,15,15,False,True
267,B-COMP I-COMP I-COMP I-COMP O B-COMP I-COMP I-COMP I-COMP I-COMP I-COMP I-COMP I-COMP,B-COMP I-COMP I-COMP I-COMP O B-COMP I-COMP I-COMP I-COMP I-COMP I-COMP I-COMP I-COMP,13,13,False,True
268,B-COMP I-COMP I-COMP I-COMP I-COMP I-COMP I-COMP I-COMP I-COMP I-COMP I-COMP I-COMP I-COMP I-COMP I-COMP I-COMP I-COMP I-COMP I-COMP I-COMP I-COMP I-COMP I-COMP I-COMP I-COMP I-COMP I-COMP O B-COMP I-COMP I-COMP I-COMP I-COMP I-COMP I-COMP B-COMP I-COMP I-COMP I-COMP I-COMP O B-COMP I-COMP I-COMP I-COMP B-COMP I-COMP I-COMP I-COMP I-COMP I-COMP B-COMP I-COMP I-COMP I-COMP I-COMP I-COMP I-COMP,B-COMP I-COMP I-COMP I-COMP I-COMP I-COMP I-COMP I-COMP I-COMP I-COMP I-COMP I-COMP I-COMP I-COMP I-COMP I-COMP I-COMP I-COMP I-COMP I-COMP I-COMP I-COMP I-COMP I-COMP I-COMP I-COMP I-COMP O B-COMP I-COMP I-COMP I-COMP I-COMP I-COMP I-COMP B-COMP I-COMP I-COMP I-COMP I-COMP O B-COMP I-COMP I-COMP I-COMP B-COMP I-COMP I-COMP I-COMP I-COMP I-COMP B-COMP I-COMP I-COMP I-COMP I-COMP I-COMP I-COMP,58,58,False,True
269,O O O O O B-COMP I-COMP I-COMP I-COMP I-COMP I-COMP I-COMP I-COMP I-COMP I-COMP I-COMP I-COMP O B-COMP I-COMP I-COMP I-COMP I-COMP O B-COMP I-COMP I-COMP I-COMP I-COMP I-COMP I-COMP I-COMP I-COMP I-COMP I-COMP I-COMP I-COMP I-COMP I-COMP I-COMP I-COMP I-COMP I-COMP I-COMP I-COMP I-COMP I-COMP I-COMP B-COMP I-COMP I-COMP I-COMP I-COMP I-COMP I-COMP I-COMP I-COMP I-COMP I-COMP I-COMP I-COMP I-COMP I-COMP I-COMP,O O O O O B-COMP I-COMP I-COMP I-COMP I-COMP I-COMP I-COMP I-COMP I-COMP I-COMP I-COMP I-COMP O B-COMP I-COMP I-COMP I-COMP I-COMP O B-COMP I-COMP I-COMP I-COMP I-COMP I-COMP I-COMP I-COMP I-COMP I-COMP I-COMP I-COMP I-COMP I-COMP I-COMP I-COMP I-COMP I-COMP I-COMP I-COMP I-COMP I-COMP I-COMP I-COMP B-COMP I-COMP I-COMP I-COMP I-COMP I-COMP I-COMP I-COMP I-COMP I-COMP I-COMP I-COMP I-COMP I-COMP I-COMP I-COMP,64,64,False,True
270,O O O O O O O O O O O O O O O O O O O O O O O O O O O B-COMP I-COMP I-COMP I-COMP I-COMP I-COMP O O B-COMP I-COMP I-COMP I-COMP I-COMP I-COMP I-COMP O O O O O O O O O O O O O O O O O O O O B-COMP I-COMP I-COMP,O O O O O O O O B-COMP I-COMP I-COMP B-COMP I-COMP I-COMP I-COMP I-COMP B-COMP I-COMP I-COMP I-COMP I-COMP I-COMP I-COMP I-COMP I-COMP I-COMP I-COMP I-COMP I-COMP I-COMP I-COMP I-COMP I-COMP B-COMP I-COMP I-COMP I-COMP I-COMP I-COMP I-COMP I-COMP I-COMP I-COMP I-COMP I-COMP I-COMP I-COMP I-COMP I-COMP I-COMP I-COMP I-COMP B-COMP I-COMP I-COMP I-COMP I-COMP I-COMP I-COMP I-COMP I-COMP I-COMP B-COMP I-COMP I-COMP,65,65,False,False
271,B-COMP I-COMP B-COMP I-COMP I-COMP O B-COMP I-COMP I-COMP I-COMP I-COMP I-COMP I-COMP I-COMP B-COMP I-COMP I-COMP I-COMP I-COMP B-COMP I-COMP I-COMP I-COMP I-COMP I-COMP I-COMP B-COMP I-COMP I-COMP I-COMP I-COMP I-COMP I-COMP I-COMP I-COMP B-COMP I-COMP I-COMP I-COMP I-COMP I-COMP I-COMP I-COMP O O O O O B-COMP I-COMP I-COMP I-COMP I-COMP I-COMP I-COMP I-COMP I-COMP I-COMP I-COMP B-COMP I-COMP I-COMP I-COMP I-COMP I-COMP I-COMP I-COMP I-COMP I-COMP,B-COMP I-COMP B-COMP I-COMP I-COMP O B-COMP I-COMP I-COMP I-COMP I-COMP I-COMP I-COMP I-COMP B-COMP I-COMP I-COMP I-COMP I-COMP B-COMP I-COMP I-COMP I-COMP I-COMP I-COMP I-COMP B-COMP I-COMP I-COMP I-COMP I-COMP I-COMP I-COMP I-COMP I-COMP B-COMP I-COMP I-COMP I-COMP I-COMP I-COMP I-COMP I-COMP O O O O O B-COMP I-COMP I-COMP I-COMP I-COMP I-COMP I-COMP I-COMP I-COMP I-COMP I-COMP B-COMP I-COMP I-COMP I-COMP I-COMP I-COMP I-COMP I-COMP I-COMP I-COMP,69,69,False,True
272,B-COMP I-COMP O O B-COMP I-COMP I-COMP I-COMP I-COMP I-COMP I-COMP I-COMP I-COMP I-COMP I-COMP I-COMP I-COMP I-COMP I-COMP I-COMP,B-COMP I-COMP O O B-COMP I-COMP I-COMP I-COMP I-COMP I-COMP I-COMP I-COMP I-COMP I-COMP I-COMP I-COMP I-COMP I-COMP I-COMP I-COMP,20,20,False,True
273,O O O O O O O O O O O O O O O O O O O O O O O O O O O O O O O O O O O O O O O O B-COMP I-COMP I-COMP I-COMP B-COMP I-COMP I-COMP,B-COMP I-COMP I-COMP I-COMP I-COMP I-COMP I-COMP I-COMP B-COMP I-COMP I-COMP I-COMP I-COMP I-COMP O B-COMP I-COMP O B-COMP I-COMP I-COMP I-COMP I-COMP I-COMP I-COMP B-COMP I-COMP I-COMP B-COMP I-COMP O O O O O O B-COMP I-COMP I-COMP I-COMP I-COMP I-COMP I-COMP I-COMP B-COMP I-COMP I-COMP,47,47,False,False
274,B-COMP I-COMP I-COMP B-COMP I-COMP I-COMP I-COMP I-COMP I-COMP I-COMP O B-COMP I-COMP I-COMP I-COMP I-COMP I-COMP I-COMP I-COMP I-COMP O,B-COMP I-COMP I-COMP B-COMP I-COMP I-COMP I-COMP I-COMP I-COMP I-COMP O B-COMP I-COMP I-COMP I-COMP I-COMP I-COMP I-COMP I-COMP I-COMP O,21,21,False,True
275,O O B-COMP I-COMP I-COMP I-COMP I-COMP I-COMP I-COMP O O O O O O O O O O O O O O O B-COMP I-COMP I-COMP I-COMP I-COMP I-COMP I-COMP O,B-COMP I-COMP B-COMP I-COMP I-COMP I-COMP I-COMP I-COMP I-COMP I-COMP B-COMP I-COMP I-COMP B-COMP I-COMP I-COMP I-COMP I-COMP I-COMP I-COMP I-COMP I-COMP I-COMP I-COMP I-COMP I-COMP I-COMP I-COMP I-COMP I-COMP I-COMP I-COMP,32,32,False,False
276,O O O O O O O O O B-COMP I-COMP I-COMP I-COMP,B-COMP I-COMP I-COMP I-COMP B-COMP I-COMP I-COMP I-COMP O B-COMP I-COMP I-COMP I-COMP,13,13,False,False
277,O O O O O O O O B-COMP I-COMP I-COMP I-COMP I-COMP I-COMP I-COMP I-COMP I-COMP I-COMP I-COMP I-COMP I-COMP I-COMP I-COMP O O O O O O O O B-COMP I-COMP I-COMP I-COMP I-COMP O O O O O O O O O O O O O O O O O O O O O O O O O O O O O O O O O O,O O O O O O O O B-COMP I-COMP I-COMP I-COMP I-COMP I-COMP I-COMP I-COMP I-COMP I-COMP I-COMP I-COMP I-COMP I-COMP I-COMP O O O O O O O O O O O O O O O O O O O O O O O O O O O O O O O O O O O O O O O O O O O O O O O,70,70,False,False
278,B-COMP I-COMP I-COMP I-COMP I-COMP I-COMP I-COMP I-COMP I-COMP I-COMP I-COMP B-COMP I-COMP I-COMP I-COMP I-COMP I-COMP I-COMP I-COMP I-COMP I-COMP I-COMP I-COMP I-COMP I-COMP I-COMP I-COMP I-COMP I-COMP I-COMP I-COMP I-COMP O O B-COMP I-COMP I-COMP I-COMP O O O O O O O B-COMP I-COMP I-COMP I-COMP I-COMP I-COMP I-COMP I-COMP I-COMP I-COMP O O O O O O O O O O O B-COMP I-COMP,B-COMP I-COMP I-COMP I-COMP I-COMP I-COMP I-COMP I-COMP I-COMP I-COMP I-COMP O I-COMP I-COMP I-COMP I-COMP I-COMP I-COMP I-COMP I-COMP I-COMP I-COMP I-COMP I-COMP I-COMP I-COMP I-COMP I-COMP I-COMP I-COMP I-COMP I-COMP O O B-COMP I-COMP I-COMP I-COMP O O O O O O O O I-COMP I-COMP I-COMP I-COMP I-COMP I-COMP I-COMP I-COMP I-COMP O O O O O O O O O O O O I-COMP,68,68,False,False
279,O O O O O B-COMP I-COMP I-COMP I-COMP I-COMP O B-COMP I-COMP I-COMP I-COMP I-COMP I-COMP B-COMP I-COMP,O O O O O B-COMP O I-COMP I-COMP I-COMP O B-COMP I-COMP I-COMP I-COMP I-COMP I-COMP B-COMP I-COMP,19,19,False,False
280,B-COMP I-COMP I-COMP I-COMP I-COMP I-COMP I-COMP I-COMP I-COMP I-COMP B-COMP I-COMP I-COMP I-COMP I-COMP I-COMP I-COMP I-COMP I-COMP I-COMP I-COMP B-COMP I-COMP I-COMP I-COMP I-COMP I-COMP I-COMP I-COMP I-COMP I-COMP O B-COMP I-COMP I-COMP I-COMP I-COMP I-COMP I-COMP O B-COMP I-COMP O O O O O,B-COMP I-COMP I-COMP I-COMP I-COMP I-COMP I-COMP I-COMP I-COMP I-COMP B-COMP I-COMP I-COMP I-COMP I-COMP I-COMP I-COMP I-COMP I-COMP I-COMP I-COMP B-COMP I-COMP I-COMP I-COMP I-COMP I-COMP I-COMP I-COMP I-COMP I-COMP O B-COMP I-COMP I-COMP I-COMP I-COMP I-COMP I-COMP O B-COMP I-COMP O O O O O,47,47,False,True
281,B-COMP I-COMP I-COMP I-COMP I-COMP I-COMP O B-COMP I-COMP I-COMP I-COMP I-COMP I-COMP I-COMP I-COMP I-COMP I-COMP I-COMP I-COMP O B-COMP I-COMP I-COMP I-COMP I-COMP I-COMP I-COMP I-COMP I-COMP I-COMP,B-COMP I-COMP I-COMP I-COMP I-COMP I-COMP O B-COMP I-COMP I-COMP I-COMP I-COMP I-COMP I-COMP I-COMP I-COMP I-COMP I-COMP I-COMP O B-COMP I-COMP I-COMP I-COMP I-COMP I-COMP I-COMP I-COMP I-COMP I-COMP,30,30,False,True
282,B-COMP I-COMP I-COMP O B-COMP I-COMP I-COMP I-COMP B-COMP I-COMP I-COMP I-COMP I-COMP I-COMP I-COMP I-COMP B-COMP I-COMP I-COMP I-COMP I-COMP I-COMP I-COMP I-COMP B-COMP I-COMP I-COMP I-COMP I-COMP I-COMP I-COMP I-COMP B-COMP I-COMP I-COMP I-COMP I-COMP I-COMP I-COMP I-COMP I-COMP I-COMP I-COMP I-COMP O B-COMP I-COMP I-COMP I-COMP I-COMP I-COMP I-COMP B-COMP I-COMP I-COMP I-COMP I-COMP I-COMP I-COMP I-COMP I-COMP I-COMP B-COMP I-COMP I-COMP I-COMP I-COMP I-COMP B-COMP I-COMP I-COMP O B-COMP I-COMP I-COMP I-COMP I-COMP,B-COMP I-COMP I-COMP O B-COMP I-COMP I-COMP I-COMP B-COMP I-COMP I-COMP I-COMP I-COMP I-COMP I-COMP I-COMP B-COMP I-COMP I-COMP I-COMP I-COMP I-COMP I-COMP I-COMP B-COMP I-COMP I-COMP I-COMP I-COMP I-COMP I-COMP I-COMP O O O O O O O O O O O O O B-COMP I-COMP I-COMP I-COMP I-COMP I-COMP I-COMP B-COMP I-COMP I-COMP I-COMP I-COMP I-COMP I-COMP I-COMP I-COMP I-COMP B-COMP I-COMP I-COMP I-COMP I-COMP I-COMP B-COMP I-COMP I-COMP O B-COMP I-COMP I-COMP I-COMP I-COMP,77,77,False,False
283,B-COMP I-COMP I-COMP I-COMP I-COMP I-COMP I-COMP I-COMP I-COMP I-COMP I-COMP I-COMP I-COMP I-COMP I-COMP I-COMP I-COMP I-COMP I-COMP I-COMP I-COMP I-COMP I-COMP I-COMP I-COMP I-COMP I-COMP I-COMP I-COMP I-COMP,B-COMP O O I-COMP I-COMP I-COMP I-COMP I-COMP I-COMP I-COMP I-COMP I-COMP I-COMP I-COMP I-COMP I-COMP I-COMP I-COMP I-COMP I-COMP I-COMP I-COMP I-COMP I-COMP I-COMP I-COMP I-COMP I-COMP I-COMP I-COMP,30,30,False,False
284,B-COMP I-COMP O B-COMP I-COMP I-COMP I-COMP I-COMP I-COMP O B-COMP I-COMP I-COMP I-COMP I-COMP I-COMP I-COMP,B-COMP I-COMP O B-COMP I-COMP I-COMP I-COMP I-COMP I-COMP O O I-COMP I-COMP I-COMP I-COMP I-COMP I-COMP,17,17,False,False
285,O B-COMP,B-COMP I-COMP,2,2,False,False
286,B-COMP I-COMP I-COMP I-COMP I-COMP I-COMP I-COMP I-COMP I-COMP I-COMP I-COMP I-COMP I-COMP I-COMP I-COMP I-COMP I-COMP,B-COMP I-COMP I-COMP I-COMP I-COMP I-COMP I-COMP I-COMP I-COMP I-COMP I-COMP I-COMP I-COMP I-COMP I-COMP I-COMP I-COMP,17,17,False,True
287,B-COMP I-COMP I-COMP I-COMP I-COMP I-COMP I-COMP I-COMP I-COMP I-COMP I-COMP I-COMP I-COMP I-COMP O O O O O O O O O O O O O O O O O O O O O O O O O O O O O O O O O O O O O O O B-COMP I-COMP I-COMP I-COMP I-COMP I-COMP I-COMP I-COMP I-COMP I-COMP I-COMP I-COMP,B-COMP I-COMP I-COMP I-COMP I-COMP I-COMP I-COMP I-COMP I-COMP I-COMP I-COMP I-COMP I-COMP I-COMP O O O O O O O B-COMP I-COMP I-COMP I-COMP I-COMP I-COMP I-COMP I-COMP I-COMP I-COMP I-COMP I-COMP I-COMP I-COMP I-COMP I-COMP I-COMP I-COMP I-COMP I-COMP I-COMP I-COMP I-COMP I-COMP I-COMP O O O O O O O O B-COMP I-COMP I-COMP I-COMP I-COMP I-COMP I-COMP I-COMP I-COMP I-COMP I-COMP,65,65,False,False
288,O O O O O B-COMP I-COMP I-COMP I-COMP I-COMP I-COMP I-COMP,O O O O O B-COMP I-COMP I-COMP I-COMP I-COMP I-COMP I-COMP,12,12,False,True
289,B-COMP I-COMP I-COMP O B-COMP I-COMP I-COMP I-COMP I-COMP I-COMP I-COMP I-COMP B-COMP I-COMP I-COMP I-COMP I-COMP I-COMP I-COMP I-COMP I-COMP B-COMP I-COMP I-COMP I-COMP I-COMP I-COMP,B-COMP I-COMP I-COMP O B-COMP I-COMP I-COMP I-COMP I-COMP I-COMP I-COMP I-COMP B-COMP I-COMP I-COMP I-COMP I-COMP I-COMP I-COMP I-COMP I-COMP B-COMP I-COMP I-COMP I-COMP I-COMP I-COMP,27,27,False,True
290,B-COMP O O B-COMP I-COMP I-COMP I-COMP I-COMP I-COMP I-COMP I-COMP O B-COMP I-COMP I-COMP I-COMP I-COMP I-COMP O B-COMP I-COMP I-COMP I-COMP O B-COMP I-COMP I-COMP I-COMP I-COMP I-COMP I-COMP I-COMP I-COMP I-COMP I-COMP I-COMP I-COMP,B-COMP O O B-COMP B-COMP I-COMP I-COMP I-COMP I-COMP I-COMP I-COMP O B-COMP I-COMP I-COMP I-COMP I-COMP I-COMP O B-COMP I-COMP I-COMP I-COMP O B-COMP I-COMP I-COMP I-COMP I-COMP I-COMP I-COMP I-COMP I-COMP I-COMP I-COMP I-COMP I-COMP,37,37,False,False
