index,text,true_label,pred_label,correct,prob_class_0,prob_class_1
0,Độ mỏng nhẹ:k thấm nhanh ạ. tui bôi mà n rất dính lun Chống nắng:rất dínhhjh Làm sáng da:k có  Mùi thơm quá luôn ah. Kcn cũng quá dính và không lên tone. Sẽ k mua lại đâu ạ hic,1,0,False,0.6771964551175453,0.32280354488245466
1,"Shop gói hàng qua loa lắm vận chuyển bị rơi thế là hỏng mất 2 túi shop làm ăn vậy chết, không có bọc chống sốc cho sản phẩm",1,1,True,0.008256055077702365,0.9917439449222977
2,"Mùi hương:thơm ngọt nịnh mũi lắm Độ lưu hương:hăm bit  rcm mng mua mùi này nh ngửi thấy rất là dthh và nịnh mũi luôn kỉu ebe, mùi rất giống với mô tả của sóp",0,0,True,0.9033655986536296,0.0966344013463704
3,"Lần trước mình mua loại này dùng rất tốt nên mua lại, nhưng lần này chất kem, màu sắc đều rất khác. Màu kem hồng hơn và đặc hơn, nắp hộp lại bị lệch ko thể vặn khớp được, hộp thì móp méo, keo dán hộp giấy bên ngoài thì bị rách, cảm giác như đã bị lấy ra vào nhiều lần. Rất rất tệ và cẩu thả. Mình không dám dùng nữa, các bạn trước khi mua nên cân nhắc",1,1,True,0.002293227255149873,0.9977067727448502
4,Kinh nghiệm sử dụng:ok Hương thơm:ok Mẹo:ok  Shop giao hàng đúng thời hạn. Sản phẩm đúng mô tả và phù hợp vs giá tiền,0,0,True,0.9380859792601867,0.06191402073981339
5,"Trên live thì mua 1 tặng 1 xong lúc ship thì có mỗi chai. Giao hàng nhanh, đóng gói cẩn thận, shiper thân thiện",1,0,False,0.6937227059615306,0.3062772940384694
6,"Note trên sp là mua 1 tặng 2, nhưng ko thấy chỗ mua kèm deal sốc, cũng ko kèm quà tặng. Những lần trước mình mua ko có thêm deal sốc thì vẫn có quà tặng kèm. Vô cùng thất vọng",1,1,True,0.0013177789689643078,0.9986822210310358
7,"Làm sáng:Hàng đẹp, đúng mẫu mã, đẹp Nâng tông:kem nâng tông tự nhiên, sáng da",0,0,True,0.9719628754243747,0.028037124575625478
8,Chất lượng sản phẩm:tot Bao bì/Mẫu mã:dung hinh anh quang cao Độ tuổi sử dụng:trên 1 tuổi,0,0,True,0.7865374709783514,0.2134625290216486
9,Sản phẩm thì không bàn cãi nhưng che tên sản phẩm như này thì che làm gì shipper không phải người nào cũng bé mồm đâu ạ,1,1,True,0.017321213914347044,0.982678786085653
10,"Hàng mall nhưng seal không có, hộp giấy bao bì cũng không, chỉ có 1 chai kem nền trần trông rất phản cảm và fake lòi. Hãng nên xem lại cách đóng gói sao cho hợp thẩm mỹ hơn, cách đóng gói chỉn chu cũng là 1 cách khiến khách hàng yêu thích và muốn quay lại ủng hộ ngoài chất lượng sản phẩm",1,1,True,0.07466102723064565,0.9253389727693543
11,Đã nhận được hàng đúng với mô tả nhưng k hài lòng về cách đóng gói sản phẩm khi mình nhận được thì thùng bung hết ra k biết sản phẩm có bị đổi hay k?k biết có cách nào để check xem có phải hàng chuẩn hay k?,1,1,True,0.0675270989373397,0.9324729010626603
12,"Mẹo:ok Bao bì:ok Kinh nghiệm sử dụng:ok  dùng ổn so với giá tiền, cũng được cũng tạm nên mua để dùng",0,0,True,0.9746547960721464,0.025345203927853614
13,Chất lượng sản phẩm:ok  Đóng gói ship hàng nhanh .. chất lượng ok thơm quần áo sạchh .. săn giá rẻ,0,0,True,0.9909431091476021,0.009056890852398101
14,"Hình ảnh mang tính chất nhận xu!  Lỡ đặt thì lấy chứ k hài lòng lắm,lần cuối cùng mua hàng của bên này,k có lần 2",1,1,True,0.3239335170495778,0.6760664829504223
15,"Mùi thơm thích lắm, nhiều gel k bị khô đâu ạ :)) hy vọng hiệu quả tránh thai chất lượng",0,0,True,0.9955823917092724,0.0044176082907274134
16,làm đếchh có tâm chúc cho thương hiệu chúng mày ngày càng lụii bạiii,1,0,False,0.5921483285848105,0.4078516714151894
17,son siêu tệ mùi hoá học nồng nặc màu xấu lại còn nhanh trôi đọng lại màu nó xấu tàn canh  lần đầu mua trúng cây son kinh khủng như vậy!!!,1,1,True,0.03684284588585107,0.9631571541141489
18,"Combo 5 quần lót sịp nam Trunk Cotton Coolmate mang lại cảm giác thoải mái, mềm mại và thoáng khí khi mặc. Chất liệu co giãn tốt, ôm vừa vặn, không gây bí bách. Đường may chắc chắn, form đẹp, phù hợp sử dụng hằng ngày. Giá hợp lý, đáng mua.",0,0,True,0.9870799175021738,0.012920082497826191
19,"Chưa bh dùng kcn nào mà kích ứng như loại này, bôi đến đâu rát da đến đấy, bôi xong là mặt đỏ, mầy đay rõ luôn, cạch hãng này thôi",1,1,True,0.1952129146370399,0.8047870853629601
20,Kinh nghiệm sử dụng:thấy vẫn rụng tóc nhx k qs nhiều Làm đẹp:ko bt Bao bì:lỗi  tưởng brand lớn làm ăn như nào chứ ship về chảy te tua nắp bật hết ra lỗi kinh người mà mình vào phần đáng giá thấy bnh người bị như mình rồi thế mà brand k bt sửa lại bao bì di chứ mua về thế này thất vọng thật sự ý!chả hỉu lm ăn kiur rì luông😓,1,1,True,0.0020275631037610653,0.997972436896239
21,"Lần đầu mua mà thất vọng tràn trề với shop mall. Nhận hàng thùng rách tứ tung, hỏi trực tiếp nhân viên live thì báo liên hệ trung tâm Shopee vì giao cho bên đó đóng gói và xử lý đơn, chờ bên nhãn hàng sẽ lâu. Nhắn tin cho shop thì cũng được hướng dẫn hoàn hàng. Cái mình muốn ko phải hoàn hàng mà chỉ muốn hỏi có bọc chống sốc hàng ko? Có nguy cơ bị tráo hàng ko thì ko trả lời.",1,1,True,0.001393000774279914,0.99860699922572
22,"Chất lượng:phản ánh quà tặng chơi mini game Bao bì:liên hệ nhiều lần nhưng chỉ ghi nhận, k ai xử lý. Từ 11/11 đến 1/12 k ai xử lý, dù mình chỉ xin dc để gửi trả cho shop nhận và xem kỹ coi dám cho con cháu shop chơi k  Mua đơn hàng cũng vài triệu và thức khuya để chơi mini game. Mình đã mua mấy chục triệu tiền sữa và chơi mini game nhìu lần, nhận quà cũng khá hài lòng. Tuy nhiên lần gần đây nhất mình khá bức xúc vì quà tặng quá dơ, cũ, trầy, trầy luôn cả chữ in, đóng 1 lớp đất đen chứ k phải bụi. Nhìn k khác gì từ xe rác lượm lại rồi đem làm quà tặng. Các bạn nghĩ xem nhận quà tặng như thế khác nào đem bệnh về cho bé nhỏ. Liên hệ nhìu lần chỉ toàn ghi nhận nhưng k ai xử lý, mình chỉ cần cho mình dc gửi trả lại quà. Vui lòng phản hồi gấp. Xin cám ơn và từ giờ mình cũng né shop ra luôn.",1,1,True,0.00640548258997764,0.9935945174100224
23,Giá thì ok đó mua đc tặng giỏ. Giỏ cũng ok luôn.  To và dày màu đẹp. Đóng gói cũng đẹp.  mình mua giá gốc kèm giỏ tặng hôm sau vô thấy giá sale cũng kèm quà tặng y chang vậy nên mình ghéttttt mình cho 1 sao.,1,0,False,0.9529248767512857,0.04707512324871438
24,"Dưỡng ẩm:chat kem hoi bet xiu Làm sáng da:min mang, giu am cũng khá khá Hương thơm:mui huong nhe nhang",0,0,True,0.9981527884506161,0.0018472115493840303
25,"Mùi hương:thơm Độ lưu hương:5 tiengs  Mùi siêu thơm quá, 10/10 mua 1 được tặng 3, thích quá ạ. Nhiều màu như thế này mới biết được là chai nào thơm theo ý mình í. Màu đẹp quá ạ",0,0,True,0.986223465042603,0.013776534957396865
26,"Màu sắc:trắng  mũ xinh phết nho, đội đi biển cho đỡ nắng còn đẹp nữa, à đội mấy lúc tóc bết nữa :))))",0,0,True,0.8718882654409016,0.1281117345590984
27,"Đã nhận được hàng, đóng gói rất kỹ lưỡng và chỉnh chu ạ. Mình chưa xài ngay nên chưa đánh giá được chất lượng, đây cũng là lần đầu mua nên nếu có phản hồi về chất lượng mình sẽ note sau",0,0,True,0.9472212912585626,0.05277870874143734
28,"Hình ảnh mang tính chất tượng trưng, Giao hàng nhanh chóng , shipper thân thiện chu đáo , đóng gói cẩn thận , nhanh hàng ngày Tết nhưng vẫn giao rất OK ! Nói chung là hàng tốt nhé",0,0,True,0.9981269457801324,0.0018730542198676654
29,"moi mua lan dau hi vọng toc se vao nep mêm muot,  shop goi hang rat can than",0,0,True,0.9903882329727383,0.009611767027261688
30,"Shop lừa đảo , quá tệ ngoài hình ảnh rõ ràng ghi quà tặng khi gửi hàng thì không có quà , lừa đảo khách hàng , hok đáng giá nhưng ghét nhất là kiểu lừa khách hàng như vậy , sẽ không bao giờ quay lại mua shop này",1,1,True,0.00016485154587597695,0.999835148454124
31,Quảng cáo 1 đằng giao hàng 1 nẻo (tặng khuyến mãi 2 món mà chỉ giao 1 món trong khi ngoài đơn hàng vẫn ghi đủ 2 món) mua nhiều lần rùi mà càng ngày càng thất vọng. mất lòng tin quá,1,1,True,0.02814423223868512,0.971855767761315
32,"Được tặng dùng thích quá nên mua dùng tiếp. Thoa lên da căng bóng, chai quá bự luôn.",0,0,True,0.9739613230398402,0.026038676960159896
33,Mua ohas nhiều của shop rồi nên thấy sp ưng ý dùng dễ mà hiệu quả nha,0,0,True,0.9648791113431429,0.03512088865685722
34,"tai nghe ksao nhưng hộp tai nghe nát, cả tóc trong hộp, trông chán",1,1,True,0.13497621789149392,0.8650237821085062
35,Nhận thùng hàng sữa đổ ướt hết thùng. Bóc ra thì có mấy bục bị xì. Nt shop giải quyết thì kêu hoàn. Ngta đang cần thì ngta mới đặt. Xì bịch nào thì hoàn trả ngta tiền bịch í. Đây kêu hoàn hàng. R mấy ngày chờ nhận sữa của ngta cho mất công à,1,1,True,0.010051285536175106,0.9899487144638249
36,Bao bì/Mẫu mã:Oke Độ tuổi sử dụng:Oke Chất lượng sản phẩm:Oke  Giao hàng nhah Oke,0,0,True,0.9362510752550645,0.06374892474493553
37,"đặt hôm qua là hôm nay nhận đc đơn r, ưng sản phẩm bên shop nên chỉ đặt của shop đó giờ",0,1,False,0.47098087002231104,0.529019129977689
38,"Đóng gói sơ sài 1 lớp xốp mỏng sữa tắm trào ra ngoài nên lớp đóng gói không hề dính vào thân chai sữa tắm... Sữa tắm trào ra ướt cả thùng giấy đã chụp ảnh gửi cskh nhưng không thấy phản hồi, phản hồi như không phản hồi. Đặt hàng có quà tặng nhưng giao hàng không có khi nhắn tin hỏi lại nhiều lần không thấy trả lời mình đã hỏi trực tiếp trên live tream thì mới có người trả lời và những câu trả lời rất vô nghĩa. Mình cứ nghĩ mua hàng tại gian hàng chính hãng sẽ uy tín nhưng lại không hề có 1 chút uy tín nào trong khi giá thành cao hơn các cửa hàng khác chứ không hề rẻ. Đã mua hàng nhiều lần nhưng đây là lần cuối mình mua hàng tại đây. Trải nghiệm tồi tệ   Đây là có 1 sao chứ có âm sao mình sẽ đánh âm sao luôn. Người dùng lần đầu tiên trong chục năm dùng shoppe đánh giá 1 sao cho hay.",1,1,True,0.0005864536516284972,0.9994135463483715
39,Shop giao hàng đung mẫu đúng số lượng shiper rất vui vẻ. Nhiêt tình. Thank shop nhiều..,0,0,True,0.8886228577878311,0.11137714221216889
40,đóng hàng kh có nổi một cái miếng xốp bọc sản phẩm lại??? đóng gói quá sơ sài,1,1,True,0.01234302348341254,0.9876569765165875
41,"Ddã dùng nhiều lần, giao hàng nhanh, đóng gói cẩn thận. Ko biết nói gì",0,0,True,0.9902837677952804,0.0097162322047197
42,K có sản phẩm tặng như quảng cáo😡😡😡😡,1,1,True,0.00227891563575681,0.9977210843642431
43,Mình mới sd lần đầu nên cũng ko có đánh giá gì. Manh tc nhận xu nè,0,0,True,0.7641177495615761,0.2358822504384239
44,"Bao bì:nang Hương thơm:k thom Kinh nghiệm sử dụng:k  K hề thơm , chất và công dụng quá bình thường . Đừng thổi phồng về nó . Mua lố quá vì tưởng tốt  Nhận hàng về hối hận",1,1,True,0.19574812905431938,0.8042518709456806
45,"Mình đã nhận được hàng, nhưng bị thất vọng. 1 shop mall nhưng đóng bao bì thì ọp ẹp. Chưa kể ảnh ghi khuyến mại ngày 25/8 nhưng nhận về chỉ mỗi 1 lọ kem, k thấy khuyến mại đâu. Bóc hàng ra có mỗi lọ kem, không có bao bì vỏ hộp đâu",1,1,True,0.001112457201522828,0.9988875427984771
46,"shop giao hàng nhanh , đóng gói chắc chắn , giao hàng đúng mẫu mã , đủ số lượng , sẽ ủng hộ tiếp, mượn ảnh kiếm xu",0,0,True,0.9972750405444151,0.0027249594555850166
47,"Shop giao hàng siêu nhanh, giao hàng đầy đủ, gội xả thơm lắm mn",0,0,True,0.9957448652634039,0.0042551347365961745
48,"🌩 MIỀN BẮC Từ đêm nay không khí lạnh tràn về dồn dập, mưa rét buốt thấp nhất 10 -13 độ đúng dịp 8/3 🥶",1,1,True,0.47524039849897953,0.5247596015010204
49,"Nó giao cường lực sộc caro nha mọi ngươi,lừa đảo",1,1,True,0.030462576252222224,0.9695374237477777
50,"Son khô môi, bóng lúc mới son, 10 phút sau set lại thành lì luôn, khi set lại thành môi thâm.",1,1,True,0.40376561310891956,0.5962343868910803
51,"Trên hình sản phẩm thì để mua 1 chai tặng quà tặng. Mà giao hàng thì k có. Mà hỏi shop thì bảo phải bấm kèm deal sốc mới có, mà trong chỗ giỏ hàng khi mua có kèm deal sốc gì đâu. Để hình quà tặng cho vui à, Lừa đảo à. Trước khi mua nên xem kỹ lại nha mn.",1,1,True,0.006127838516188366,0.9938721614838116
52,"Tôi cực kỳ không hài lòng với sản phẩm sữa của shop. Khi sử dụng, sữa vón cục, sủi bọt bất thường, xuất hiện cặn đen rõ ràng, hoàn toàn không đảm bảo an toàn thực phẩm, tiềm ẩn nguy cơ ảnh hưởng sức khỏe người tiêu dùng. Bao bì đóng gói sơ sài, chỉ bọc giấy, không đảm bảo tiêu chuẩn bảo quản, thể hiện sự thiếu uy tín và thiếu trách nhiệm.  Khi tôi phản ánh, shop hỗ trợ kém, trả lời qua loa, né tránh trách nhiệm, không đưa ra phương án giải quyết cụ thể. Tôi yêu cầu shop đổi trả hàng và bồi thường đầy đủ, đồng thời đề nghị Shopee tăng cường kiểm soát các shop kinh doanh thực phẩm, xử lý nghiêm các trường hợp bán hàng kém chất lượng. Shop có trách nhiệm giải quyết dứt điểm cho khách hàng, không được im lặng hay đùn đẩy.",1,1,True,0.001282768656736229,0.9987172313432637
53,"Hương thơm:thowm  mới chuyển sang gội thử dầu bên L'oreal nên chưa biết hiệu quả thế nào nhưng hàng về hơi thất vọng vì đóng gói sơ sài, vừa bóc ra cái thấy chảy đầy ra r :)))",1,1,True,0.07029896146812158,0.9297010385318784
54,Mua off chỗ mình 280k. Mua sàn cam 205k. Đóng gói ẩu bị móp vỡ 2 vỉ ống hút. Phải đổ ra côc uống,1,1,True,0.026557032087917376,0.9734429679120827
55,"Bao bì/Mẫu mã:ổn Độ tuổi sử dụng:đúng Chất lượng sản phẩm:ổn  Giao hàng gói cận thận, đúng sản phẩm, bé dùng nhiều lần",0,0,True,0.9590730978120979,0.040926902187902174
56,Lợi ích:duong da Kinh nghiệm sử dụng:chua co Hương thơm:k ro  Giao hang nhanh Đung san pham Co qua tang kem  Chua su dung len khong ro Khong bi mop meo,0,1,False,0.3975785437224186,0.6024214562775815
57,Giao thiếu hàng còn ko giải quyết,1,1,True,0.0032169467862419956,0.996783053213758
58,Kem thơm dưỡng ẩm oke đã mua rất nhiều lần thấy ổn lém,0,0,True,0.9857624318114201,0.01423756818858002
59,Mùi hương:thơm Dành cho tóc:bết Công dụng:làm phồng tóc  Rất rcm nha đáng mua lắm shop 5 saoooooo,0,0,True,0.9265576173487414,0.07344238265125856
60,"Kem che khuyết điểm dùng ổn đáng mua, giao hàng nhanh ❤️‍🔥❤️🥰😚ôkka",0,0,True,0.9769478794436018,0.023052120556398145
61,Độ tuổi sử dụng:bé cũng dùng đc lớn cubgx dùng đ Chất lượng sản phẩm:tôt  Giao đủ chai vừa vừa thơm lắm nha mn,0,0,True,0.9931394567886734,0.006860543211326446
62,"Khâu đóng gói quá tệ, quá sơ sài, không có thùng cartoon đựng sản phẩm mà thay vào đó là một túi nilon mỏng dính đựng sản phẩm ở trong, mở ra hộp nào cũng móp méo",1,1,True,0.004558589750333038,0.995441410249667
63,"Rất ko nên dùng nhé cả nhà. Ốp vào mở ra rất khó, mở đỏ tay mới tháo đc ốp ra khỏi máy. Rồi bị xước máy nữa",1,1,True,0.060230826527429615,0.9397691734725703
64,Mua đến chai thứ 2 vẫn lỗi nắp k mở dc,1,1,True,0.02539700616862295,0.9746029938313772
65,Bao bì/Mẫu mã:hàng bị vỡ hỏng Hương vị:sữa trắng  Hàng bị hư. Sữa bị chảy hết ra ngoài. Mùi rất khó chịu. Thời tiết nắng nóng giao hàng lâu không bảo quản tốt. Uống chỉ sợ lại đau bụng mất,1,1,True,0.004739743049980705,0.9952602569500192
66,Hàng bị móp quá nhiều,1,1,True,0.01518406579876741,0.9848159342012326
67,"Lợi ích:để km thì chà bá, còn ghi chú bé tí tẹo , tặng thì để hình ko tặng dẹp hình đi , làm thao tác này thao tác nọ , phiền phức , cảm giác bị lừa gạt",1,1,True,0.015263433196909778,0.9847365668030902
68,Chất lượng sản phẩm:tốt Độ tuổi sử dụng:Baby  Mua cho bé nhà sai sẵn tiện ké luôn Hihi Hình ảnh chỉ mang tính chất nhận được xu  Nên mua nhe,0,0,True,0.996955840426712,0.003044159573287975
69,Sản phẩm xài rất tốt nha shop đóng gói rất kỹ vẻ đẹp cảm ơn shop,0,0,True,0.9933448210525017,0.006655178947498287
70,"Dùng cảm thấy ok phết, chưa biết sau sẽ ntn, cảm thấy kiềm dầu ổn",0,0,True,0.9687826412401387,0.031217358759861414
71,Để mua 1 tặng 1 mà có tặng gì đâu,1,1,True,0.041498653359425895,0.9585013466405741
72,Hình ảnhhh mangg  tínhh châtts nhậnnn xuu. Đóngg góii kĩi. Giaoo hàngg nhanhhh. Cámm ơnn shoppp .,0,0,True,0.5581813429706355,0.4418186570293645
73,Hương vị:thơm Bao bì/Mẫu mã:đóng gói không kĩ bị bung ra như vầy  Mua ở shop nhiều lần lắm rồi. Lần này ship hàng lâu mà ship tới lại còn bị bung thùng haizzz,1,1,True,0.008915001750941176,0.9910849982490588
74,"Màu ko như hình, vỏ hộp kiêm tra như đã có ai mở,lọ son như đã qua sử dụng",1,1,True,0.012907595164564597,0.9870924048354355
75,Công dụng:làm sáng da  Không biết vì lý do gì mà sử dụng sản phẩm bị rát và ngứa đã sử dụng rất nhiều lần nhưng vẫn bị rớt và ngứa các serum khác tôi sử dụng không sao trừ cái này,1,1,True,0.06641322726987775,0.9335867727301222
76,Mình k đc nhận đồ này,1,1,True,0.01060172550671575,0.9893982744932842
77,Bị bể 1 bịch sữa hương dâu! Vận chuyển quá kém.,1,1,True,0.011788930920701879,0.9882110690792981
78,"Làm đẹp:đánh lê. tối luôn 3 tông, chai k seal không hộp gì hết, này hàng fake chứ real gì",1,1,True,0.003809462914162435,0.9961905370858375
79,"Phải nói là wtf luôn á, lùa gà à, thấy giới thiệu, seeding này kia nghĩ chắc cũng ok,mua liền 2 hộp là 6 cái, nay lấy ra dùng, cũng ngâm nước này kia mà nó dỏm vãi, như miếng chà nồi , vừa gây đau rát còn xướt mặt nữa.Bộ đồng tiền mất giá lắm hả, tốn tiền mua mà còn bị rát mặt, dùng cho da chân còn không dám đó mom chứ đừng nói cho da mặt.  Còn định tặng bạn mà may chưa tặng chứ k lại mang tiếng tặng cái chà nồi:)))",1,1,True,0.027213723913853276,0.9727862760861467
80,"Đối tượng sử dụng:mọi lứa tuổi Chất lượng sản phẩm:tốt Mùi hương:thơm, mùi cute  Mùi dễ chịu. Mà ko bám lâu lắm. Mà chất lượng tốt. Sẽ ủng hộ tiếp ạ",0,0,True,0.9815922229408202,0.01840777705917983
81,"Chất lượng sản phẩm:Tốt nhưng shop kém  Cách shop giải quyết quá tệ, mình mua về dùng gặp vấn đề 2 tai nghe không đồng bộ. Shop chỉ cho cái voucher là xong hả?",1,1,True,0.0017965374341467981,0.9982034625658532
82,Để hàng tặng kêu mua kèm deal sốc ... Rồi k có chữ mua kèm deal sốc rồi bấm dô kiểu gì . Cuối cùng k giao hàng tặng. Nhắn tin shop thì trả lời hoang mang,1,1,True,0.014122465098792744,0.9858775349012072
83,"Chất lượng:Sản phẩm ok, hình ảnh và video mang tính chất nhận xu!!!!!!!!",0,0,True,0.9480527433719006,0.05194725662809944
84,"Kêu kèm quà mà ko thấy,",1,1,True,0.0033037663784019067,0.9966962336215981
85,"Nhìn chai kem nên thấy sơ sài k có vỏ xong trầy xước, date 2027 mà giờ 2026 rồi nghĩa là mk chỉ dùng đc 6 tháng hơn nữa, mình ít make up nên mới mua kem nền mà gặp quả này chán luôn, k khác j bán hàng tồn kho cho khách",1,1,True,0.009784768121687418,0.9902152318783125
86,"Làm đẹp:ok Kiểm soát dầu:chua dung  Hàng có dấu hiện bị mở lắp trước rồi, nắp còn bị xước nhiều",1,1,True,0.0867601720345879,0.9132398279654121
87,"Hàng đóng gói k cẩn thận,ms tết ra k muốn bán hàng cho khách hay j mà hàng đóng như đem bố thí ^^",1,1,True,0.014497179274257976,0.9855028207257419
88,"Giao hàng thì không được nhận , shop trả lời nhiệt tình , hàng báo được nhận rồi mà mình chưA đuọc nhận shoppe thì ko giải quyết cục hàng mình ở đâu , là thành viên Vàng bên shoppe mà bị bơ như vậy Thất Vọng",1,1,True,0.0002531081407622926,0.9997468918592377
89,"Mặt nạ đắp cực thích , k quá nhiều dưỡng chất gây nó bách Phù hợp cho da dầu mụn",0,0,True,0.9834184047512305,0.016581595248769416
90,nói mua 1 tặng1 mà giao chỉ có chai dầu gội,1,1,True,0.00723656005034512,0.9927634399496549
91,Da mềm mịn:ok Mùi hương:ok  Ổn nha,0,0,True,0.9977729872041982,0.002227012795801869
92,Đúng với mô tả:thiếu mất túi đựng quà không thể chấp nhận được,1,1,True,0.09536810911583189,0.9046318908841681
93,"Sữa đểu, không thủng tí nào mà phồng lên như sắp nổ. Bốc mùi chua thối, nt cho shop thì ko giải quyết",1,1,True,0.003351666164753094,0.9966483338352469
94,"Màu sắc:nhiều màu Đúng với mô tả:đúng Chất liệu:vải thun  Shop giao hàng nhanh, hàng may đẹp, vải thun co giãn, hy vọng mặc bền và thoải mái.",0,0,True,0.9790578657497226,0.020942134250277352
95,Mặt nạ dùng rất thích. Mình mua lần thứ 3 rồi. Đã từng dùng nhiều mặt nạ nhưng mặt nạ này là thích nhất.,0,0,True,0.985200877482472,0.01479912251752806
96,Mua hàng ở ngoài thì kêu khuyến mãi lúc giao không có khuyến mãi còn bắt khách nhấn vào mục khuyến mãi mới được khuyến mãi nói chung là lừa đảo nhân viên cũng thấy khách đặt hàng không kèm khuyến mãi cũng không nhắn hay nói gì lừa đảo luôn,1,1,True,0.0018658963037310183,0.9981341036962691
97,Đúng với mô tả:đúng miêu tả Chất lượng sản phẩm:ok lắm nha  Sản phẩm ok lăm nhìn 45 độ không thấy nhé đúng hàng kinhkong ok sẽ ủng hộ shop thêm,0,0,True,0.9914875261590342,0.008512473840965831
98,Chất liệu:thoáng mát Đúng với mô tả:rất ok,0,0,True,0.9755818335234183,0.024418166476581748
99,"Giao hàng nhanh. Nhưng bên vận chuyển ném vứt làm bục vỡ chẩy sữa hỏng 3 bịch, sữa bị chẩy ra lên men hỏng gây mùi khó chịu và ướt cả thùng.",0,1,False,0.0014171471619632836,0.9985828528380368
100,"Mình mới nhận được hàng hôm qua và thật sự rất ưng ý! Sản phẩm nhìn bên ngoài còn đẹp hơn cả hình, chất lượng thì khỏi chê, dùng thử thấy rất ổn áp. Nói chung là từ sản phẩm đến dịch vụ đều làm mình hài lòng, chắc chắn sẽ ủng hộ shop dài dài! 💖",0,0,True,0.9725062828064632,0.027493717193536743
101,"Dán k dính, sản phẩm tào lao, bao bì đẹp, lỗi, k nên mua, sau khi mua tặng người yêu bị đòi chia tay",1,1,True,0.047739173419739135,0.9522608265802609
102,"Kém, mua 1 thùng sữa gần 2 tuần, date 21/03/24, mà có 1 lốc bị mốc phần đít, đổ sữa ra có bợn và mùi rất thối. May tôi thấy lạ chưa cho bé uống, đề nghị hãng sữa liên hệ với tôi để giải quyết về chất lượng sữa bán cho khách hàng!",1,1,True,0.018028141838391114,0.9819718581616089
103,"Mua live của Võ Hoàng Yến, ghi tặng hàng mà ko có quà tặng",1,1,True,0.007468973439553513,0.9925310265604464
104,"Mua hàng lúc 0h để săn đủ quà mà shop giao hàng ko.có quà, hỏi thì trả lời do hết quà Nếu hết quà thì phải ko thêm dc vô giỏ hàng chứ Lừa dối KH Nhắn tin hỏi thì kêu trả hàng",1,1,True,0.0017819693976092177,0.9982180306023908
105,"Công dụng:sạch vừa đủ, ẩm  da hỗn hợp thiên dầu dùng rất ok. Nên mát xa kĩ phần chữ tên trc khi đến 2 má đối với da hỗn hợp.",0,0,True,0.9444922405797046,0.055507759420295455
106,Hương thơm:thơm ít hơn chai cùng loại mình xài trước  Không có quà tặng kèm như quảng cáo,1,1,True,0.09235133353189469,0.9076486664681053
107,Chất lượng sản phẩm:chưa dùng nên không biết Độ tuổi sử dụng:mọi người  Đóng gói chắc chắn chưa dùng nên không biết sản phẩm ok không nữa,0,0,True,0.975810445998364,0.02418955400163607
108,"bình nước không giữ nhiệt , bỏ đá vô thì ở ngoài bị chảy hơi nước . Không đúng quảng cáo",1,1,True,0.006010606310783577,0.9939893936892163
109,Giao hàng đã qua dử dụng,1,1,True,0.14343474986952884,0.8565652501304711
110,"Hương thơm:te Mẹo:te  đóng gói hàng cẩu thả,giao tới tay rách ten bét hết trơn, bọc chống sốc cuốn ko đc kĩ",1,1,True,0.008613414514932768,0.9913865854850673
111,Hình mang mang tính cb ất minh hoạ mùi hương thơm lưu hương trên mình tầm 2 tiếng hơi mùi cồn kucs đầu,0,0,True,0.9013555722611467,0.09864442773885324
112,"Sản phẩm có chất lượng ổn định, đúng mô tả, sử dụng tiện lợi và mang lại trải nghiệm khá tốt. Thiết kế đơn giản nhưng tinh tế, phù hợp với nhu cầu sử dụng hằng ngày. Giá cả hợp lý so với chất lượng, đáng để cân nhắc và trải nghiệm.",0,0,True,0.9504776179314233,0.04952238206857674
113,Shop để trên bìa có tặng thêm chai 500ml mà lúc nhận hàng thì hông có tặng chai nào hết,1,1,True,0.04734579595520209,0.952654204044798
114,"Vận chuyển móp hết hộp, đã thế lại ko đồng nhất với app, giao hàng trước cả khi thông báo, ko hài lòng 1 chút nào",1,1,True,0.004066755050548839,0.9959332449494512
115,Mùi hương:hương cà phê Công dụng:tẩy da chết body Phù hợp với loại da:mọi loại da  Shop giao hàng nhanh. Gói túi dạng 200ml thui ạ,0,0,True,0.9390581093493132,0.06094189065068686
116,"Bao bì/Mẫu mã:bao bì lỏng lẻo Hương vị:vị ok  Hàng đóng gói sơ sài, quấn 1 lớp màng co mỏng không có tác dụng chống sốc, 1 bịch sữa bị chảy hoàn toàn và dính ra các bịch khác. Không hài lòng",1,1,True,0.008654273605052998,0.9913457263949469
117,"Bao bì/Mẫu mã:hàng giao hộp đã bị méo, có dấu hiệu ko còn nguyên vẹn  M đặt thùng sữa 48 hộp, 12 lốc loại 4 hộp/lốc nhưng hàng nhận được chỉ có 8 lốc 32 hộp. M liên hệ shop và Shopee để khiếu nại đơn hàng nhưng shop trả lời qua loa và ko chịu hoàn tiền cho mình. Tin nhắn gửi suốt 2 hôm không có người rep. Shop này ko phải Mall hoặc giả tạo Mall mà thôi. M đã report shop lừa đảo. MN mua hàng nên chọn cửa hàng thông thái, đừng như mình.",1,1,True,0.0017156668223121674,0.9982843331776877
118,Shop ddongs hàng cẩn thận Shop giao hàng nhanh Giá cả hợp lý nchung,0,0,True,0.9403593108958598,0.0596406891041402
119,"Mình bị gàu kinh niên thử qua rất nhiều loại cũng k đỡ, thấy clear ra dòng mới nên có xài thử chai vàng thì thấy đáng đồng tiền bát gạo nha, nhưng nhược điểm thì tóc mau bết. Được review nên dùng xen kẽ với chai xanh này để tóc bồng bềnh và vẫn kiềm gàu nên mua xài thử. Hy vọng cải thiện. Có hiệu quả sẽ quay lại đánh giá lại.",0,0,True,0.794009051623628,0.2059909483763719
120,"sale 7/7 mình đặt 4 hộp và vỡ 2 hộp , shop đa hoàn đổi hành. mình rất hài lòng lần này mình đặt 2 hộp, nhưng 1 hộp nguyên và 1 hộp bị bung nắp, tốn thời gian đổi nên mình đã lấy luôn( đợt này mặc dùng có chống sốc nhưng vẫn bị vỡ 1 hop. đúng là giá shope nó rẻ hơn ngoài tiệm nhưng đây là mặc hàng có giá trị thì đóng gói phải được chú trọng , hơn nữa sữa phải được đóng nắp kĩ, trường hợp bung nắp như vậy ko đảm bảo được chất lượng. nói chung đã ủng hộ nhìu lần và thấy chất lượng đóng gói không ổn định. nên sẽ cân nhắc kĩ nếu mua tiếp",1,1,True,0.1346541528945492,0.8653458471054508
121,"Dưỡng ẩm:da kho Làm sáng da:duong sang  dưỡng ẩm tốt cho da với lại làm sáng da nhưng phải kiên trì xài, giao hàng nhanh",0,0,True,0.9863324898354762,0.013667510164523779
122,"Lợi ích:giảm mụn rõ rệt Mẹo:da dầu nhiều đắp 15p xong rửa Làm đẹp:giảm mụn, mịn da  Ultr mặt nạ caryophy dùng siêu thích, giảm mụn rõ rệt chân ái luôn. Hi vọng mãi mãi tồn tại",0,0,True,0.9958217869280377,0.004178213071962271
123,Kêu mua 1 tặng 2 mà khi nhận chỉ có 1 chai dầu. Hãng cũng lừa như chợ zời. Mọi người thận trọng khi mua,1,1,True,0.0013434361103425625,0.9986565638896575
124,"Quá tệ. Shop gửi hàng hộp đã xập xệ thì chớ, còn đóng gói quá sơ sài, bọc chống sốc có đúng 1 lớp mỏng. Sữa bị vỡ hết, mùi hôi thối bốc ra kinh khủng. Chẳng thèm gửi lại nữa luôn. Khiếp hồn.",1,1,True,0.003906446838503978,0.996093553161496
125,"túi giao về bị rách một bên, phải lấy băng dán dán đỡ",1,1,True,0.037442539483844205,0.9625574605161559
126,"shop giao hàng nhanh lắm luôn đặt hôm qua , nay giao hàng luôn rồi quần vải mát",0,0,True,0.9645504494154379,0.035449550584562006
127,"Hạt phấn rất mịn, nhẹ trên da, kiềm dầu ổn, hiệu ứng cà da khá tốt",0,0,True,0.9925538119132282,0.007446188086771677
128,"Mút mềm, màu sắc dễ thương. Nhúng nước mút nở thêm, rửa mặt sạch",0,0,True,0.8866960911964837,0.11330390880351637
129,Đánh giá 1s vì maketing xem thường phụ nữ,1,1,True,0.3477078513165859,0.652292148683414
130,"Chất lượng ch biết thế nào mà cách shop đóng gói  quá ư là cẩu thả , nắp chai thì trầy hết như đã qua sử dụng . Lần đầu trải nghiệm mà shop làm thất vọng quá 🥲",1,1,True,0.00600285225486293,0.9939971477451371
131,Bao bì/Mẫu mã:cũ Hương vị:ổn  mặc dù đã nt nói là đặc nhầm sữa nhờ shop hủy đơn  dùm mà xem tjn nhắn hk phản hồi cũng k hủy đơn dùm đó giờ mua hàng chưa hề bom hàng nên ráng mà nhận hàng thất vọng vô cùng với lại hsd có 6 tháng thôi,1,1,True,0.007957600697747091,0.9920423993022528
132,"Sản phẩm đúng mô tả, giao hàng nhanh chóng, giá cả hợp lý,,đong goi cân thân...",0,0,True,0.9935924484775067,0.006407551522493268
133,"ko bọc kĩ lon sữa, vận chuyển bị bể lon sữa văng ra ngoài.",1,1,True,0.0029363947874323872,0.9970636052125675
134,"mn người mua hàng nhớ cẩn thận , mình mua không nhận đc quà tặng , vì hông thấy hướng dãn chọn deal sốc ,nếu có mua thì nên liên hệ shop trước đừng để như mình nhận hàng khui ra mới thấy thiếu, nt shop thì shop bảo phải chọn deal kèm trong khi  shop bán trên video và live thì hông hề có mục chọn deal kèm.",1,1,True,0.0069659319421238415,0.9930340680578761
135,"Sản phẩm được đóng gói cẩn thận, hàng giao đúng như yêu cầu, chất lượng tốt, giá phải chăng. Sẽ tiếp tục ủng hộ shop khi có nhu cầu.",0,0,True,0.9093834868514535,0.09061651314854641
136,Chất lượng sản phẩm:tot Độ tuổi sử dụng:cho trẻ em và người lớn  Mùi thơm dễ chịu chưa sử dụng nên chưa biết sản phẩm như thế nào,0,0,True,0.9906763807484052,0.00932361925159479
137,Lần đầu mua nên mình k biét nó ra sao để tháng sau quay lại đánhbgias nh,0,1,False,0.21113248016028138,0.7888675198397186
138,"Xài xui xẻo bị dị ứng, bôi xong trên người nổi mụt đỏ, k tin tà vẫn cứ bôi tiếp thì nó nổi quá trời, mô phật luôn cái số gì đâu á 🥹🥹 Trải nghiệm k tốt nên thôi cho 1 sao ha",1,1,True,0.07241536734453491,0.927584632655465
139,"siêu đểu, mới dùng đc 2-3 lần mà giờ hết sạch =)) ko xịt đc luôn. Tóc thấy ko bồng mấy, ko bằng mấy sp 8 chục mình mua nữa =)))) Được cái ko vón cục trắng thoai",1,1,True,0.08516576644533058,0.9148342335546694
140,Chưa test nhưng shop giao sai màu. Sai màu đòi video bóc hàng là sao?,1,1,True,0.006509375836660632,0.9934906241633393
141,"Độ dày:kha monh Kết cấu:gel nhiu nha  danh cho couple , k co em be ngoai y muon , gia re",0,0,True,0.9005853345688332,0.09941466543116682
142,"Da mua nhiều lần, đây đủ, du 4 vị, date mới nên ok, ăn riết nghien luôn",0,0,True,0.9817461797847783,0.018253820215221785
143,"Seal chán z tr, seal như k seal. Hang để lâu bụi bặm",1,1,True,0.03807795269394406,0.9619220473060559
144,Công dụng:dưỡng da Dành cho da:da thường Mùi hương:dịu nhẹ  Sản phẩm tốt . Mua nhiều lần rồi . Lần nào cũng có tặng phẩm kèm theo như hình . Lần này mua cũng cận  dịp lễ mà ko có tặng phẩm kèm theo như hình gì hết . Buồn .,1,0,False,0.6633573052689026,0.33664269473109737
145,Rõ ghi tặng như kia mà nhận hàng k có gì Thà k để cái hình quà tặng đio,1,1,True,0.0004525864023576798,0.9995474135976424
146,Mùi hương:thơm Dành cho da:mọi loại da Công dụng:dưỡng ẩm  serum ok la nhận đúng mẫu mã quà tặng mọi người nên thử trải nghiệm nha,0,0,True,0.9471964534595849,0.052803546540415046
147,"Độ mềm:mềm mịn Xơ bông:ít  Bông này thì tốt xưa giờ, ít bị sơ bông, giá cũng nhỉnh hơn loại thường 1 chút thôi mà chất lượng tốt hơn nhiều, nên mua",0,0,True,0.9736436301881937,0.026356369811806307
148,Mình sài bị đỏ với hơi rát da.,1,1,True,0.21614655262866247,0.7838534473713376
149,"Giao hàng siêu nhanh, đóng gói cẩn thận và kĩ Sản phẩm giống mẫu siêu xinh nha Sản phầm chất lượng cx ổn Rcm mn mua nha 🫶😭  Lần sau sẽ ủng hộ tiếp 🥰🥰",0,0,True,0.9999073710160946,9.26289839052816e-05
150,"lau siêu sạch, ngồi hì hục 30’ vẫn bị bọt khí trống trộm cũng k tốt",1,0,False,0.5245698973626806,0.47543010263731955
151,"Ảnh và video chỉ mang tính chất minh hoạ. Sữa ngon. Pha chế ngon, đóng gói rất cẩn thận",0,0,True,0.9805800196239232,0.01941998037607691
152,Đã mua nhiều lần kem sài hợp da thích lắm sẽ ủng hộ shop thêm nữa,0,0,True,0.998595993202337,0.001404006797663031
153,"Túi đẹp, đóng gói kĩ nhưng túi bị lỗi đường chỉ có nt qua cskh nhưng shop hỗ trợ k linh hoạt. Vì cần gấp nên mới nhận đỡ, sẽ không quay lại lần sau.",1,1,True,0.02165664093511177,0.9783433590648882
154,"Kinh nghiệm sử dụng:sau khi goi dau Hương thơm:thom phet, giong mui dau goi Bao bì:chawcs chawns nha  Mình dùng thử xem thế bào",0,0,True,0.9484575087633652,0.05154249123663476
155,"Đợt này sữa bị vón cục nhiều, khó tan. Hỏi hotline nhưng vẫn không có cách xử lí",1,1,True,0.015994434294059817,0.9840055657059402
156,"Gửi cho mình đúng chai lỗi, bị thủng 1 bên, bóc hàng mình ko để ý, bóp ra dùng mới thấy kem rỉ ra ở bên cạnh.  Chất kem dễ tán nhưng bôi xong hơi rít da.",1,1,True,0.10444654316536069,0.8955534568346394
157,"Công dụng:an toàn  Giao hàng nhanh, tư vấn lẹ, trộm vía kho của shop gần nhà mình nên ship thường hay hoả tốc đều rẻ",0,0,True,0.9366588110801918,0.0633411889198083
158,"Bao bì/Mẫu mã:sao k bỏ vô thùng carton quấn chống sốc nhiều giúp tôi thế shop? Ship vận chuyển bể đổ tè le, sữa nó dơ nó hôi nó chua thôi rồi",1,1,True,0.008406267575441384,0.9915937324245586
159,"Rất cứng, khó lắp, rất dễ trầy nếu ko dán đth mặt sau, sau 3 ngày sử dụng thì bị trầy rất nhiều, cảm thấy ko xứng đáng giá tiền,",1,1,True,0.053122872536550715,0.9468771274634493
160,Hương vị:ngon Bao bì/Mẫu mã:tốt  Đóng gói cẩn thận thích hợp uống cà phê sữa các loại vvv,0,0,True,0.9862583335088897,0.013741666491110341
161,Bao bì/Mẫu mã:đóng gói cẩn thận không bị trầy xước Hương vị:vani  Mua của shop nhiều lần sản phẩm tốt hsd lâu,0,0,True,0.8769130332235551,0.12308696677644489
162,"Sản phẩm có mùi thơm dễ chịu. Xài êm mướt không bị rít, phù hợp da nhạy cảm",0,0,True,0.9985078081927014,0.0014921918072985697
163,"Mùi hương:thơm Dành cho da:mọi loại da Công dụng:đẹp da  Đã nhận được hàng rồi, shop đóng hàng cẩn thận, ship nhanh, shipper nhiệt tình thân thiện, mình đã té thử, sản phẩm rất tốt, minh sec ghé shop khi có nhu cầu",0,0,True,0.9967692694720833,0.003230730527916552
164,"Bao bì/Mẫu mã:ok Hương vị:ok  Tệ đặt 2 lần liền đều bị vỡ lần 1 ship còn k giao luôn lần 2 thì bị bục ít, mong shop đóng gói cẩn thận và kỹ hiwn chưa hãng nào mik mua sữa mà bị như này.",1,1,True,0.003733897361239339,0.9962661026387606
165,"Mình rất hài lòng với sản phẩm mua trên Shopee. Hàng giao nhanh, đóng gói cẩn thận, sản phẩm đúng mô tả và chất lượng tốt so với giá tiền. Sử dụng thấy rất ổn, không có lỗi. Shop tư vấn nhiệt tình, phản hồi nhanh. Sẽ ủng hộ shop trong những lần mua sau. Hình ảnh chỉ mang tính chất nhận xu",0,0,True,0.9960004316845109,0.003999568315489101
166,"thùng ghi tặng thêm sữa mà k tặng  Hàng đúng mô tả, đóng gói cẩn thận, giao nhanh. Chưa dùng lâu nhưng nhìn ổn, sẽ ủng hộ shop lần sau",1,0,False,0.8611630163582191,0.138836983641781
167,"Làm đẹp:d Hương thơm:x  Đóng gói rất cẩu thả, có chống xốc như khoing, bị gãy vòi rồi dầu xả đổ hết",1,1,True,0.1588800734597495,0.8411199265402504
168,"Sản phẩm không hư hỏng, dùng tốt, còn hạn sử dụng, giao hàng nhanh",0,0,True,0.642714267511234,0.357285732488766
169,"Một trải nghiệm mua hàng phải nói là quá tệ, đây là lần thứ 2 mình đặt đơn lại mà vẫn bị giao sai. Mình đặt kiềm dầu lại giao cấp ẩm. Thật sự k hiểu một trang bán hàng mall mà làm việc thế nào luôn. Trước khi gửi lại đơn này mình cũng nhắn cho shop kiểm tra lại kĩ hãng gửi. Thế mà đến tay lần nữa vẫn sai combo y hệt. Xin phép đánh giá thấp về 2 lần trải nghiệm này.",1,1,True,0.0020201568625309494,0.9979798431374691
170,Mùi hương:thơm Độ lưu hương:5-6h  Lúc đầu hơi nồng nhưng về sauu hương thoang thoảng thơm ácccc mùi này ngọt nồng hong hợp trời nắng nóng đâu nhá tui thấy nên sử dụng mùa đông hoặc buổi tối thuii,0,0,True,0.8866025205825206,0.11339747941747923
171,"Chất lượng sản phẩm:chưa sử dụng chưa biết  Shop quảng cáo duy nhất ngày 15/6 mua hàng dc tặng kèm túi Aveeno thì ko thấy tặng. Sản phẩm thì ko có hộp (chỉ gói trong bọc chống sốc), trọng lượng thì nhẹ hơn so với hộp chính hãng bán trong siêu thị mẹ và bé. Săn sale mua nửa giá tiền nào của nấy. Mua lần đầu hàng của shop mà rất thất vọng.",1,1,True,0.045119862881375594,0.9548801371186245
172,"Mình phải sửa lại đánh giá, đủ 33 gói, nhưng gói nhỏ hơn & ít hạt hơn, cũng không đủ loại hạt như trên bao bì, nói chung chất lượng hạt không bằng lần trước mình mua. Giảm giá sale cho cố vô rồi làm giảm chất lượng sản phẩm thế giảm giá làm gì thà bán giá gốc. Đánh giá 1 sao gì shop Mall mà làm ăn gian dối không trung thực 👎",1,1,True,0.04751286492409649,0.9524871350759035
173,Không có mùo thơm gì hết trơn không mua lại nửa đâu giặt cho bé mà,1,1,True,0.07118144721525432,0.9288185527847457
174,"Quá tệ và bực mình 😡 Sao shop có thể nghĩ tới việc đóng chung đơn sữa với nước lau sàn với nhau được vậy? Sữa thì cũng không chống sốc, nhận hàng bẹp dí vỏ hộp nhàu nát như đồ vứt đi.  Yêu cầu shop làm việc lại với nhân viên đóng hàng để không còn tình trạng ghép đơn vớ vẩn như này nữa.",1,1,True,0.0009011352619386163,0.9990988647380613
175,"Thất vọng tràn trề mua biết bao nhiu lần không sao, lần này srm đổ ra tùm lum",1,1,True,0.007790930204717291,0.9922090697952827
176,Đóng gói sp bang cai thùng mỏng lét .nhận đc hộp sữa thì như thế này,1,1,True,0.015291873913485632,0.9847081260865144
177,Hương vị:giao hàng chậm trễ thiếu hàng k bjo mua lại nữa chấp nhận bỏ 1hộp kem sữa đặt luôn quá tệ đặt có 2 thùng sữa với 1h kem sữa đặt cũng giao thiếu,1,1,True,0.0017592519395861113,0.998240748060414
178,"Lừa đảo nhé mọi người ơi, không có quà tặng kèm theo gì hết nhé. Tẩy chay shop này, chưa dùng nhưng nghi là hàng nhái, không có xuất hoá đơn GTGT cho khách hàng là rõ ràng là hàng giả rồi",1,1,True,0.0036072509519321874,0.9963927490480678
179,"Hiệu quả:tốt Thiết kế:ổn  mua hộ bố nên ko rõ, thấy bố dùng tốt, ổn á.. giao diện nhỏ gọn",0,0,True,0.9852028663165152,0.01479713368348485
180,"Vị ngọt thanh, có chút vị ngậy nhẹ, sữa thơm ngon, dễ uống. Mặc dù là shop đóng gói cũng khá cẩn thận. Nhưng có thể do quá trình vận chuyển, một số lốc vẫn hơi móp nhẹ. May k ảnh hưởng gì. Mong shop lưu ý đối với hàng dễ vỡ. Sp này mình mua lần đầu, với sp sữa tươi date gần như mới nguyên, còn loại này thì như mình chụp. Còn được khoảng 4 tháng. Hi vọng lần tới shop gửi hàng date mới hơn. Sẽ tiếp tục ủng hộ shop.  Lần này được tặng bộ đồ chơi gỗ cân bằng, rất đẹp.",0,0,True,0.8550400210841266,0.1449599789158734
181,Rất xịn sò nha các chị e oi. Hình ảnh mang tính chất nhận xu ạ. Iu thương,0,0,True,0.9575923483674403,0.04240765163255964
182,"Sữa vị không ngon, giao thiếu cái ly, đặt để lấy ly mà không giao ly",1,1,True,0.02330301854662938,0.9766969814533706
183,"Hương thơm:mùi thơm lâu, dễ chịu Làm sạch:sạch quần áo tốt  Sản phẩm tốt, hương lưu trên quần áo lâu, rất dễ chịu. Sẽ ủng hộ shop vào lần tiếp theo nhé",0,0,True,0.9971862965482784,0.002813703451721633
184,"Bao bì/Mẫu mã:rach Hương vị:dỡ  Sữa có 1 bịch bị rách nhưng shop k lấy ra làm hôi toàn bộ sữa , võ thì rách",1,1,True,0.0018802306721855306,0.9981197693278144
185,"Độ lưu hương:2h - 3h Mùi hương:nhẹ nhàng tươi mát và béo ngậy  không khổ công đợi nhe chùi, nếu bà nào muốn mùi béo ngây kem với 1 chút hương việt quất nhẹ như 1 miếng cheese cake thì chai Winter Berry là chân ái nha🫐🍰, còn chai Snow Baby thì nó sẽ nhẹ nhàng nó thanh mát mà nó mùi dâu sting á mấy bè mùi cực kì ưng luôn không thề bị nồng nha rất rất zịu cho bà nào vibe tiểu thư, công nương bánh bèo sang chảnh 🫦🍓",0,0,True,0.8918079695704275,0.10819203042957244
186,"Làm đẹp:loại ngừa mụn , 400ml , dán bọc đóng gói cẩn thận kĩ càng, giao nhanh",0,0,True,0.9747414803395683,0.025258519660431727
187,"giao hàng nhanh đóng gói chắc chắn , mùi dịu nhẹ không nồng , ko bết dính mình dùng cảm thấy oki la mọi người tham khảo mua nha",0,0,True,0.9888903570485162,0.011109642951483837
188,"sản phẩm giống hình, giao hàng nhanh, quà tặng kèm k có và cách shop tư vấn k thoả đáng",1,1,True,0.08846340814966251,0.9115365918503375
189,Đăng mẫu mới giao mẫu cũ Sản phẩm không giống mô tả Date hơn 1 nửa,1,1,True,0.031382085212021016,0.9686179147879791
190,Lợi ích:không có quà tặng,1,1,True,0.007215421074947326,0.9927845789250527
191,"Dùng chán ko tả ko. Ko bông, mà chỉ tơi đc 1 ít, tầm 30p sau x2 độ bết và nặng đầu.",1,1,True,0.028718624148142746,0.9712813758518571
192,"Tặng cái thang dễ thương, nhưng giao hàng quá lâu, nhiều quá tặng xinh hấp dẫn",1,1,True,0.09795295209319206,0.9020470479068079
193,"Màu sắc:3 màu Chất liệu:thun lạnh  Chất lượng hình in khá tệ, mặc được 1 lần đã bung ra hết",1,1,True,0.3151513606387378,0.6848486393612623
194,Mẹo:đưa ko đúng hàng đã chọn buồn,1,1,True,0.018072353131966794,0.9819276468680332
195,Nhân viên gói hàng bóc mất mã qr quét thưởng. Mở hộp mất mã qr có vết cao su đã bóc chai,1,1,True,0.09688334468439534,0.9031166553156047
196,"Công dụng:tot Độ bền màu:tot  Em này quốc dân quá rồi, mình sài chắc hơn 20 chai rồi đó sài cả 2-3 năm nay rồi, ngon bổ rẻ thật nha, lúc nào cũng mua 1 lúc 2 chai dùng dần, mình chỉ bôi chống nắng nên tẩy trang sạch, không rát da, bạn nào trang điểm loại này không si nhê nha",0,0,True,0.9540866048622223,0.045913395137777764
197,"Đỉnh, giao cẩn thận, rất hài lòng nhé shop ưng nha, giá cũng ổn hài lòng nè",0,0,True,0.9948883705606013,0.005111629439398778
198,"Mùi hương:Ok Dành cho da:dau mun Công dụng:Tham, mun  Đóng gói chắc chắn, còn chất lượng để dùng mới biết",0,0,True,0.9937755260563262,0.0062244739436738096
199,Hàng bị đổ chảy dính đầy thùng.,1,1,True,0.013754046653425908,0.9862459533465741
200,"Đóng gói sơ sài, hộp thì bị vỡ, hộp thì móp góc. Thùng ngấm sữa rách tan tành, mùi chua nồng nặc.",1,1,True,0.0045073648424345985,0.9954926351575654
201,"Đặt 2 hộp bị móp 1 hộp, hộp chèn bóng khí thì k thể móp ntn đc, ntn có khi móp trc khi vận chuyển nhg vẫn cố cho vào cho khách 😡",1,1,True,0.001822784829773309,0.9981772151702266
202,"Mua đợt khuyến mãi, shop ghi rõ tặng 1 chai 750ml, mình đã đặt được đơn hàng rõ ràng nhưng khi đi đơn xong shop mới nhắn hết chai 750ml, tự ý thay bằng 4 chai 100ml. Shop không rõ ràng với khách hàng và không kiểm soát được số lượng chương trình khuyến mãi của mình.",1,1,True,0.008053067107389622,0.9919469328926104
203,"Hàng thì ko cho đồng kiểm , cái này cũng chấp nhận đi . Đơn hàng 6 triệu mà đóng gói sơ sài , mỡ ra hên là bể 1 hộp mình cũng cố gắng nhận .  Tháng nào mua 4 hộp thì đóng gói tốt . Tháng nào mua 8 hộp là đóng gói bễ tùm lum .",1,1,True,0.0169056775415517,0.9830943224584483
204,"Giao thiếu hàng, chối bỏ trách nhiệm. Khi mua trong giỏ hàng có hiện nhưng giao thiếu sản phẩm",1,1,True,0.004783846990149702,0.9952161530098503
205,"Hương vị:socola Bao bì/Mẫu mã:như mô tả  Ngon nè, giá rẻ hơn mua bên ngoài, ming con uống sẽ cao lớn hơn",0,0,True,0.9128144263463098,0.08718557365369016
206,K biết làm sao lần này uống bị sủi bụng. Xong đi ỉa,1,1,True,0.04339457385198545,0.9566054261480147
207,Hương vị:mùi dừa  Nhiều công dụng nhưng mùa lạnh bị đông lại nhưng dùng vẫn ok,0,0,True,0.7838774067023232,0.21612259329767688
208,Sản phẩm có quà tặng nhưng không gửi quà tặng,1,1,True,0.002253853672545788,0.9977461463274543
209,Đã nhận được sản phẩm đúng mô tả. Nhưng ngày sản xuất cách ngày mua xa quá. Mua tháng 11/ 2025 mà sản xuất tận tháng 9/2024. Chắc sản phẩm này bán không chạy hay sao. Ngày sản xuất ko in trên chai mà dán nhãn lên. Cái này chắc để thay đổi ngày sản xuất cho dễ để lừa người tiêu dùng cho sản phẩm hết hạn.,1,1,True,0.028900917612033766,0.9710990823879663
210,Mình hài lòng với sản phẩm nhận được và sẽ ủng hộ thêm khi có nhu cầu,0,0,True,0.9663800282256724,0.033619971774327614
211,Hương thơm:k biết Kinh nghiệm sử dụng:chưa dùng  Bảo có kèm quà tặng đến lúc nhận k có :))),1,1,True,0.0989023197895853,0.9010976802104147
212,"Shop đóng hàng rất ẩu luôn  Nhận hàng thì hộp móp méo,bị đổ hết cả ra Mong shop lần sau chú ý đóng gói cẩn thận hơn",1,1,True,0.005626256788006286,0.9943737432119937
213,"Phù hợp với loại da:ok Mùi hương:ok Công dụng:ok  mùi lạ hơn so vs nhiều lọ mình từng dùng nhưng k quá hắc, thơm nhè nhẹ thôi, dưỡng ẩm vừa phải k quá tốt",0,0,True,0.9808759341911065,0.019124065808893413
214,"Công dụng:tẩy trang  Đây vẫn là tẩy trang chân ái của mình Làm sạch da rất tốt, 2 lớp dầu nước lấy đi bụi bẩn rất kĩ càng 💯💯💯💯💯",0,0,True,0.9059072925717118,0.09409270742828817
215,"Chất liệu:cotton Màu sắc:nhiều  Chất lượng tuyệt vời, vượt xa mong đợi! Chất vải mềm mại, co giãn tốt và cực kỳ thoáng khí – mặc cả ngày vẫn thấy thoải mái, không bí bách hay khó chịu. Thiết kế ôm vừa vặn, không bị lằn hay tuột, mang lại cảm giác tự tin trong mọi hoạt động. Đường may chắc chắn, tinh tế, không gây cộm hay chà xát vào da. Ngoài ra, form dáng hiện đại, tôn dáng mà vẫn giữ được sự lịch sự, nam tính. Một món đồ cơ bản nhưng đầu tư xứng đáng – vừa chất lượng, vừa thẩm mỹ",0,0,True,0.9476341273286876,0.052365872671312375
216,"Nhận đc hàng nhưng bị móp từ hộp giấy bên ngoài đến hộp sữa bên trong, hơi buồn",0,1,False,0.10829023936756932,0.8917097606324308
217,Mẹo:xoa lên tóc Bao bì:cg đc Hương thơm:thơm nha  Nên mua nha mọii người oiii hình ảnh chỉ mang tính chất minh họa thoiii,0,0,True,0.996310572538741,0.00368942746125909
218,Chất lượng tốt. Nghe hay. Nhưng mới nửa tháng tai bên phải hư rồi,1,1,True,0.38150723628288025,0.6184927637171197
219,"Độ tuổi sử dụng:ok Chất lượng sản phẩm:ok  Hay mua đồ cho bé bên shop, shop ship hơi lâu mà dc cái nhiệt tình, giá rẻ, sẽ ủng hộ lần sau nếu có nhu cầu, sr vì hình và clip ko liên quan đến sp",0,0,True,0.9845942664395766,0.015405733560423332
220,"Chất lượng sản phẩm:Dùng app của Enfa A+ quét mã QR ra thông tin ENFAGROW A2 S3 800g thì shop bảo ko sản xuất loại như trên, ủa hoá ra tôi mua sữa giả🙃,",1,1,True,0.014790097960121318,0.9852099020398787
221,lừa đảo ghi tặng thêm quà 12/12 mà giao tới k có quà nhãn hàng lớn mà lừa thế chịu rồi,1,1,True,0.0022486793572003747,0.9977513206427996
222,Săn sale mua có quà balo vs bình giữ nhiệt. Shop giao ko có quà.,1,1,True,0.07361905996484785,0.9263809400351523
223,Hàng chính hãng không có gì để nói về chất lượng canh sale mua nè,0,1,False,0.421527133895514,0.578472866104486
224,"Giao hàng nhanh, đóng gói cẩn thận, đáng tiền mua, sẽ ủng hộ tiếp",0,0,True,0.9991749460966702,0.0008250539033298094
225,"Thùng hàng móp méo, rất tệ. Màu sắc thùng so với những lần trước mình mua cứ như hàng cũ, hàng giả vậy. Thất vọng",1,1,True,0.0005369353229474072,0.9994630646770526
226,"Bao bì/Mẫu mã:đẹp mã nhưng hàng rất dởm, tệ!  Sử dụng sấy tóc được khoảng 1,2 tuần đã nghe mùi khét nhẹ nhưng lúc đó nghĩ do hàng mới nên có mùi. Đến hôm nay ĐANG DÙNG THÌ BỐC CHÁY BÊN TRONG ĐỎ RỰC. Thực sự lúc nãy rất hoảng, bốc khói vàng đồng thời có tia LỬA bên trong, mùi khét nồng nặc. Chỉ mới mở máy chưa đầy 1 phút thì bốc cháy. CẢNH BÁO KHÔNG NÊN MUA!!! HÀNG RẤT TỆ. 💥💥💥",1,1,True,0.017298504400091324,0.9827014955999087
227,"Thay shop mall tưởng uy tín, mua lần 2 khui ra bể và phồng rộp 6 bịch, rồi k dám uống nguyên thùng, nt shop, shop keu để shop kiểm tra lại?",1,1,True,0.027760199333556407,0.9722398006664436
228,"Công dụng:tẩy trang làm sạch sâu dành cho da dầu, dưỡng ẩm nhẹ  Săn sale giá khá mềm còn được tặng thêm quà, thương hiệu này khá là ok nha",0,0,True,0.9989984862090534,0.0010015137909466741
229,Lợi ích:1 mat dau khoong  Chắc t sẽ kh mua lại kem chống nắng này vì có lẽ kh hợp nó châm chích mà bị bết cuối ngày thì đừng nói tới xuống tone da mặt đen lắm…da dầu thì càng đổ dầu thêm,1,1,True,0.081645501592943,0.918354498407057
230,Đóng gói sơ sài bị bể mấy bịch,1,1,True,0.0047252179679205435,0.9952747820320794
231,"Mua trên live shopee xử lí được giá quá ngon luôn. Sữa đặc ngon nha, pha cà phê tuyệt vời",0,0,True,0.9713361259307914,0.02866387406920856
232,Hình ảnh mang tính chất nhận xu  Shop giao hàng nhanh  Đóng gói cẩn thận,0,0,True,0.9984910270531587,0.0015089729468413717
233,"Mùi hương:thơm dịu, vừa phải  Lần sau sẽ tiếp tục ủng hộ shop, hàng chính hãng lại còn chất lượng, rất an tâm khi sử dụng.",0,0,True,0.9832380615865312,0.016761938413468822
234,"Mua 1 loại , gửi lại 1 loại khác là kiểu gì??????? Làm ăn quá chán. Ko chấp nhận đc",1,1,True,0.006722724663290713,0.9932772753367093
235,"Không nhận được sản phẩm km như giới thiệu,khiếu nại thì k giải quyết quá kỳ cục.",1,1,True,0.0017856929142601914,0.9982143070857398
236,Giữ nhiệt:giữ nhiệt lâu Chất lượng:tốt Thiết kế:dễ thương  Sản phẩm dùng tốt thiết kế dễ thương giữ nhiệt lâu,0,0,True,0.9540552552394637,0.0459447447605364
237,"Túi đẹp, đứng form, mẹ mình thích lắm. Hình ảnh và video chỉ mang tính chất nhận xu.",0,0,True,0.9986150955116208,0.0013849044883792695
238,Giao nhanh đúng mẫu đóng gói kỉ lắm mới đặt đây mà đã giao rồi cô gái hà lan đã dùng nhiều rồi,0,0,True,0.9531093885422983,0.04689061145770169
239,Ghi đc tặng giấy ướt mà nhận đc k có,1,1,True,0.013868135917596355,0.9861318640824036
240,Gửi hàng sắp hết hạn sử dụng. Mình có yêu cầu hoàn tiền mà 15 ngày rồi chưa nhận đk tiền. Rất bức xúc vs đơn hàng này. Mang tiếng hàng chính hãng. Chat vs shop thì k được phản hồi. Tóm lại là thất vọng,1,1,True,0.011229640144915379,0.9887703598550847
241,"Thật sự khâu đóng gói của shop càng ngày càng tệ . Mình nhận được hàng trong tình trạng đóng gói xơ xài có vết bẩn , hạn sử dụng con bị bay mất 1 nửa , đơn có quà tặng thì không thấy đưa quà 🥲. Mình mong nhãn hàng có thể cải thiện việc đóng gói được sạch sẽ và chỉnh chu hơn để có thể mang lại sự yên tâm với khách hàng",1,1,True,0.26408723298640396,0.7359127670135961
242,xl hình ảnh chỉ mang tc minh hoạ. Đã nhận son màu siu ưng nhen,0,0,True,0.9616947763309641,0.03830522366903596
243,"Chất lượng sản phẩm:ok Tính năng nổi bật:ok  nói chung là xài ổn áp, tui thấy shop bán đồ xài bền, ok sẽ ủng hộ shop tiếp nhe hehe",0,0,True,0.9962646924845971,0.003735307515402912
244,Cbi hàng nhanh nhưng giao cực lâu sản phẩm tốt nưbsbuswj sư iw,0,0,True,0.6434237786958166,0.3565762213041834
245,"Có khung dán dễ. Nhưng khi sài thì k bền lắm, rớt ở độ cao khoảng 15cm là cái màn hình đã nứt 1 góc r.. lần đầu nứt là do lỗi người dùng.. chứ lần 2 nứt là do chất lượng r.. rẻ nên chắc k đc bền.. mua sài",1,1,True,0.015195264527547492,0.9848047354724524
246,San pham tot rat on dung giu dc lau k bi anh huong boi tac dong nao,0,0,True,0.9811665645964348,0.018833435403565173
247,"Ảnh mang tính chất nhận xu, thông cảm, đã nhận được hàng, cũng nhanh, mua lần đầu rồi ok lắm, sẽ ủng hộ tiếp nếu co dịp tiếp",0,0,True,0.9986656332017119,0.0013343667982881138
248,Hình ảnh và video mang tính chất nhận xu  Thời gian giao hàng nhanh,0,0,True,0.9866527119763719,0.01334728802362801
249,Đóng hàng vận chuyển quá kém,1,1,True,0.01312499663565303,0.986875003364347
250,hàng tốt. giao hàng nhanh  shop đóng gói cẩn thận.  sẽ ủng hộ shop lâu dài,0,0,True,0.9989520991693994,0.0010479008306006575
251,"Hương vị:ok Bao bì/Mẫu mã:ok  Sale ko đk bn, ổn ok :  đã mua nhiều laaf  rôfi. Mua lại mà sale ít quá,",0,0,True,0.8650764482347516,0.13492355176524848
252,"Sản phẩm đúng mô tả, đóng gói cẩn thận, sẽ tiếp tục ủng hộ shopp",0,0,True,0.9812540035071624,0.018745996492837536
253,"mua 1 lần mà dính tới giờ, dùng sướng lắm mọi người ơiiiii, nên mua nkaaaa",0,0,True,0.5214395422745991,0.47856045772540085
254,Mấy lần trước mua bình thường lần này mua bị bể mấy bịt sữa nhận khui ra nó chua lè hôi rình thùng sữa định trả hàng mà tội nghiệp shipper vận chuyển tới lui nên đem rửa sạch mấy bịt kia lại M biét có uống được không nữa,1,1,True,0.002896528991152114,0.9971034710088479
255,Ghi tặng quà mà lại kg tặng. Treo đầu dê bán thịt chó.,1,1,True,0.0024676115736704807,0.9975323884263295
256,Sop dao thiếu hang qua tặng kèm một chải dau  I’m,1,1,True,0.00860002621377276,0.9913999737862271
257,"Đã nhận được hàng, giao nhanh đóng gói cẩn thận sau sẽ ủng hộ tiếp",0,0,True,0.9995953696231691,0.0004046303768308706
258,Không có quà tặng kèm theo như mô tả,1,1,True,0.010309200863125997,0.989690799136874
259,"Bao bì:sản phẩm trầy  Máy công suất có đúng là 2800 k, hồi đó dùng máy 2200 mà còn mạnh hơn. Máy có mùi, k biết dùng lâu có hết k",1,1,True,0.3119339513884349,0.6880660486115651
260,Bảo mua 1 tặng 1 mà đem về chỉ có 1,1,1,True,0.025437389418379548,0.9745626105816205
261,Kiểm soát dầu:giống như shop gửi hàng đã qua sử dụng rồi á thấy ko có van hay đóng kem kỹ j hết đóng gói còn ko kỹ càng nhìn là biết không chất lượng rồi thôi không nên mua đâu,1,1,True,0.05045088316665084,0.9495491168333491
262,Mua mấy lần rồi nhưng lần này thất vọng quá. Thùng hôi sữa bể ươca thùng mà còn ráng đóng gói kĩ để giao khách lun,1,1,True,0.010746998821199635,0.9892530011788004
263,Làm sáng da:da trắng hơn sau khi sử dụng Dưỡng ẩm:cấp ẩm sâu và mềm mượt Khả năng thẩm thấu:thẩm thấu nhanh Mùi hương:mùi thơm nhẹ,0,0,True,0.9915177545349078,0.008482245465092322
264,Shop đóng hàng cẩn thận. Sản phảm có mùi thơm  dịu nhẹ dndnskd j,0,0,True,0.9690406593389561,0.0309593406610438
265,Dành cho da:Ko nhớ Công dụng:làm trắng Mùi hương:mùi thơm  L’Oréal thì ko cần phải nói nữa rồi ạ. Mình mua không biết nào nhiêu lần rồi ạ. Đóng gói lại rất kĩ nữa. 10₫ Ko có nhưng,0,0,True,0.9258464506592651,0.07415354934073497
266,"Sản phẩm nhận không như mong đợi, mỏng, nón không được cứng cáp, đội mất form không đẹp 👎👎",0,1,False,0.00918251364699422,0.9908174863530057
267,2 lần mua liền nhau mà o đơn nào có quà hàng lần nào đến tay thì cũng nát,1,1,True,0.08503837944913983,0.91496162055086
268,"mua bn lần sàn khác k sao, mua 1 lần trên đây tởn đến già. nhận hàng mà sock bởi cách đóng gói :)))",1,1,True,0.015458406536527821,0.9845415934634721
269,"Hàng họ ko đến nỗi nào. Mà nhìn cái hộp và cách đóng gói đúng kiểu cẩu thả vô trách nhiệm. May mà vừa size.....!!!!      Mọi người trước khi mua hàng nên để ý những cmt 2 sao hoặc 3 sao. Đừng quá mải mê với những cmt 5 sao vì có thể những cmt đó là của chim lợn hoặc chim mồi. Hoặc chỉ đơn giản là nhưng cmt đó của những người dễ tính hoặc chưa trải nghiệm sản phẩm kỹ đã vội vàng cmt Đã nhận được sản phẩm và đang trong quá trình Test. Nếu ổn sẽ quay lại Review chi tiết hơn về sản phẩm này. Mọi người khi mua hàng hãy cứ trải nghiệm sản phẩm trong một khoảng thời gian để có cái nhìn rõ nhất về sản phẩm. Rồi hãy quay lại đánh giá sản phẩm một cách khách quan và chi tiết nhất có thể, cũng như yêu cầu trả lại sản phẩm nếu như thấy nó không xứng đáng với số tiền đã bỏ ra. Hãy là người mua hàng thông thái và hãy giúp những người mua sau có cái nhìn chi tiết nhất về sản phẩm mà họ định mua. Cùng nhau chung tay loại bỏ đám gian thương lưu manh chộp giật!!!",1,1,True,0.029725855941078017,0.970274144058922
270,Độ tuổi sử dụng:1-3 tuổi  Lần đầu mh mua. Mà đã mạnh dạn làm combo vì thấy nhiều đánh giá tốt. Nhưng hàng của mh khi nhận 1 hộp bung cả nắp. 😒 Hoang mang về chất lượng bột bên trong luôn 😢,1,1,True,0.3436337967603961,0.6563662032396039
271,"Bao bì:nhìn như hàng cũ v á tr băng keo dính hết tay luôn Lợi ích:chưa biết Hương thơm:chưa biết  Lúc trc mua ngoài tiệm thấy loại simple xanh lá này sài ổn nên mua lại,lần này mua onl thử thấy fback đánh giá tốt quá tr mà trải nghiệm hàng như cj luôn ấy Chưa sd nhưng mở hộp ra là thấy ko chống sốc cx ko có bọc hàng lại luôn! V mà 94🍀 t mua ngoài tiệm có 8 mấy cành mà hàng siu tốt luôn á . rồi thấy shop để tặng quà vaseline j đó cx no luôn!  Ko có j ngoài cái hộp vs chai srm keo ko còn bụi nữa như hàng tồn kho, hàng cũ v â tr Lần đầu tiên mua onl mà có trải nghiệm tệ vậy luôn á hàng gói sơ sài mà giá còn mắc hơn ở ngoài nữa :""))",1,1,True,0.010195706159542461,0.9898042938404575
272,Hàng dể đổ vỡ nên đặt giao thường hang hoa bi hư. Mua hàng nên đặt hoả tốc còn không không nên mua nha.,1,1,True,0.03555284243012765,0.9644471575698724
273,"Kinh nghiệm sử dụng:mua 3 max sản phẩm , mã nào cũng có quà mà gửi về k có 1 cái quà gì . Sop bịp à Mẹo:k bao giờ quay lại mua lần nào nữa , làm ăn chán kinh",1,1,True,0.014789033510575034,0.9852109664894249
274,Chất lượng:ok Độ ngọt:ok  Sp ok. Ảnh và video chỉ mang tính chất nhận xu. Săn sale,0,0,True,0.9962154332512335,0.0037845667487664083
275,Ủa là sao ta là gửi trả đồ lại không hoàn tiền lại cho mình xong rồi chặn không cho mình nhắn tin nữa à shop ơi….,1,1,True,0.005468133727412357,0.9945318662725876
276,"Lợi ích:sangs da, mờ thâm  Serum mùi dễ chịu, thấm nhanh cũng khá phù hợp với da hỗn hợp thiên dầu, hiệu quả làm trắng chưa rõ lắm cần sử dụng lâu dài",0,0,True,0.9915892358834313,0.008410764116568806
277,phấn bị tràn ra ngoài là sao???,1,1,True,0.02969633709888131,0.9703036629011187
278,"Ghi tặng quà mà ko có tặng khách hàng, sau đó hỏi thì bảo fai chọn vào mua chỗ deal sốc. Cả 1 hãng lớn mà nhập nhèm ko rõ ràng",1,1,True,0.0039535304059612475,0.9960464695940386
279,Chất lượng sản phẩm:cx ok Độ tuổi sử dụng:bé vs người lớn đều sài đc  Mk dùg thử thấy da mềm hẳn sản phẩm đág mua nha ạ,0,0,True,0.9576178429151471,0.04238215708485288
280,"Hình ảnh không liên quan, sản phẩm chất lượng nên mua nha mọi người",0,0,True,0.9616180954357404,0.03838190456425949
281,Đóng hàng cẩn thận mà vẫn bị 1 lọ bị đổ ra ngoài dó dán băng dính ko chắc chắn,1,1,True,0.028261708310950834,0.9717382916890491
282,"mua cho mẹ dùng, mẹ mình chỉ dùng mỗi hãng này thui, rẻ mà ok lắm nha",0,0,True,0.9905090826474434,0.00949091735255659
283,"Sản phẩm tốt chất lương giao hang nhanh chong sẽ tipe tuc ung ho them nua, hinh anh chi mang tinh chat nhan xu",0,0,True,0.9997417653031254,0.00025823469687463534
284,Giao hàng nhanh đóng gói kỹ cảm ơn shop sẽ mua thêm lan sau nữa d,0,0,True,0.999067225979103,0.0009327740208970604
285,Bao bì/Mẫu mã:đẹp Độ tuổi sử dụng:5 tháng Chất lượng sản phẩm:mới sử dụng chỉ ngày bú 60ml kèm bú mẹ  Nhưng thấy bé đi ị ít có ngày k đi ị sowj bé bị táo,0,0,True,0.532412206797316,0.46758779320268395
286,"cả khâu đóng gói và giao hàng đều thiếu trách nhiệm ,dẫn tới việc hàng tới tay khách bị móp méo ,rách cả hộp",1,1,True,0.008099980733437465,0.9919000192665625
287,"thấy có mua 1 tặng 1 trên live nên bấm mua ngay, nhưng mở ra chỉ thấy có 1 chai, còn chai nhỏ quà tặng thì không có Thế thì để deal làm gì, treo đầu dê bán thịt chó à",1,1,True,0.017073611543931166,0.9829263884560687
288,"shop chuẩn bị hàng nhanh đóng gói thì sơ sài,sữa bị vỡ hôi thối mong shop cẩn thận hơn định trả hàng mà lại thôi hoan hỉ",1,1,True,0.37828191292903046,0.6217180870709695
289,Bao bì xinhhhhh xẻo ship hàng siêu nhanh luôn ạ đóng gói cẩn thận,0,0,True,0.9834955775199955,0.0165044224800045
290,Shop ghi tặng bàn chải nhưng không thấy bàn chải. Haizzzzzzz,1,1,True,0.0030099966137558942,0.9969900033862441
291,Chất lượng chăm sóc khách hàng quá tệ,1,1,True,0.0018758115255083825,0.9981241884744917
292,Kinh nghiệm sử dụng:dung lam kho toc Mẹo:say toc Bao bì:tam tam  Sản phẩm dùng cũng ok nha mọi ngươi kho toc nhanh,0,0,True,0.9693647560906041,0.03063524390939586
293,"Phù hợp đi du lịch, sạc tầm 2 tiếng và cạo khá sạch. Hình ảnh và video mang tính nhận xu",0,0,True,0.9622342545053382,0.03776574549466186
294,Nói là tặng kèm mà k có gì .,1,1,True,0.010717405926182125,0.9892825940738179
295,"Giao hàng nhanh, loại này hợp với dân văn phòng ít ra ngoài như mình, bôi lên k bết rít, thấm vào da liền",0,0,True,0.7094470022238393,0.29055299777616067
296,"Lần đầu mua hàng của shop, đóng gói chỉnh chu, sản phẩm đẹp nhưng mọi người đặt nên lên 1 size để mang thoải mái hơn chút nhé",0,0,True,0.8310300692669986,0.1689699307330013
297,Mình bấm vào giỏ hàng mình mua mình có thấy để quà tặng nhưng mình nhận hàng thì không có quà tặng,1,1,True,0.024231710788234828,0.9757682892117652
298,Mk mua trang chính hãng mà bị bẩn với móp lọ như hàng giả vậy á,1,1,True,0.013602900329226508,0.9863970996707735
299,"Công dụng:comdoms  Good, đã mua nhiều lần! Sẽ ủng hộ tiếp",0,0,True,0.9978880209103392,0.0021119790896607133
300,"Mùi hương:thơm Tính năng:sạch Chất lượng:ok  Giao hàng nhanh Kỳ này shop tặng chai nước sát khuẩn Và bịt xà bông thơm Okela,  Sẽ tiếp tục ủng hộ shop.",0,0,True,0.9966811827718774,0.003318817228122479
301,"Mùi hương:mùi dừa dễ chịu Chất lượng:đã dùng chai thứ 2, răng miệng sạch , thơm hơn, dễ uống, đã giảm dk 1 chút chút, sẽ mua và ủng hộ shop lâu dài.",0,0,True,0.996980440342559,0.0030195596574410905
302,"Shop làm ăn tệ dã man, kem nền giao sơ xài bung nắp, ko bọc sốp ko lót carton, khách báo thì nói khách xài hàng rồi nên bung nắp. Mua lần đầu cũng như lần cuối. Cskh quá sức tệ, gian dối. Trả hàng thì báo khách xài rồi nên bung nắp trong khi shop giao hàng bung nắp cho khách trong khi là hàng thuỷ tinh",1,1,True,0.0024759282962133478,0.9975240717037867
303,Gửi date cận quá mua 3 thùng mà date tháng 6 sao uống kịp,1,1,True,0.045633590487187924,0.954366409512812
304,Hương vị:sữa có vị ngọt tự nhiên và dễ uống Bao bì:thùng 48 bịch rất tiện lợi  Hình ảnh và video mang tính lấy xu,0,0,True,0.910497491634174,0.0895025083658259
305,Trước khi nhận hàng cả nhà nhớ mở ra xem lại...giao sản phẩm hết hạn sử dụng... không đúng hàng...xem kĩ trước khi nhận hàng,1,1,True,0.007061508028723036,0.992938491971277
306,"Hàng chính hãng, date xa. Hay khan hàng, toàn phải dự trữ. Giao hàng nhanh, đóng gói cẩn thận",0,0,True,0.9390265116769356,0.060973488323064366
307,"Hình ảnh mang tính chất minh họa, chất lượng tốt, biết thẳng 5 sao",0,0,True,0.9299951245544804,0.07000487544551959
308,"Chất lượng sản phẩm:đặt sữa này giao sữa khác 400g, làm khó không cho trả hàng hoàn tiền",1,1,True,0.006226076425126144,0.9937739235748738
309,Gửi toàn hộp bị móp méo,1,1,True,0.004835994719555574,0.9951640052804445
310,"Đồ của rẻ nhưng chất lượn, cấp ẩm tốt giao hàng nhanh sẽ vẫn ủng hộ shop",0,0,True,0.9704824292807027,0.02951757071929727
311,"Kinh nghiệm sử dụng:chuwa dungf bao gio Làm đẹp:sach da mun Mẹo:lan dau dùng  Thấy quảng cáo srm lành tính mình mua về dùng thử, giá cả thì lhair chăng, chưa dùng. Da lại hay lên mụn nếu phù hợp mình sẽ mua lại nhé",0,0,True,0.9632952149527787,0.03670478504722136
312,Dù shop có nói tặng kèm quà nhưng nhận đc hàng thì ko có,1,1,True,0.006090329844070393,0.9939096701559297
313,"Quảng cáo có tặng quà, lúc giao thì k có. Haizzz",1,1,True,0.004807342132426655,0.9951926578675735
314,Vòi bị kẹt không ấn được dầu gội ra,1,1,True,0.006144720067728667,0.9938552799322714
315,"Lỡ đặt nhầm 2 hộp sirum ban đêm, đã yêu cầu huỷ đơn hàng cho shop( huỷ khi đang chờ shop xác nhận đơn hàng) để đặt lại 1 sirum ngày, 1 sirum đêm thế mà shop ko đồng ý, vẫn cố gắng gửi cho tui 2 hộp đêm!!!",1,1,True,0.009694806189500693,0.9903051938104994
316,"Giao hàng nhanh, sản phẩm y hình Đóng gói cẩn thận. Nhân viên giao hàng nhiệt tình",0,0,True,0.953804598075477,0.04619540192452304
317,Đây là lần thứ 2 nhận hàng shop giao k gửi kèm hàng tặng như mô tả,1,1,True,0.011292845993573164,0.9887071540064268
318,100k có giá của 100k này ngoài tiệm bán chắc là k dưới 200,0,1,False,0.14840873849222833,0.8515912615077718
319,Dưỡng tóc:ok Giảm gãy rụng:ok  Hình ảnh chỉ mang tính chất nhận được xu .mn nên mua nhé ạ..,0,0,True,0.9925543179413804,0.007445682058619647
320,giao hang  nhâh dong goi can  than dung bi kich ung ca 2 ng bi . zz,1,1,True,0.49649045727843166,0.5035095427215683
321,"Mẹo:sấy từ trên xuống dưới tóc sẽ thẳng Bao bì:cực ok Kinh nghiệm sử dụng:mùi thối  Đặc biệt cực ồn , shop tư vấn nhanh nhưng toii ko hài lòng lắm 😃😃",1,0,False,0.5730831150329967,0.4269168849670033
322,Sao ko thấy có qua tag vay shop.hình dag có mà mua ko có ak.,1,1,True,0.031104799060546046,0.9688952009394539
323,Bao bì:tam Kinh nghiệm sử dụng:tam  sản phẩm bị xước nhắn cho shop thì shop kêu gửi video nma trên bill shop không hề có chữ bóc hàng phải quay video thì lsao khách hàng quay video đc. Nói chung chăm sóc khách hàng tệ!!,1,1,True,0.006186244534432506,0.9938137554655674
324,Gói hàng nhìn cx hơi thảm nha  Sợ đi xa va đập nó bể hàng í  Giao hàng nhanh Simple mình dùng qua chai t5 rồi  Nên mua thử nhé,0,0,True,0.9854648148329348,0.014535185167065251
325,Hình ảnh và video mang tính chất minh họa nhận xu. Chỉ xài loại này,0,0,True,0.9634170065724744,0.03658299342752545
326,"Đóng hàng ẩu, đặt lần 1 thì tự dưng bị huỷ đơn, đặt lần 2 thì đóng ẩu hàng bị vỡ ra ướt hết nhưng ko có chính sách đền bù cho khách. Ko sát sao, ko đúng hẹn trả lời kiến nghị của khách",1,1,True,0.0003747037767991568,0.999625296223201
327,"Độ đều màu:đều màu Nâng tông:nâng tông nhẹ, tự nhiên Chất lượng:mịn, dễ tán đều  sản phẩm rất tốt nhé nên mua",0,0,True,0.9924023403607013,0.007597659639298727
328,"Độ mềm:mềm va khong bi xo bong Xơ bông:kh  Bông tẩy trang của hãng thì nổi tiếng rồi. Dùng tốt nha mọi người, không tốn quá nhiều nước tẩy trang",0,0,True,0.6691603345109355,0.3308396654890645
329,"👎🏻👎🏻👎🏻👎🏻 Trên live thì tư vấn cho hay để KH mua, đến khi về sd thì nổi mụn viêm, mụn đầu trắng, nt cho shop thì bảo đợi 4-5 ngày sd lại đến hơn 10 ngày sd lại vẫn bị kích ứng, nt hỏi thì tư vấn 1 đường trên live thì nói 1 nẽo, da t rất bt cho đến khi cứ sd toner này là có vấn đề, t sd BHA cách ngày xuyên suốt, nếu đã đẩy mụn thì đẩy từ lúc t mới dùng BHA rồi chứ cần gì dùng đến toner này rồi bị đẩy mụn @@, dùng 1 lần là đã lên mụn viêm mà nói đẩy mụn t cũng ạ , nt nói đến vấn đề da t đang gặp phải thì bác bỏ , da t t ko biết hay gì mà ngồi khẳng định da t ko phải lên mụn viêm nói như đúng rồi 🙏",1,1,True,0.036745906442125865,0.9632540935578741
330,"Thơm thích hợp với mùa lạnh nha , ai mà k thích kiểu bị ngấy quâ thì k lấy loại này nha , mình sài mùi như kiểu trong rạp chiếu phim ấy , riêng cá nhân mình thích mùi kiểu thanh thanh hơn mát mát thảo dược hơn nè , nhma sài quen thì thấy oki",0,0,True,0.818604217631418,0.18139578236858198
331,"Tốc độ:nhanh kho toc Kích thước:nho gon, de dung Thiết kế:don gian  đã mua 2 cái, phù hợp giá tiền, 2 chế độ nóng lạnh phù hợp",0,0,True,0.9556523039041146,0.04434769609588537
332,Lừa đảo mua 4bich giao 2bich tính tiền 4 bich,1,1,True,0.046121406722983406,0.9538785932770167
333,"Mẹo:ok Lợi ích:ok Bao bì:ok  Hình ảnh chỉ để nhận xu, hàng chất lượng, cảm ơn shop nhé",0,0,True,0.9837739779178157,0.016226022082184297
334,"Mùi hương dễ chịu, lưu hương, tinh chất thoa lên tóc thấy suôn mượt",0,0,True,0.9671724036512194,0.03282759634878068
335,Mua lần trước có tặng1 lốc sữa. Mua lần này lại không tặng. Hóa đơn lúc mua là 315k. Nhắn tin shop không phản hồi. Chán ghê,1,1,True,0.005213734437010638,0.9947862655629893
336,đăṭ tắm gội giao sữa tắm không,1,1,True,0.0635562330134094,0.9364437669865907
337,"chưa màn đến chất lượng, nhưng nhìn packaging như để trong kho rất lâu rồi, nhìn rất bẩn nhé, tại không có thời gian ra shop mua nên mới đặt nma không hài lòng tí nào 🤡",1,1,True,0.2638331247015217,0.7361668752984784
338,"Không biết sản phẩm mọi người dùng như thế nào nhưng mình dùng bị châm chích rất nhiều, rất ngứa",1,1,True,0.13821505957625846,0.8617849404237417
339,Làm sạch:sạch Hương thơm:dịu  Sao bảo tặng nước tẩy trang  Có tặng đau trời Shop gì kì thế trời Quá đẳng cấp,1,0,False,0.6124146477038791,0.38758535229612096
340,sản phẩm không giống hình gửi trả son mà nói serum con mẹ tụi m hãng lớn mà làm ăn như quần què người ta,1,1,True,0.0031268203653262625,0.9968731796346737
341,Trên like thì nói mua 2 chai 1l sẽ đuoc tặng 1 chai 500ml nhận hàng thì ko có chai 500ml phản hồi thì kiu quà tặng hết vậy trên like nói tặng chai 500ml chi vậy còn nói trong hình 3 chai sẽ nhận về 3 chai yh vậy nói mà ko có gian dối mua lần 2 rùi mà thất vọng ko bao giờ mua lại shop này,1,1,True,0.0012116691308367011,0.9987883308691633
342,Chất lượng:được tặng 1 lọ dầu gội đầu thank shop,0,1,False,0.16739131887336886,0.8326086811266311
343,Bao bì:ok  Đã sd h ms đánh giá . Mát lạh khi đắp . Sau 3 ngày thôi đã thấy cải thiện chút ít rồi. Rất đáng mua nh,0,0,True,0.8266087253751316,0.17339127462486847
344,"Chưa kể đến công dụng đi nhưng nhận hàng đã thấy ko ưng, ko có seal, làm sao biết dc là hủ kem mới hay đã dùng rồi ? Hộp móp méo ko giống hàng mới, ko có seal kem ko chảy nhưng nó đã loang ra nắp nhìn ko vừa ý, cả chai serum và cả hủ kem đều k seal mở ra cái 1 sao biét chắc chưa ai khui ra test thử",1,1,True,0.0034407962925136295,0.9965592037074864
345,Giao hàng nhanh đóng gói cẩn thận chất lượng tốt phù hợp với giá thị trường Việt Nam okkkk,0,0,True,0.9920736590007032,0.007926340999296856
346,Mùi hương:thowm Chất lượng sản phẩm:tốt Đối tượng sử dụng:mọi  Mình dùng không biết bao nhiêu chai rồi.Phù hợp với ai có da đầu yếu và nhạy cảm như mình.,0,0,True,0.9367668656835674,0.06323313431643272
347,Sản phẩm cũng ok mình dùng chai thứ 3 rồi thây cũng ổn áp,0,0,True,0.939191570476846,0.06080842952315398
348,"Shop đóng gói ẩu sữa bị chảy ra tè le hết, may khui ngay chứ để mấy ngày mới khui chua lè thúi quắc luôn",1,1,True,0.0035211183609115126,0.9964788816390885
349,Cùng 1 chai dầu gội mua shop và siêu thị  Chai siêu thị thơm mượt còn chai shop mua thì ko thơm ko mượt. Ê nha nghi shop bán lắm á,1,1,True,0.40142577396624307,0.5985742260337569
350,"Mua được sữa với giá hời , hàng chính hãng nen yen tam mua cho con ạ",0,0,True,0.9457803995676212,0.054219600432378834
351,"Phù hợp với loại da:ok Mùi hương:ok Công dụng:ok  Chưa sử dụng nên chưa biết, thấy shop kèm theo quà chu đáo, ok good",0,0,True,0.9756087276305573,0.024391272369442867
352,"Mùi hương:không mùi Dành cho da:dầu, nhạy cảm, thường Công dụng:làm sạch da, giảm dầu, mụn, khoá ẩm làn da, giúp da sạch, sáng, mịn màng.",0,0,True,0.9959683092237035,0.004031690776296475
353,"Mùi hương:khoong cos Dành cho da:nhạy cảm Công dụng:rửa mặt  đã mua lần 2, shop mall nên rất yên tâm, mọi người nên mua nhen , hình ảnh chỉ mang tính chất minh hoạ để nhận xu thoy",0,0,True,0.9989818534079938,0.001018146592006161
354,Giao hàng mẫu cũ. Cho 1 Sao,1,1,True,0.045300232370025194,0.9546997676299748
355,"Sữa bị chua, vón cục, bà ngoại đem đổ chưa kịp chu0j hình",1,1,True,0.019144529926272986,0.980855470073727
356,Kinh nghiệm sử dụng:Chưa kinh nghiệm nhưng sài rất dễ Bao bì:thiết kế đẹp nhìn sang Mẹo:sản phẩm tốt,0,0,True,0.7394027334690834,0.2605972665309167
357,"Chất lượng sản phẩm:tot Đối tượng sử dụng:nhieu nguoi Mùi hương:thom mat, diu, huong tao  giao hang nhanh, goi hang ki cang, gia re hang mall",0,0,True,0.9968035461009115,0.0031964538990885793
358,"Hiệu quả:cạo sát lông, đều và không làm đau da Thiết kế:sáng đẹp  Không có điểm gì để chê",0,0,True,0.5955192438873635,0.4044807561126364
359,"Giao hàng k thèm kiểm, giao cái mũ rỉ sét cho người ta.  Mà bấm trả hàng thì đợi mòn mỏi không tới lấy hàng trả, xong báo là hết thời gian lấy hàng. Quá xàm!!!  Dịch vụ đổi trả bên shoppe so với toptop quá tệ, bên toptop trả hàng là ngày mai có ng tới lấy liền. Mình bị mấy lần rồi á.",1,1,True,0.000980683853840943,0.999019316146159
360,Kinh nghiệm sử dụng:lừa đảo  Shop mall lừa đảo giao thiếu hàng,1,1,True,0.012918536733155461,0.9870814632668444
361,K có tặng gì hết mà nói tặng kèm quà,1,1,True,0.004304938849519879,0.9956950611504801
362,"Gel hợp với loại da hỗn hợp thiên dầu, xài mỗi tối giúp giảm mụn tốt",0,0,True,0.9147437869653355,0.08525621303466453
363,lỡ mua vị không đường huhuuu vị rất ngon rất béoooo nhma hơi bùn một tí,0,0,True,0.6986330578157006,0.3013669421842995
364,"do vận chuyển hay do thời tiết mà kem nền nó lỏng kinh khủng, che phủ không ổn như rv mà còn màu tối hơn trong ảnh, xài cũng được mấy lần cứ tưởng là từ từ nó bớt lỏng lại ai dè nó vẫn lỏng như sirum",1,1,True,0.01142367861119579,0.9885763213888042
365,"Mua hẳn kem nên của hãng mà kh bóc ra thấy cái chai kh, kh thấy hộp bao bì sản phẩm luôn á trời, lần đầu tiên mua hàng mà gặp tình trạng này",1,1,True,0.010872520146175383,0.9891274798538247
366,"Bao bì/Mẫu mã:Đúng Công dụng:sấy tóc  Gió mạnh cực, săn đc giá oke",0,0,True,0.9782923824332811,0.02170761756671895
367,"Chất lượng sản phẩm:nhựa Tính năng nổi bật:chưa biết  Sản phẩm tuyệt vời, đúng với mô tả. Giao hàng nhanh chóng, shipper thân thiện dễ mến",0,0,True,0.9970458542070045,0.0029541457929954822
368,"Shop giao hàng nhanh, sản phẩm nguyên seal mùi thơm lắm. Shop phải kiểm tra lại nguồn hàng xem sao chứ cùng 1 nhóm dưỡng trắng mà cái mùi chai này thì thơm như cái hộp kem dưỡng đợt trc mình xài hết rồi. Còn đợt này mua lại hộp kem dưỡng ban đêm thì thấy nó hôi lắm, hắc mùi hoá chất ko chịu đc. chứ ko thơm dễ chịu như trc",0,1,False,0.3077701619907132,0.6922298380092867
369,Hàng bị lỗi nhắn tin shop thì k trả lời,1,1,True,0.0010342457767408275,0.9989657542232592
370,Sản phẩm thơm dưỡng tóc mượt lắm luôn. Thơm mấy ngày vẫn còn mùi luôn . Đỉnh lắm mn nên mua. Ạ 🥰🥰🥰🥰😚😚😚😚,0,0,True,0.9841198842324946,0.015880115767505323
371,Làm đẹp:OK tốt Lợi ích:tốt Bao bì:đẹp  Sản phẩm ok,0,0,True,0.9572434991277513,0.04275650087224863
372,"Mã qr ko quét dc, hàng gửi về móp méo, sp là hàg giá trị cao mà đóng gói kém chất lượng",1,1,True,0.015876391603324064,0.9841236083966759
373,"Em nắp xanh nhạt không có lớp dầu recommend cho các nàng da nhạy cảm, không make up, dùng không nặng da mà vẫn sạch. 10đ cho chất lượng mà giá lại rất phải chăng.",0,0,True,0.6250446224058454,0.3749553775941547
374,"Làm đẹp:beauty Mẹo:nope Bao bì:okay  Hình và clip không liên quan em chỉ mún nhận xu Tuy nhiên sản phẩm dùng rất tốt hợp với da dầu mụn, rửa rất sạch khôgn khô da hihi",0,0,True,0.9968595313537388,0.0031404686462612797
375,"Ảnh mang tínb minh hoạ, mũ xinh form hơi nhỏ nhưng đội oke đấyy",0,0,True,0.9490798167000278,0.05092018329997212
376,Mùi hương:không biết myif gì nhưng dịu lắm Công dụng:dưỡng ẩm Dành cho da:mọi loại da  Nên Sài nha mọi người bao cấp ẩm luôn thấm nhanh Bôi xong nhìn da căng bóng thích lắm,0,0,True,0.9963743364932238,0.003625663506776154
377,"Bao bì hơi bẩn, trầy nhiều. Hiệu quả để sử dụng một thời gian mới biết đc",1,0,False,0.8292719892751169,0.17072801072488317
378,"Mùi hương kg lâu nhạt mùi ,cẩn cải thiện lại sp tốt hơn",1,0,False,0.7236465049585291,0.2763534950414709
379,"Bao bì:thiet kế và bao bì đựng đẹp Làm đẹp:sản phẩm dày dặn, chất lượng, rửa mặt bằng miếng mút này sạch và mền da",0,0,True,0.9182458711161307,0.08175412888386933
380,Chất lượng sản phẩm:ổn Tính năng nổi bật:tạm  Thiếu mã QR để quét dịch thuật AI,1,1,True,0.4497912744794879,0.550208725520512
381,Để trong khung giờ mua có quà tặng.mà giao chả thấy quà đâu.đúng là lùa gà.,1,1,True,0.0052946298315019735,0.9947053701684979
382,Giao hàng nhanh Đóng gói cẩn thận Săn sale giá rẻ  Thấy hàng khá ok,0,0,True,0.9985424813952776,0.00145751860472244
383,"Mua 3 sản phẩm bao gồm: kem, serum, toner đã sử dụng 2 ngày cảm thấy da căng bóng nhưng mà bị lên mụn",1,1,True,0.47641507812954603,0.5235849218704539
384,"Bút khi viết còn hay nghẹt mực,nhìn chung sản phẩm ổn,bút ghi êm",0,1,False,0.3341650654352811,0.6658349345647189
385,"Làm sạch dịu nhẹ. Sản phẩm ko chứa cồn nên ko gây khô da nha. Tuy nhiên, về góc độ làm sạch thì chấm đc 7/10",0,0,True,0.8507523033867018,0.14924769661329826
386,Mới mua về mà xước quá trời luôn,1,1,True,0.13669859444955965,0.8633014055504403
387,Mùi hương:thom Dành cho da:mọi loại da Công dụng:chống nắng  Kem chống nắng sử dụng tốt k bết rích làm dịu da lần sau sẽ mua ủng hộ tiếp ạ kkkkkkkkkkk,0,0,True,0.9977486614827907,0.0022513385172093204
388,Shop giao hàng nhanh đã mua của shop nhiều lần giá cả phù hợp phải chăng,0,0,True,0.9403641573186577,0.059635842681342255
389,Làm đẹp:rửa  mặt Kinh nghiệm sử dụng:2 nam Hương thơm:dễ chịu  Sản phẩm  ok dịu nhẹ  giao hàng  nhanh shipper  thân thiện  dành  cho da khô,0,0,True,0.9995519243269079,0.0004480756730921444
390,"Thấy mọi ng review nhiều nên mình đặt về thử nha , dùng thử nếu ok sẽ fback",0,0,True,0.9835638729444364,0.016436127055563642
391,Sữa đỗ bể chảy tùm lum k giải quyết 😡😡😡😡,0,1,False,0.004010344647086865,0.9959896553529131
392,"Hàng ok chất lượng tốt,kem sài ok lắm nha mọi người,kem dưỡng ẩm ban ngày nhưng mình sài ban đêm luôn,ngủ thức dậy da mềm với bóng cực,nói chcung là mê❤️❤️❤️",0,0,True,0.8910231901625592,0.1089768098374409
393,Kinh nghiệm sử dụng:hang ngay thuong xuyen Làm đẹp:kho sach toc Lợi ích:tot toc sach khoe  Giao nhanh hàng chính hãng,0,0,True,0.986750689883657,0.013249310116343031
394,"Mua 1 tang 1 , mua ngày 15/3 mà ko có quà tặng đu kèm. Để quà tặng mà shop nói minh phải mua del sốc moi dc. Mua hang shope bao nhiêu năm lần đâu tien bị, có quà mà bắt khach tự bỏ vào giỏ. Khach nào ko biet thì khỏi có quà, shop để quà tặng để triển lãm thôi",1,1,True,0.00692247250227999,0.99307752749772
395,"Mùi hương:pink heaven Độ lưu hương:2 - 3h  ừm cá nhân mình thấy mùi này khá đại trà, em nó thơm nhưng chx đủ wow đối với mình. ngửi nhiều sẽ quen nhưng khi mới xịt ra mình k ngửi đc mùi của dâu tây, mùi hoa thì khá rõ nè, mùi khá sạch, đến cuối thì thơm vibe bạch nguyệt quang, 8 phần là mùi hoa và 1 xíu vani 1 xíu gỗ. mình k thích mùi này lắm nma em n vẫn thơm nha. tui thích creamy hơn. bodymist của hella thì ok khỏi ns r nhưng mình chx ưng mùi này lắm thôi vs e n lưu hương k đc lâu á.mn mỗi ng nên có 1 chai của hella nha. khá xứng tiền nma tiếc quá huhu tui lại k thích mùi này lắm😭",0,0,True,0.9872703038941838,0.012729696105816257
396,"Giao hàng nhanh, đóng gói cẩn thận, hàng chính hãng uy tín. Săn sale giá tốt",0,0,True,0.9968743022055016,0.0031256977944984256
397,Quá tệ . Đặt 2 thùng mà nát bét,1,1,True,0.0008917514435064685,0.9991082485564936
398,"Đơn hàng đặt mua sám, bên bán cố tình gửi sp màu hồng nhằm đẩy hàng tồn kho, liên hệ qua zalo đồng ý đổi, mà bắt phải tự mang hàng tới trả. Sau khi trao đổi trả hàng trên shopee thì ko chịu vào chatbot xác nhận việc trả hàng",1,1,True,0.0019834027256293205,0.9980165972743706
399,"Serum vào nếp thơm suôn mềm mượt. Điểm trừ là nút nhấn bị kẹt, nhấn ko ra serum, phải mở nắp chai để dùng",0,1,False,0.1690139611988775,0.8309860388011225
400,"Chất lượng sản phẩm:tồi Bao bì/Mẫu mã:cũ, bóp méo  Hộp thì bóp méo từ trong ra ngoài,xước cả sơn ở vỏ hộp. Mang tiếng trang shopee mail chính hãng mà làm ăn vớ vẩn, ko biết phải sữa thật hay sữa giả. Tóm lại là nên né shop này ra, nt ko thèm trả lời. Mua sữa cho con nên đến tận nơi tay sờ mắt thấy đi các mẹ. Đây là lần đầu tiên mình mua sữa ở đây cũng là lần cuối. Tạm biệt và ko hẹn gặp lại",1,1,True,0.006633545636526998,0.993366454363473
401,Chất lượng sản phẩm:bt  Mình không ưng ý khi shop k nói rõ là có bán 2 bản. Nhận được mẫu bản cũ rất khó chịu vì nắp k có phần gài muỗng và phải tìm muỗng trong hộp gây mất vệ sinh,1,1,True,0.014804647373124738,0.9851953526268753
402,"Chất lượng:ok Hương vị:ok Bao bì:hop bi vo  hộp sữa bị méo, mấy lần như vậy rồi",1,1,True,0.029880109309982267,0.9701198906900177
403,"Cảm giác:màu thì nhạt, đánh khó. lúc lên môi ra thành hồng tím. né vội màu này dùm  Không bao giờ mua lại",1,1,True,0.033280942604239416,0.9667190573957606
404,"Mua 2 thùng ít đường thì giao thùng dâu thùng ít đường la à này im ko nói lần sau đặt giao sai tiếp, hết hàng thì báo ngta đặt hãng khác",1,1,True,0.003020516931512248,0.9969794830684878
405,"Độ mềm:ok Xơ bông:ok  sài thích săn sale giá rẻ, hình ảnh và clip mang tính chất nhận xu ahh",0,0,True,0.9977928124705177,0.0022071875294822833
406,"Hương thơm:de chiu Bao bì:thiet ke dep Làm đẹp:kem chong nang  Sản phẩm đẹp, bắt mắt, có hỗ trợ sáng da, dùng bền, lâu hết, săn được giá rẻ",0,0,True,0.9930908490251934,0.0069091509748065855
407,"Mua 2 chai xong phát hiện unilever mời BB 3 về quảng cáo đúng sản phẩm, đớn vc chắc mốt k mua nữa",1,1,True,0.12286443394782172,0.8771355660521784
408,Nhẫn 0.1 bé tý tẹo teo Đóng gói khá sơ sài Tuy nhiên mình sẽ mua để tích thành cái 1 chỉ,0,0,True,0.6073226710871996,0.39267732891280044
409,"Lợi ích:khong co loi ich gi het Kinh nghiệm sử dụng:sai duoc mot thoi gian, không sài thêm bất cứ thứ gì lên mặt hết, do đang bị mụn ẩn, mà sài xong srm này mặt liền bùng mụn lên, lúc đầu vài ngày sài có lên mụn nhưng chỉ nghỉ là do đào thải mụn k để ý nhm nó lại lên nổi rất nhiều, khuyên thật ai định mua vì nghe review thì đừng nên mua!!  KHÔNG NÊN MUA SẢN PHẨM NẾU KHÔNG MUỐN BỊ LÊN THÊM MỤN!!!",1,1,True,0.005503732974548314,0.9944962670254517
410,Bị bể ướt tèm lem luôn shop ơi,1,1,True,0.061552002190833566,0.9384479978091664
411,"Mua 11/11. Shop đăng hình chạy quảng cáo các kiểu rằng mua ngày đó tặng túi. Nhận hàng ko có. Hỏi shop bảo tại lỗi khách, tại khách ko biết cách đặt, tại khách thao tác sai này kia, tại khách ko liên hệ shop trước. Mua shoppe mấy năm, đặt mấy trăm bill mấy chục shop, lần đầu bị thế này nên cũng dành lần đầu cho 1s cho shop.",1,1,True,0.006030150559286647,0.9939698494407133
412,"Chất lượng sản phẩm:tốt Bao bì/Mẫu mã:lon móp  Shop lấy lon sữa bị móp giao, lon sữa được bọc rất kỹ chống sốc dày, thùng còn nguyên vẹn do giao hoả tốc. Shop đã cố tình lấy 2 lon sữa bị móp để đóng giao khách. Shop lớn làm ăn TỆ",1,1,True,0.0064372249723037385,0.9935627750276962
413,Nhận hàng khui seal ra thì thấy sản phẩm bị quẹt một đường cọ trên mặt phấn m đơ luôn xịt keo luôn Máy t dỏm không chụp cận nét được chứ ở ngoài nhìn là rõ bị quẹt cọ thử màu xong dán seal vào thật là ối dồi ôi. Máy t mà xịn là chụp cho ce nhìn rõ hơn được rồi không ngờ nhận được đơn hàng đểu z chắc do t xui ui,1,1,True,0.01202174760096201,0.987978252399038
414,Độ mềm:ok Xơ bông:ok  Giao hàng nhanh Đóng gói sp cẩn thận Chất lượng OK nha,0,0,True,0.9985788443068587,0.0014211556931413606
415,"Bao bì/Mẫu mã:bao bì đã mở hết , móp méo",1,1,True,0.13991769949524493,0.8600823005047551
416,"Cảm thấy không yên tâm lắm vì quy cách đóng gói sản phẩm, dễ dàng mở - không có lớp bảo vệ nào  Định hoàn hàng mà để quên mất",1,1,True,0.1461441881470832,0.8538558118529168
417,"Giao hàng thiếu , mua có ưu đãi 1 tặng 1 vậy mà giao thiếu",1,1,True,0.009976681790377029,0.990023318209623
418,"Thơm mùi dễ chịu lắmm. Thích mê. Kem thoa lên tan ra liền. Thấm khá tốt, hơi ẩm nhưng ko dính lắm",0,0,True,0.9920267578200237,0.007973242179976242
419,"Shop gói hàng cẩn thận. Dầu gội thơm, chai to sd tiết kiệm. Đã mua nhiều lần",0,0,True,0.9505109286269896,0.04948907137301034
420,"Bao bì:tệ  KCN rất tệ, nắp bị đen và hơi méo móp như ko phải hàng new, chất kem bết, bí, bóng ,khó thẩm thấu",1,1,True,0.0011110020181639795,0.998888997981836
421,"Đóng gói chắc chắn. Hộp vỏ đẹp in ấn sang trọng. Sản phẩm xịn xò, nhìn sang lắm luôn, mình rất thích. Mình mua 270k cả ship là có rẻ không mọi người.",0,0,True,0.9628978483685197,0.037102151631480396
422,"Bao bì/Mẫu mã:đóng gói quá ẩu quá vô trách nhiệm  Đã yêu cầu rõ trong đơn hàng và đã nhắn tin riêng  giao hàng k đc hư hỏng. Vậy mà nhận đc hàng ntn??? Quá vô trách nhiệm. Lần đầu mua đóng gói rất OK, lần 2 mua đã phải trả về vì hàng bị tháo ra đóng gói lại, lần 3 hàng gửi về ntn???? Quá thất vọng",1,1,True,0.0005465909228990299,0.999453409077101
423,"Sữa tắm thơm mùi dễ chịu, lưu hương lâu, đóng gói cẩn thận, sẽ mua lại",0,0,True,0.9939744154628464,0.006025584537153697
424,"Kem ủ siêu cấp thơm, đặc, rất mê nka. Thời gian ủ cũng nhanh, hiệu quả về lâu dài chưa rõ",0,0,True,0.9841477330276286,0.015852266972371343
425,"Hàng Oke, đóng gói kỹ, giao hàng nhanh. Sẽ mua ủng hộ shop tiếp ạ.",0,0,True,0.9974052416543469,0.002594758345653146
426,Mình mua thêm vào giỏ hàng có quà tặng nhưng lúc giao lại không có quà,1,1,True,0.029564073108986677,0.9704359268910133
427,"Sản phẩm tốt, đúng mô tả, phù hợp giá tiền, nên mua. Giao hàng nhanh",0,0,True,0.9946401762404822,0.005359823759517837
428,"Hương vị:mix 4 loai Bao bì/Mẫu mã:đẹp  Giao hàng đúng hẹn, sẽ ủng hộ shop lần sau, cảm ơn shop",0,0,True,0.9918936682482696,0.008106331751730332
429,Đối tượng sử dụng:người lớm và trẻ em Chất lượng sản phẩm:tốt Mùi hương:thơm nhẹ  Giữ ẩm mịn da. Hương thơm nhẹ Giao hàng nhanh,0,0,True,0.9957636367318893,0.004236363268110628
430,Mùi hương:có mùi thơm nhẹ Dành cho da:thâm sạm Công dụng:dưỡng sáng  có công dụng nhưng cần sử dụng lâu dài mới thấy rõ rệt,0,0,True,0.9949439598137815,0.005056040186218491
431,Đúng với mô tả:quần đẹp Chất liệu:mềm mịn,0,0,True,0.9867188260711695,0.013281173928830612
432,Bao bì/Mẫu mã:móp méo Độ tuổi sử dụng:3-6t  Hộp ngoài thì bình thường nhưng bên trong thì hộp móp như vầy,1,1,True,0.004467917549205687,0.9955320824507944
433,"Fomo đi mua. Xài ổn thật, ra đc mascara nha mn. Xưa nay trang điểm vẫn phải xài thêm tây e trang mắt môi của maybeline, giờ có này ổn",0,0,True,0.9060606279874065,0.09393937201259354
434,"Bao bì/Mẫu mã:moi Hương vị:được  Shop giao hàng lâu, đóng gói chung móp méo, bị bung hộp",1,1,True,0.13083836117253012,0.8691616388274698
435,"Đợt này bên kho đóng gói và gửi hàng rất không hài lòng! Một đơn thì bị bục hàng, đơn này thì gửi thiếu hàng! Bộ phận hỗ trợ chỉ hẹn thôi chứ ko xử lý cụ thể! Trải nghiệm mua hàng 2 lần gần đây ko hài lòng chút nào ạ!",1,1,True,0.0034539691250453273,0.9965460308749546
436,"Đóng gói k chắc chắn, hộp thì móp méo",1,1,True,0.021152834814996597,0.9788471651850035
437,Sữa váng cục pha lấy thìa khuấy mãi k tan. Nổi váng màu vàng mỡ lên trên k giám cho con uống. Nt shop k 1 lời phản hồi. Mình k biết chất lượng sp kém ntn nhưng thái độ phục vụ kh như thế là quá kém. Hộp khi nhận về thì móp méo,1,1,True,0.00041299026359442603,0.9995870097364055
438,"Chất lượng sản phẩm tuyệt vời, đóng gói sản phẩm rất đẹp và chắc chắn, shop phục vụ tốt, thời gian giao hàng rất nhanh...!!!!!!!!!!",0,0,True,0.982220333834947,0.017779666165053012
439,Để hình có tặng quà mà nhận hàng ko có quà tặng j . Đóng gói thì sơ xài quăn cái chai muốn bể móp méo bực mình thực sự,1,1,True,0.0003815444835621277,0.9996184555164378
440,"Quá thất vọng, ko có lớp chống sốc nào. May ko bị bung nắp. Nhận hàng méo mó.",1,1,True,0.008588962808866785,0.9914110371911332
441,"Làm đẹp:chống nắng Bao bì:ok Lợi ích:không nâng tone, thấm nhanh gọn  Chất lượng sản phẩm tuyệt vời. Giao hàng nhanh, đóng gói kĩ. Mọi người nên mua nha",0,0,True,0.9934605960123276,0.0065394039876725185
442,"Mịn:ok Kiểm soát dầu:ok  Đại khái là tôi nghe được một câu như thế này, nếu như tôi thích cậu, cậu cũng vừa lúc thích tôi, thì khi tóc cậu rối, tôi sẽ chính tay chỉnh lại gọn nếp và đôi bàn tay tôi sẽ nán lại trên tóc cậu đôi phút, nhưng nếu tôi thích cậu mà không may, cậu không thích tôi, thì khi tóc cậu rối, tôi chỉ có thể nói ""Tóc cậu rối rồi”",0,1,False,0.29860196737238204,0.701398032627618
443,"Đúng với mô tả:không như mô tả  Nhắn tin shop không trả lời từ shopee đến zalo, quá tệ. Sp tệ, chăm sóc khách hàng kém. Kh bao giờ quay lại mua ở shop này nữa.",1,1,True,0.0005777447333299435,0.9994222552666701
444,"Mình mua lần này là lần thứ 2, lần đầu mở van mình bị gãy cả 2 , tưởng là do mình vặn sai nên k vote sao thấp. Lần này mua lại mình cẩn thận nhờ 2 ng khác nhau mở giúp và cx vẫn bị gãy như vậy. K hiểu vòi này kiểu gì rất dễ gãy và k thể mở ra đc để ấn van. Đề nghị shop kiểm tra lại. Mình toàn p chiết sang chai khác để sử dụng vô cùng bất tiện!",1,1,True,0.0031859487037343426,0.9968140512962657
445,Mình mua shope mall mà hàng đóng gói sơ sài. Hàng ko có tem chống bóc hàng. Giống kiểu đã bị bật ra rồi. Trả hàng sợ người khác lại bị giống mình. Mọi ng cân nhắc khi mua. Thâth sự ko hài lòng,1,1,True,0.0008438459869473114,0.9991561540130527
446,Kem dưỡng tốt mịn xài rất tốt trắng sáng và mịn dão mua nhiều l a nahwiq,0,0,True,0.9935150946085617,0.006484905391438307
447,"Bao bì:đúng mẫu, đẹp Mẹo:dễ sử dụng Kinh nghiệm sử dụng:dễ dùng  Giao hàng nhanh, đúng mô tả, ship thân thiện",0,0,True,0.9986417434084848,0.0013582565915151912
448,"Chất cotton mềm mát co dãn tốt, hơi mỏng nhưng thoải mái, mua được",0,0,True,0.9668412227086355,0.03315877729136455
449,Không nhận được quà tặng như quảng cáo,1,1,True,0.0025313566918214736,0.9974686433081786
450,Không có quà tặng như bên bán nói,1,1,True,0.00044116726561079417,0.9995588327343893
451,Bao bì/Mẫu mã:ok nguyên vẹn Hương vị:ok  Chương trình khi khuyến mãi tặng ly. Mình mua 3 combo nhưng ko có 1 cái ly nào. Cskh thì nhắn tin cả 3 4 lần cũng ko trả lời,1,1,True,0.04830212636735002,0.95169787363265
452,Bao bì/Mẫu mã:good Độ tuổi sử dụng:trẻ em Chất lượng sản phẩm:ok  Đóng gói cẩn thận. Giao hàng nhanh chóng. Sản phẩm chất Đóng gói cẩn thận. Giao hàng nhanh chóng. Sản phẩm chất lượng tốt. lượng tốt. Bé rất thích sữa này,0,0,True,0.9995723484584232,0.00042765154157665557
453,"Đã dùng sản phẩm rất tốt, sẽ quay lại mua lần 2.hình ảnh chỉ mang tính chất minh hoạ để lấy su. Xin cảm ơn",0,0,True,0.9965288357890253,0.0034711642109747413
454,Dho cho mình hỏi bao vì của hãng hộp naog cx đóng cẩu that nhue thế này à? Hay hộp này của mình bị lỗi ạ? Mình lần đầu mua sữa này nhìn vỏ hộp hơi hoang mang,1,1,True,0.06984362267002213,0.9301563773299778
455,Quảng cáo có quà tặng . Nhưng gửi hàng lại k có .,1,1,True,0.0013057796686590795,0.9986942203313408
456,10đ nha đóng gói mọi thứ chăm sóc khách hàng và trải nghiệm dùng kcg để chê giá thành tốt xứng đáng thử,0,0,True,0.9113298707677635,0.0886701292322365
457,"Đóng gói kĩ càng, đẹp. Sản phẩm chính hãng nên yên tâm mọi người ạ",0,0,True,0.9824583077104229,0.017541692289577054
458,"Hương vị:hư hỏng  Thật sự là đang bầu mua để muốn mà mở ra lấy 1 bịch gớm ko chịu nổi, ám ảnh đến tận bây h, may mà nhìn kỹ chứ đưa vào mồm thì...chat shop thì kêu trả hàng cho Shoppee, Shoppee thì xem xét 3 ngày chưa phản hồi, 3 ngày ngâm đợi caia đống dòi này nó thành tinh hết hay gì, rồi shipper tới lấy hàng trả t đưa v cho ngta sao? Bán hàng chẳng may xảy ra vde còn ko giải quyết cho mau còn bảo liên hệ shoppee, nể thật sự",1,1,True,0.0020932935505783012,0.9979067064494217
459,Chai mình nhận đc rất bẩn không biết phải hàng chính hãng không . Thật sự thất vọng khi mở hàng ra,1,1,True,0.004521669706036291,0.9954783302939637
460,Mình hay mua của shop mà vừa rồi giao cho mình 2 lon móp quá trời luôn 😢,0,1,False,0.21924082623349217,0.7807591737665077
461,"Sản phẩm nhận về thì móp méo, tem bị lột 1 nửa. Các góc hộp đều bị gập để lôi sp ra. Hàng như hàng chợ. Hoàn hàng thì shop không hỗ trợ. Các b nên cân nhắc trước khi mua sp của shop ạ",1,1,True,0.0004721351032007659,0.9995278648967992
462,thêm 2 sao vì đóng hàng móp nhưng vẫn ủng hộ nha!,1,1,True,0.3663351728720956,0.6336648271279044
463,"Phủ lên mà da bóng mịn, như không phủ ấy, đẹp lắm luôn, siêu ưng",0,0,True,0.956011974227914,0.043988025772086124
464,"Sữa ko tan cskh kém pha đã khuấy rất lâu nhưng vẫn ko tam hỏi thì ko tl, cho trợ lí ảo nt",1,1,True,0.00945839527926858,0.9905416047207315
465,"chưa dùng nên chưa biết, mà vừa mở ra phấn rơi, tràn cả vào mặt trước của vỏ hộp phấn, dù có bọc bong bóng",1,1,True,0.10432887257630274,0.8956711274236971
466,Ko nhận đc hàng quà tặng,1,1,True,0.002502596162443712,0.9974974038375564
467,"Kinh nghiệm sử dụng:sd buổi sáng chống nắng nhẹ Bao bì:chac chan, dep",0,0,True,0.9351786297703754,0.06482137022962481
468,"Thùng sữa lần này (hàng bao bì mới hình đứa bé, ko phải bao bì Cô gái hà lan xưa)mua vị nó như đổ sữa đặc vào nước rồi hòa tan ý, nó khác hoàn toàn với sữa trước đây luôn. Thật sự không hiểu hãng sữa có vấn đề trong khâu sản xuất hay sữa này sữa giả",1,1,True,0.010059021945126275,0.9899409780548738
469,Để mua 1 tặng 1 .giao có chai srm k co tẩy trang.giao hàng lâu,1,1,True,0.034651958776929614,0.9653480412230704
470,Xài rất chan nha.. chân bình thường cung mịn lắm.. ttbc thường xuyên… mà thử 2 lần mỗi lần mỗi lần thoa lên là bết rít dính dính.. da bị cái vệt trắng y chang ở dơ… nt shop hỏi để đổi thì shop bảo shop k hỗ trợ đổi chỉ trả hàng… mà hàng đã khui ra r hỏi mọi ng s trả được.. shoppe nào xét duyệt.,1,1,True,0.002697982992668324,0.9973020170073318
471,"đơn hàng ghi tặng chai dầu nhỏ mà ko được , mua shop toàn giao thiếu hàng",1,1,True,0.003045432351945728,0.9969545676480543
472,"Giao hàng nhanh, ăn giòn ngon. Thích ăn loại này nhất. Sẽ ủng hộ tiếp",0,0,True,0.9995506670935681,0.0004493329064318336
473,"Shipper dễ thương, giao hàng nhanh chóng, đóng gói cẩn thận, không có hàng tặng kèm",1,0,False,0.9789684642490398,0.021031535750960128
474,Nhìn khác hẳn hàng mua siêu thị.nhìn cứ như hàng giả ý.lần đầu cũng là lần cuối mọi ng cứ ra tạp hóa lớn hoạc siêu thị mà mua cho yên tâm,1,1,True,0.11534829067930182,0.8846517093206981
475,Về mở ra sữa nó dính đổ ra tùm lum làm phải lau dọn này kia,1,1,True,0.02012506683526072,0.9798749331647393
476,"Shop đóng gói cẩn thận, giao hàng nhanh, lần sau sẽ ủng hộ shop tiếp",0,0,True,0.9973850820136333,0.0026149179863667192
477,Qcao tặng thêm ủ tóc nhưng ko có,1,1,True,0.07114456970789522,0.9288554302921047
478,"Hương vị:bị ảnh hưởng do sữa bể  Mua sữa thì ra tiệm.mua , săn trên  đây  rẻ hơn vài chục mà giao  bể từa lưa , có hộ trợ đổi mà 3-5ngay quyết định , 15ngay giải quyết. K tiền mới săn sale gặp vậy bỏ cả thùng nó hôi  rình do  sữa bể , lỗi mình là tin  tưởng shiper , vì giao  trong giờ làm việc k mún làm khó ship chở tới chở lui, kết quả của sự tin tưởng là bỏ thùng sữa . Ra tiệm cho  chắc nhé mọi người",1,1,True,0.003362225579159439,0.9966377744208406
479,quá tuyệt vời chưa bh h thấy trên cõi đời này thật sự tuyệt vời he he,0,1,False,0.4204208578368993,0.5795791421631006
480,"Bao bì:Rất tệ  Mình không hiểu sao với một hãng lớn như Loreal mà có thể sơ sài đến mức này. Ảnh mình cx k muốn chụp, bạn nào xem thì vào phần đánh giá nhiều lắm. Đóng gói k khác gì hàng fake, không có cả một cái hộp bọc, dán băng dính tùm lum như kiểu đồ cũ. Mình nói thật là quá tệ, thua cả mấy hãng hàng gia công luôn ấy. Sản phẩm được seeding rầm rộ mà chứ biết tốt hay không đập vào mắt đã thấy phèn r. Sang nhìn gogotales hay forcallure, mấy hãng nói ra là kiểu tệ rồi mà ít nhất nó còn làm tốt cái vỏ. Mong hãng sớm cải thiện",1,1,True,0.0004820843502667908,0.9995179156497332
481,"Chất lượng:ok Tiêu hóa:ok Bao bì:ok  Ok, đóng gói cản thận (hình ảnh mang tính chất minh hoạ)",0,0,True,0.9968310174617669,0.0031689825382330374
482,Phù hợp với loại da:hopwj voi loai da khoe Mùi hương:mui cafe rất thơm Công dụng:giúp tẩy tế bào chết mịn da mùi hương lưu lại rất thơm,0,0,True,0.9745150965912903,0.025484903408709708
483,Dành cho da:moij loaij da Công dụng:chua ro Mùi hương:ok  giao hàng nhanh shipper thân thiện vui vẻ shop bán hàng chất lượng lắm mọi ng yên tâm mua nha,0,0,True,0.9941135171936691,0.005886482806330942
484,"đã nhận được sản phẩm, sản phẩm ăn cũng ngon, hương vị vừa ăn..",0,0,True,0.6747287803871055,0.3252712196128946
485,"Mùi hương:thơm Dành cho da:nhiều loại da Công dụng:serum dưỡng ẩm dưỡng trắng  Mùi khá là thơm, còn công dụng dưỡng trắng thì chưa thấy mấy",0,0,True,0.9863134024232538,0.013686597576746206
486,"Đóng gói ẩu, đổ lỗi cho đơn vị vc, dug là 1p lỗi ở dvvc, nhug ng bán là ng đóng gói, ko ktra kỹ trc khi gói hàng, trc khi dán keo, hộp sữa bung bét hết, nắp nhôm cug bong ra, ko bit fai nói j lun",1,1,True,0.006895829831287374,0.9931041701687127
487,"Mùi hương:thơm Chất lượng sản phẩm:tốt Đối tượng sử dụng:gđ  Nhận đủ sp mua để gia đình dùng . da rất mịn luôn ưng cái bụng dễ sợ luôn . quá tuyệt vời , hình ảnh mang tính chất nhận xu 😉",0,0,True,0.9963760911677823,0.0036239088322177933
488,Ốp cứng quá dùng 1time máy trầy xước. Tôi muốn yêu cầu trả hàng hoàn tiền,1,1,True,0.004524696344508324,0.9954753036554918
489,"Mình đã nhận hàng rồi, đóng gói cẩn thận, sản phẩm nhìn đẹp và đúng như mô tả. Chất lượng ổn so với giá, dùng thử thấy rất hài lòng. Shop giao nhanh, giá rẻ mà hàng vẫn ok. Sẽ ủng hộ thêm! Hình ảnh mang tính chất nhận xu",0,0,True,0.999546819031389,0.00045318096861099677
490,"Giao hàng nhanh, váy đẹp. Shipper thân thiện. Sẽ ủng hộ shop lần sau",0,0,True,0.9984242444564574,0.0015757555435425327
491,Giao hàng nhanh Đóng gói đẹp Hình ảnh và video chỉ mang tính chất nhận xu,0,0,True,0.9965418778202734,0.003458122179726769
492,"Giao hàng nhanh, gói hàng ok, chống sốc đầy đủ Thích dùng loại này, dịu nhẹ, nchung là okela",0,0,True,0.9997423251366624,0.00025767486333765375
493,Đóng gói sữa mà quá sơ sài. Lần đầu mua 1 trải nghiệm quá thất vọng Bọc mỗi lớp màng PE rồi thủng bao bì,1,1,True,0.011909231709381777,0.9880907682906183
494,Shop lừa người lắm. Săn live của Hala kêu có quà tặng di kèm. Trên ảnh cũng có quà. Mà đến lúc mua lại k giao. Nt hỏi shop kêu tại khách chưa thao tác đúng. Cái căn bản là shop có để quà đâu mà khách thập tác được. Kể cả đến bây giờ 2/2 trên ảnh hiển thị quà mà tháo tác cũng k được,1,1,True,0.0021503525697115222,0.9978496474302885
495,Dao hàng nhanh kinh khủng đặt chiều qua mà sáng nay mình nhận được hàng luôn shop làm việc siêu đỉnh luôn thấy mọi người bảo ok lên mua thử,0,0,True,0.5812760992700218,0.4187239007299783
496,"Màu đẹp hơn khi chồng nhiều lớp, hợp da ngăm. Chất son mượt, mịn, hợp các bác không khô môi 🙂 T không thích chất son vì môi chỉ cần hơi khô là son không ăn, môi 1 đằng son 1 nẻo, có dưỡng 1 lớp mỏng trước thì cũng trượt. Kể cả khi không có dưỡng, tới nửa ngày son nó cũng trôi ra viền nhưng không ghê như lúc ăn uống xong, đừng bặm môi nhiều nhé 🥲 coi video đánh giá nhiều rồi mà giờ nhận ra chỉ nói về màu. Dùng để quay chụp lên hình mấy phút thôi thì chắc cũng được đấy",1,1,True,0.1068244361012944,0.8931755638987057
497,"Làm đẹp:chaat lỏng, dàn dễ, che phủ tốt, nên mua sáng hơn 1 tone vì quá đẹp, có độ căng bóng Kiểm soát dầu:kieemr soats daauf toots vaf lau xuoong tone  Hình ảnh, clip minh hoạ thôi nhma nên mua nha mn vì nền lỏng bà lên da rất tệp da. Bóng nhẹ, lì, lâu xuống tone",0,0,True,0.990128993444725,0.009871006555275032
498,Hàng thì móp méo đã thế còn bị bung ra nữa còn hai hộp nguyên vẹn 4 hộp còn lại bị bung hộp ra mk mua trong phiên live của chị hana nma cx ko thấy quà đâu,1,1,True,0.006186725652994977,0.993813274347005
499,"đã mua nhiều lần chất lượng sản phẩm tốt,giao hàng nhanh chóng",0,0,True,0.9991324393975572,0.0008675606024429076
500,"Sữa giá rẻ, mua cho bé uống thay đổi khẩu vị cũng ổn, giao hàng nhanh, gói hàng ok",0,0,True,0.9936441580859916,0.006355841914008386
501,"Làm đẹp:kem chống nắng Mẹo:không thể sử dụng đc Hương thơm:thơm  Đang xài kcn centelaa khá ok khi dùng chung kem dưỡng pond'n ban ngày ,thấy hãng ra kcn cũng mạnh dạng đặt về dùng cho đủ bộ,cứ nghĩ là xài kem dưỡng mà xài kcn pond'n nữa thì chắc sẽ hợp nhau lắm ,ai ngờ trời ơi ,bôi lên 1 cái nó trượt hết kem dưỡng luôn má ơi để lại vệt trắng nhìn kinh khủng ,mà trong khi mình đã cố gắng vỗ khá nhiều chứ ko hề tán kem ra mà nhìn khiếp lắm ,dạ m khô mà chọn loại dưỡng sáng mà nhìn vẫn bóng dầu ,mà còn chọn dưỡng ẩm nữa thì cỡ nào ,lỡ mua rồi giờ ko biết làm gì với nó 😭",1,1,True,0.2666727234255284,0.7333272765744715
502,Làm sạch:sach sau Hương thơm:diu nhe  Giao hàng nhanh. Đóng gói cẩn thận. Shopee xử lý nên nhanh lắm. Ship thân thiện nhiệt tình,0,0,True,0.9996739006404448,0.00032609935955518326
503,Hương vị:giao đến bể chảy ướt hôi hết cả thùng sữa,1,1,True,0.007842067469114719,0.9921579325308852
504,Giao hàng ko cẩn thận bị bể,1,1,True,0.0024920706071207186,0.9975079293928794
505,"Cũng mới sài loại này nên đánh giá ban đầu của t là serum hơi lỏng, thoa lên tóc ko có cảm giác bết dính, đc cái thơm.",0,1,False,0.37809989967364377,0.6219001003263562
506,"Shop đóng gói tệ. Mở hàng ra không có một lớp chống sốc nào, một tờ bìa lót cũng không. Cứ thế để hàng vào đóng rồi khi vận chuyển bị móp hết hộp. 1 ⭐️",1,1,True,0.004100608025780457,0.9958993919742195
507,"Máy rất yêu, dùng cạo râu không sạch, gây xước mặt khi dùng.",1,1,True,0.4039078428638542,0.5960921571361458
508,Công dụng:tốt  Đã nhận được hàng. Giao hàng nhanh đóng gói cẩn thận chất lượng sản phẩm tốt đúng với mô tả đúng như đánh giá 🤔,0,0,True,0.9971651128529474,0.002834887147052547
509,"Mua bên này mấy lần rồi, ổn áp xịn xò vãi, hong để lại dấu vân tay 1000000đ",0,0,True,0.5715990306757913,0.42840096932420874
510,"Hương vị:sữa đặc Bao bì/Mẫu mã:mẫu mã giống hình shop đăng  Shop bao gói ổn, mua giá flashsale 13k nên không đòi hỏi gì nhiều. Chất lượng sản phẩm chưa uống nên chưa đánh giá được",0,1,False,0.4944827555287308,0.5055172444712692
511,"Hương thơm:khoong muif Kinh nghiệm sử dụng:dung bong tay trang tham deu nuoc tay trang va lau sach mat  được tặng kèm bông tẩy trang, đây là chai t5 mình dùng rồi, rất ok, dành cho da dầu mụn",0,0,True,0.9666163782181795,0.033383621781820604
512,Kinh nghiệm sử dụng:mua hồi 6/10 sd tới nay 22/10 Lợi ích:ko hiệu quả mak còn lên mụn thêm . Thấy ko bớt thâm xí nào  Đóng gói thì ok giao hàng nhanh. Còn sd thì thấy cũng v ko bớt mụn,1,1,True,0.2736782053254571,0.7263217946745429
513,Bỏ giá tiền mua bản 2.0 32g mà shop giao 1.0 :) 25g. Giao nhầm hàng cho mình.,1,1,True,0.14690609478650277,0.8530939052134973
514,"Bao bì/Mẫu mã:xấu Hương vị:oke  Đóng gói cực kỳ tệ. Mua 1 lúc 2 thùng sữa mà shop ko đóng được nổi cho 1 lớp chống sóc, có mỗi 1 lớp màng bọc quanh.  Chưa bao giờ mua hàng mà phải đi đánh giá tệ như này.",1,1,True,0.0017726681831064333,0.9982273318168935
515,"Gói hàng kĩ và giao hàng nhanh . Đặt nhiều lần rồi, mùi thơm hơi nồng tí",0,0,True,0.9913107462043792,0.0086892537956208
516,"Mình mua dây dùng thử thấy giảm gàu rất nhiều, ko bị ngứa nên nay mua chai lớn dùng luôn",0,0,True,0.6230596423203826,0.37694035767961737
517,Shop giao hàng nhanh. Ms đặt hôm 20-21 nhận luôn nè. Chỗ mình đang bị vỡ kho k có ship giao nên đặt hàng mà đc gọi giao hàng là mừng lắm,0,1,False,0.13150425802698226,0.8684957419730178
518,"Đóng gói sơ xài lần nào mua cũng bị hỏng mấy bịch, chảy ướt cả thùng. Đóng gói tệ",1,1,True,0.010942721763212907,0.9890572782367871
519,Giao hàng nhanh. Đóng gói cẩn thận. Sản phẩm dùng tốt. Đáng để thử,0,0,True,0.995288393046028,0.004711606953972092
520,"Sao báo tặng quà kèm cho bé mà ko có, ko có thì đừng có quãng cáo lố",1,1,True,0.0021188663133977124,0.9978811336866023
521,Form lạ bụng eo long lẻo. Phần dưới thì lại kích  Cạp thấp,1,1,True,0.020989484264798037,0.9790105157352019
522,Ốp tháo ra khó tháo cứng,1,1,True,0.018786335667044796,0.9812136643329552
523,"Thấy để có quà nhưng của tui không có, với giá này thì cũng kh rẻ hơn ngày thường bao nhiêu nhưng mà thôi, gần tết rồi vs cũng hết bông nên lấy luôn 🙃🙃.",1,1,True,0.1625511765857802,0.8374488234142198
524,"Công dụng:chủ yếu vẫn là cấp ẩm nha Dành cho da:nhiều loại da, riêng mình là da khô nha Mùi hương:mùi mỹ phẩm nhẹ không gây khó chịu",0,0,True,0.9205574998546281,0.07944250014537195
525,mua đắt hơn bình thường ùi mà bên sx đóng gói k kĩ làm đổ dầu gội ra ngoài tèm lem !!!,1,1,True,0.007785464374607957,0.9922145356253921
526,"Chất lượng sản phẩm:dep  shop giao đủ hàng, đúng hàng, săn sale mua đc với giá oke, giao hàng nhanh, đóng gói cẩn thận",0,0,True,0.9973357902095573,0.0026642097904428005
527,"Kinh nghiệm sử dụng:ok Hương thơm:k mùi Mẹo:k cos  Giao hàng nhanh đóng gói đầy đủ cẩn thận, chất lượng ọk",0,0,True,0.995866391215924,0.004133608784075963
528,Không hề có hàng tặng kèm như quảng cáo,1,1,True,0.00820156872598099,0.991798431274019
529,Bao bì:tamj Hương thơm:thowm lamws Mẹo:gooij ddaauf  Dùng 1 thời gian thì thấy tóc siêu thơm với mượt nhưng chưa thấy đỡ rụng tóc,0,0,True,0.9097900715589861,0.09020992844101383
530,Mùi hương:thơm nhẹ Công dụng:trắng da Phù hợp với loại da:mọi loại da  Trong các dòng mình thấy dòng này là ok nhất và thấm cực nhanh lại mát lạnh khi bôi lên cảm giác rất dịu nhẹ mọi người nên mua nhé,0,0,True,0.9905944152810209,0.009405584718979176
531,Ko dc tặng nước tẩy trang như quảng cáo dù đã đặt ngày vẫn còn quà,1,1,True,0.02843115097626266,0.9715688490237374
532,Làm gì có tặng quà gì mà đánh giá,1,1,True,0.03402983610046776,0.9659701638995323
533,"Lừa đảo, quảng cáo có tặng hàng khuyến mãi mà giao hàng không có",1,1,True,0.0005548725383377843,0.9994451274616623
534,"Hình ảnh video nhận xu, Hàng chất lượng hợp với giá tiền  Nên mua nha",0,0,True,0.9886035518681807,0.011396448131819309
535,"Dép đi rất đẹp, m đã mua nhiều đôi bên shop này rồi. Trước mua 1 đôi shop gửi nhầm size mà hoàn hàng lâu lắm chưa thấy hoàn tiền",0,1,False,0.2714190367495153,0.7285809632504847
536,"Hàng giao hộp bị rách và móp méo , chán gói hàng sơ Sài",1,1,True,0.002555223248522124,0.9974447767514779
537,"Giao hàng nhanh, chất serum lỏng, thơm, nhanh khô, dưỡng ẩm tốt, đề có tặng quà mà nhận hàng về đách có ji hết",0,0,True,0.7083720340116128,0.2916279659883874
538,"Chất kem thấm nhanh, không nhờn rít, mùi thơm, có trắng hay không phải sử dụng thêm",0,0,True,0.9430785125802181,0.056921487419781834
539,"Giao hàng nhanh , đóng gói cẩn thận ạ, quà tặng xinh, cả hai bé đều tin tưởng mua dùng ạ!",0,0,True,0.9848457769525388,0.015154223047461071
540,"Lợi ích:mauf ok, laau troi Hiệu ứng làm đẹp:len mawjt dejp Làm đẹp:ok  nền đẹp, lâu trôi, nên mua nha",0,0,True,0.9969286402823245,0.0030713597176753593
541,"không sao mà kết nối được quá tệ mặc dù đã sạc qua đêm sau đó tôi thử kết nói với 1 tai nghe khác vẫn đc còn sản phẩm này thì k, nhắn tin shoo hỗ trợ ko tận tình, shop quá là tệ",1,1,True,0.003636668162403193,0.9963633318375967
542,"Chai nhỏ gọn, dễ thương, bao kì đóng gói kĩ, dùng cấp ẩm cho da không bị khô rát, giuap thẩm thấy, giao hàng nhanh, đóng gói kĩ càng",0,0,True,0.9959623368798103,0.0040376631201897075
543,"Độ sáng:ok Làm sạch:sạch, mới dùng nên chưa biêt Dịu nhẹ:dễ chịu  Luôn ủng hộ hàng việt nam. Nên mình cũng mong là sản phẩm chính hãng.",1,0,False,0.9994261822854286,0.0005738177145715018
544,"Giao hàng nhanh, k làm cay mắt, đóng gói sản phẩm cẩn thận,dịu nhẹ vs da",0,0,True,0.9927696688519309,0.007230331148069209
545,Nhỏ xíu à đóng gói siêu kĩ luôn. Niêm phong tận mấy lớp. Có dieu k che tên sp. sợ ai để í . Để hàng ở sân chưa kịp về ngta thó mata. Kkk,0,1,False,0.31388254759498097,0.6861174524050191
546,"Gói hàng cực kỳ xấu, nhận về chai kem nền bị bể (bể 1 vết vào bên trong mà vẫn có cái màng dán nhãn bên ngoài). Không có màng seal, màu thì hồng hồng nâu nâu, k hề giống như màu mô tả. Quá thất vọng 😀",1,1,True,0.001012484055434859,0.9989875159445653
547,Hương vị:tôi cảm nhânn sữa có vị béo và vị ngọt dễ uống Chất lượng:chật lượng sản phẩm ổn định và đáng tin cậy,0,0,True,0.955049554227669,0.044950445772330976
548,"Chất lượng sản phẩm:tốt Độ tuổi sử dụng:taast car  Mùi thơm lắm luô luôn ấy ạ, mình mua về được tặng quá trời đồ",0,0,True,0.9716325965885148,0.028367403411485182
549,Lần sau sẽ ủng hộ shop lần sau sẽ ủng hộ shop hình ảnh chỉ mang tính chất nhận su,0,0,True,0.9912235118347699,0.008776488165230202
550,Hàng vận chuyển đến bị thủng hộp cartoon bọc ngoài . Đặt hàng đợt 30/06 có Deal 0đ 5 chai 100ml cũng chả thấy đâu  1 sao.,1,1,True,0.013845065689419974,0.98615493431058
551,"Về giá cả ko phải nói, Lúc đặt hàng có kèm theo tặng phẩm lúc giao lại ko có, hỏi lại thì bảo deal ko thành công! Lần thứ 2 thấy bb về shop!",1,1,True,0.020229677944868924,0.9797703220551309
552,"Kinh nghiệm sử dụng:chưa dùng nên chưa có kinh nghiệm Hương thơm:cái mùi sao sao á Làm đẹp:thích đẹp thì làm, cần gì tuổi  Nhận hàng sau bao ngày chờ đợi Shop chuẩn bị hàng và ship hàng đủ số lượng,  chất lượng thì khỏi bàn, với giá này thì quá tuyệt vời ông mặt trời rồi ạ Giá quá rẻ so với mua ngoài shop nha Cảm ơn shop",0,0,True,0.9871853993546359,0.012814600645363989
553,vừa mua về bị bể ra như này nhắn shop thì seen lại ko rep,1,1,True,0.0023480913968390027,0.997651908603161
554,Hương vị:sửa Bao bì/Mẫu mã:đẹp  Hình ảnh mang tính chất nhận xu nhưng xịn xò lắm luôn. Giao hàng lại cực kỳ nhanh. Shipper nhiệt tình thân thiện. Nên mua nha mọi người,0,0,True,0.9937046817146286,0.006295318285371362
555,"Đây là lần đầu tiên mk hàng bức xúc nhất để mua 1 tặng 1 k có, thay gì khỏi để, để mk mua shop khác giá rẻ hơn mua bên đây giá cao hơn chỉ để có kèm quà tặng mà vào đây thấy nhiều người bị lừa giống mk, biết trước đọc đánh giá rồi,k nghĩ thương hiệu lớn vậy mà làm ăn gian dối 😡😡😡😡😡😡",1,1,True,0.011544939461254825,0.9884550605387452
556,giao hàng nhanh sản phẩm đẹp chất lượng đóng gói chắc chắn ko bị móp méo,0,0,True,0.9852328845498045,0.01476711545019551
557,"KHUYÊN MỌI NGƯỜI KO NÊN MUA LOẠI NÀY. DÙNG VÔ CÙNG CAY MẮT XÓT CỨNG MẮT, TRẢ HÀNG THÌ SHOP KO CHO TRẢ LẠI. QUÁ THẤT VỌNG",1,1,True,0.0007050050311800579,0.9992949949688198
558,Đơn hàng giao thiếu vali,1,1,True,0.05067938335628467,0.9493206166437154
559,"Chất lượng sản phẩm:ok  Hàng giao nhanh, đóng gói cẩn thận. Vị thơm ngon dễ uống, giá sale rẻ hơn ở siêu thị. Rất nên mua",0,0,True,0.9997276267833688,0.0002723732166312163
560,"Chất liệu:nhựa Độ êm:êm Màu sắc:đen  Dép đẹp, nhẹ, êm, giá tốt, hi vọng sẽ bền. Ship hàng nhanh chóng. Được tặng kèm charm. Cũng rất dễ thương. Vừa chân",0,0,True,0.9988158490574178,0.0011841509425821373
561,Sản phẩm tốt - giao hàng nhanh  Tuy nhiên chăm sóc khách hàng rất kém - không bao giờ quay trở lại pp,1,1,True,0.29547331311820607,0.704526686881794
562,"Bao bì/Mẫu mã:nhỏ Hương vị:tạm  Sữa rất yếu, quá đắt k ngonnnnnnnnnnnnnnnnn. Không nên muaaaaaaaa",1,1,True,0.01662847249607735,0.9833715275039226
563,Đóng gói ẩu mua 6 hộp bể mất 1 hộp,1,1,True,0.15805057792061203,0.8419494220793879
564,"Độ lưu hương:lưu hương lâu có khi qua ngày vẫn còn mùi nhưng phải ngửi sát vô mới nghe mùi Mùi hương:mùi sang  mùi đầu mình ngửi đc mùi ngọt sắt, sau đó là thoang thoảng mùi gỗ, hương ấm nghe mùi sang nha mình chấm em này 8.5đ, mình đc tặng mùi berry candy thấy mùi này như kẹo ấy k khác gì hết:))",0,0,True,0.5777655471112947,0.42223445288870537
565,Ko có quà tặng mà ghi như đúng rồi,1,1,True,0.000749335701054806,0.9992506642989453
566,Lần đầu dùng Nhận hàng chắc chắn cho đến khi bóc băng dính ra Dính hết lên thành lọ rõ là bẩn luôn,1,1,True,0.14763713537956105,0.852362864620439
567,"thơm, mịn mướt lắm lun, ủ k bị rụng tóc nhen, rẻ nên muaaa nhaaa",0,0,True,0.9913869887012008,0.008613011298799217
568,Công dụng:Không trắng răng  Sử dụng hơn 2 tuần kết hợp vs chỉ nha khoa với đánh răng ngày 2 lần mà vẫn không thấy trắng,1,1,True,0.19933841523082718,0.8006615847691728
569,Sài gói thấy sạch gàu mượt tóc nên mua chai lớn về dùng được shop tặng kem chống nắng cảm ơn shop nhiều nhé chai này sài chắc lâu mới hết,0,0,True,0.8970735558743113,0.10292644412568873
570,Làm sạch:ok lam sach da kha tot Dịu nhẹ:minh dung thay rat ok Hương thơm:diu nhe va de chiu  Nen mua,0,0,True,0.9997801164564718,0.000219883543528196
571,"Chai 110 mình mua về thì test ra màu nâu đỏ, nhưng khi ra guardian test thì màu như ảnh hãng đăng. Mình kh hiểu tại sao lại có sự khác biệt này",1,1,True,0.024471872443929527,0.9755281275560704
572,"Mk dùng loại này tầm 4 5 năm rồi, phù hợp vs da khô, ít makeup như mk, nhẹ nhàng, ko bí da Đợt này săn sale rẻ nha, mua 2 đc tặng 1 lọ 100ml, quá ổn áp",0,0,True,0.9958612344684314,0.00413876553156857
573,Sản phẩm tốt đúng theo mô tả. Giao hàng nhanh. Giá cả hợp lí đúng với chất lượng,0,0,True,0.9913016798808384,0.008698320119161563
574,Hương vị:giao hàng ko ra gì  Vỡ 1 hộp sữa. Ninja van làm ăn rõ chán nước bắn tung tóe ở vỏ. Sau cứ gặp ninja van hủy đơn.,1,1,True,0.0004624609538968298,0.9995375390461031
575,Dầu gội cx thơm nhẹ k cay mắt nhưng cx k mượt như quảng cáo hi vọng hàng chính hãng,1,0,False,0.79983954964177,0.20016045035822996
576,"Sản phẩm nhận được đúng như mô tả, đóng gói cẩn thận, giao hàng nhanh. Chất lượng tốt so với giá tiền, dùng ổn và đáng mua. Shop tư vấn nhiệt tình, sẽ ủng hộ thêm nếu có nhu cầu.",0,0,True,0.9970752113043572,0.0029247886956428426
577,Hình ảnh chỉ mang tính chất nhận xu. Giao hàng chậm . Gần 7 ngày mới nhận đc  chắc do gần tết,0,0,True,0.5836492647473994,0.4163507352526006
578,"Phấn nhìn đẹp nha, phấn mịn, dễ đánh,mua còn đc tặng thêm đồ nx",0,0,True,0.9710759151072749,0.02892408489272508
579,"trên quảng cáo tặng quà sữa rửa mặt ,dầu xả,  mà nhận về chả thấy đâu, nhắn tin thì ko trả lời",1,1,True,0.0014625457067779142,0.998537454293222
580,"Hương vị:hang bi bể, hỗ trợ đổi trả rườm rà kéo dài 3-4 ngày. Sữa bể hôi chua mà cứ chờ xử lí. K phải mới mua 1 thùng mà mua trên dưới vài chục thùng rồi nhưng hổ trợ kiểu như chầu chực. Kêu chụp hình quay clip đều làm xong nói k đủ xác thực. Cở đó mà còn k đủ xác thực. Có mấy trăm ngàn mà làm mất uy tín và bất mãn thật sự",1,1,True,0.00384406448245452,0.9961559355175454
581,Bao bì/Mẫu mã:xấu  Đáng lẽ ko đáng giá.. nhưng thà đừng gửi quà tặng bao lì xì. Gửi thì gửi đàng hoàng chút nhét cái bao vô kéo ra nhăn nhúm thấy gớm..,1,1,True,0.007877142882212603,0.9921228571177875
582,"Giao nhanh, săn sale giá tốt, bé mình hợp tác vị giống enfa vàng lắm",0,0,True,0.9726644518399348,0.02733554816006517
583,"Độ tuổi sử dụng:4 tuổi Chất lượng sản phẩm:ok Bao bì/Mẫu mã:chắc chắn  Theo đơn đặt hàng có quà, tuy nhiên hàng giao không có quà tặng, shop vui lòng liên hệ gửi bổ sung đúng quà cho mình nhé !",1,1,True,0.2482892786548406,0.7517107213451594
584,"Hiệu quả:cũng cũng Mùi hương:thơm  Thấy cũng đỡ bết tóc nè , giá khá rẻ , nên mua trải nghiệm",0,0,True,0.9453646571208907,0.05463534287910932
585,Sản phẩm bán ghi rõ là mua 1 tuýp  chống nắng lớn tặng 1 tuýp nhỏ mà nhận hàng không có quà tặng . Khách hỏi thì bảo tại khách thao tác không đúng . Kiểu khách chịu không chịu cũng phải chịu . Nản,1,1,True,0.0002988256309687243,0.9997011743690313
586,Bao bì:móp méo  giao hàng tới hộp sữa móp méo hết trơn,1,1,True,0.021796667379219408,0.9782033326207807
587,"Chất lượng tốt, giao đủ hàng, săn deal trên livestream được giá tốt",0,0,True,0.9575538550973605,0.0424461449026395
588,Giao sai mẫu cho mình. Cần rút kinh nghiệm khâu đóng hàng,1,1,True,0.01170627322643684,0.9882937267735631
589,"Mua lại lần này mình có hơi thất vọng. chất lượng sản phẩm vẫn ok, không có gì bàn cãi. Mà khâu vận chuyển đợt này có vẻ tệ. Hộp móp méo hẳn đi :(((",1,1,True,0.031419951788231426,0.9685800482117686
590,"Chất lượng:lớp tint trôi khá nhanh và sẽ đọng rãnh. Sau 3 tiếng xài ko ăn chỉ uống nước bằng ly, ko liếm môi thì có hiện tượng màu loang lỗ. Ko nên mua nha. Với giá này và chất lượng như này thì có nhiều options khác tốt hơn rất nhiều. Dưỡng ẩm:ko có ẩm",1,1,True,0.4784639579898618,0.5215360420101381
591,Mùi hương:dịu nhẹ Đối tượng sử dụng:trẻ em Chất lượng sản phẩm:ổn  Giao hàng nhanh đóng gói cẩn thận nhận hàng ưng ý,0,0,True,0.9943905260329018,0.005609473967098132
592,"Mua 33 gói màu tím,mà toàn gửi mấy gói vớ vẩn thôi.treo đầu dê bán thịt chó.shop làm ăn lừa đảo vậy a",1,1,True,0.005193873643671039,0.994806126356329
593,"Shop đóng gói kỹ, giao hàng nhanh, packaging đẹp, son tint lì, màu bóng nhẹ phù hợp nhiều tone màu makeup",0,0,True,0.9977953759207979,0.002204624079202115
594,Tạm thời cho 4 sao. Hàng giao đúng theo yêu cầu và đóng gói cẩn thận. Đóng hộp và bao bí nhìn rất sang. Chưa sử dụng nên chỉ cho 4 sao thôi. Thanks shop.,0,0,True,0.8171770188076021,0.18282298119239804
595,Dưỡng ko ra dưỡng mà son ko ra son. Tệ,1,1,True,0.007594101008442415,0.9924058989915575
596,"Hương thơm:thom nhe nhe Kinh nghiệm sử dụng:de su dung Làm đẹp:mua lai lan 3 thi chat luong mien che, ko bij kho da nhu mau den",0,0,True,0.9567843100760051,0.04321568992399499
597,"Khuyên mọi người không nên mua sản phẩm này. Vì quá tin nên fomo theo mua dùng thử, lúc mới đánh rất đẹp nhé mng, mịn, không bị khô. nhưng khoảng 2h là xuống tone, mặt đen đi 2 tone ấy. kinh dị lắm huhuhu mọi người chuyển qua mbl nắp tím đi, dù hơi khô nhưng dưỡng ẩm kĩ là ukiii nhé. cái sp này vừa k kiềm dầu vừa nhanh trôi, lần đầu tiên mua sp thất bại như dị😭😭😭",1,1,True,0.24960194079550768,0.7503980592044922
598,"Sp mua thời gian hsd ngắn. Kiểu hàng gần hết hạn. Sp km thì đã bị bóc, chảy hết ra ngoài gói hàng. Một hãng lớn mà làm ăn vậy.",1,1,True,0.004807439562899159,0.9951925604371009
599,"Sản phẩm tốt, cute đáng yêu đẹp lắm sẽ ủng hộ shop tiếp nha shop",0,0,True,0.9981483668900485,0.001851633109951618
600,Shop đóng gói kỹ. Giao hàng nhanh. Đúng và đủ hàng cho khách. Hoàn toàn hài lòng. Tặng shop 5 sao. Sẽ ủng hộ shop tiếp. <3,0,0,True,0.9817381240983073,0.018261875901692624
601,"Đúng với mô tả:dung Chất lượng sản phẩm:dung  Xin lỗi shop vì mua cho người thân nên k có ảnh và video mong shop thông cảm, cường lực dễ dán nhé mọi người",0,0,True,0.7903875812409366,0.20961241875906347
602,"Bao bì:ok Mẹo:ok Kinh nghiệm sử dụng:ok  Hàng được đóng gói cẩn thận, giao nhanh. Sản phẩm hoạt động tốt, mẫu mã đẹp. Giá cả hợp lý, đáng để mua.",0,0,True,0.9691915401550454,0.03080845984495459
603,"Hương thơm:mui thom nuoc hoa nhe nhang va tu nhien Làm sạch:lam sach kha tot  Được review là dùng ok, mùi hương dễ chịu và giặt đồ khá sạch sẽ",0,0,True,0.9994120765847447,0.0005879234152553534
604,"Bao bì:nhuw anhr Lợi ích:ur tocs Hương thơm:thomw  mình dùng sản phẩm này thấy cũng tàm tạm thôi, có hiệu quả, nhưng hiệu quả không rõ ràng lắm. mùi cũng thơm đó, rẻ, đóng gói cẩn thận. tóc mình thuộc dạng khô sơ hư tổn nặng, bị xù nữa, do mình cắt ngắn. nói chung là hên xui ha, ai hợp thì sẽ hợp thôi",0,0,True,0.8631040995046613,0.13689590049533876
605,"Bao bì/Mẫu mã:tiện dụng Hương vị:sữa  Mua vì thiết kế túi dễ sử dụng và bảo quản, sẽ mua thường xuyên ..",0,0,True,0.8786188279863163,0.12138117201368386
606,"Bao bì/Mẫu mã:mới Hương vị:dc  Đóng gói kém chất lượng, mua 5 lần hết 4 lần chảy ! Nên xem lại cách đóng gói.. góp ý thật Ai mua thì lưu ý chứ đặt gần 1 tháng mới dc..",1,1,True,0.07330291251597176,0.9266970874840282
607,Trải nghiệm quá chán  Đây là mình đặt hộ ng nha Cũng như khi đặt k hiện lên tick thêm deal 0đ thì lsao mình ấn dc,1,1,True,0.14073275962989115,0.8592672403701088
608,Bị thủng 3gói chảy nước,1,1,True,0.015287502889207142,0.9847124971107929
609,hình ảnh và video chỉ mang tính chất nhận xu nên mua dubgf thích săn love rất rẻ,0,0,True,0.9970745529309174,0.0029254470690826015
610,Chất son đẹp mua được giá sale hời sản phẩm tốt ẩm môi rất phù hợp . Mọi người mua nhé,0,0,True,0.9925509698029445,0.0074490301970555175
611,Hình ảnh chỉ mang tính chất nhận xu..! Con mình uống hãng này từ 4 tháng trộm vía lanh lợi,0,0,True,0.949663927235993,0.05033607276400707
612,"Mềm mịn:mềm mại Làm sạch:làm sạch tốt Tạo bọt:tạo bọt nhiều  Thấy đánh giá tốt nhiều nên yên tâm với chất lượng sản phẩm. Gói hàng đc bọc cẩn thận, bao bì mẫu mã đẹp. Tks shop.",0,0,True,0.9941413361218211,0.005858663878178947
613,"Mùi hương:matcha, khổ qua Phù hợp với loại da:mọi loại da Công dụng:giảm mụn  Mấy đợt trc mình mua hàng rất ok nhưng đợt này mua hàng bị bẩn dơ với lúc nhận hàng hộp bị rách rồi phần quà kèm nó bị rách nữa, nhìn như hàng bị đẩy qua lại nên bẩn nguyên chai nhìn cũng dơ dơ nữa",1,1,True,0.03831982939957738,0.9616801706004227
614,"Mẹo:làm đẹp Lợi ích:lâu trôi Làm đẹp:m mua màu 9, mà lên màu tối k giống hình, bôi mãi mới lên màu, nước chứ k đặc, khó đánh",1,1,True,0.20994276306575532,0.7900572369342447
615,Sản phẩm như mẫu nha...dùng thấy ok lắm luôn. Tẩy trang cũng khá sạch đến 80% luôn. Nên mua nhaaa lần sau ủng hộ shop tiếp,0,0,True,0.9986890024170473,0.0013109975829526277
616,Giao thiếu hàng mình yêu cầu giao thêm cho đủ mà shop không đồng ý. Con mình hết sữa mới đặt mua. Shop giao hàng thiếu rồi shop yêu cầu trả hàng lại cho shop chứ không gửi thêm hàng còn thiếu. Giờ trả hàng thì không có sữa con mình uống. Shop đúng là dồn khách hàng vô thế kẹt. Mô tả sp một đằng giao hành theo một nẻo. Chẳng khác nào treo đầu dê bán thịt chó. Shopee Mall mà làm ăn kiểu này mất uy tín quá,1,1,True,0.00035370568825887627,0.9996462943117411
617,"Kem đặc mịn bôi lên da không bị bết dính, nhanh khô, dưỡng ẩm tốt, mùi rất nhẹ, đóng gói cẩn thận, giá hợp lý",0,0,True,0.9942101470691159,0.005789852930884045
618,"Thất vọng, giao hàng ko tặng kèm như quảng cáo",1,1,True,0.00011095917025346254,0.9998890408297466
619,"Giao hàng nhanh. Đóng gói cẩn thận che tên sản phẩm, chất lượng ổn so vs giá",0,0,True,0.9974433973949514,0.0025566026050485554
620,Shop giao thiếu sản phẩm nhưng không bổ sung hoặc hoàn tiền,1,1,True,0.009065536207356617,0.9909344637926433
621,Đặt cấp ẩm giao kiềm dầu đã nhiều lần nhắc shop nhưng đặt đơn nào cũng sai,1,1,True,0.044087630584413416,0.9559123694155867
622,Đóng gói cẩu thả sữa đổ ra tùm lum. Nhắn cho shop thì chối tránh trách nhiệm kêu đợi 4.5 ngày  mới giải quyết,1,1,True,0.0025344996348452,0.9974655003651548
623,"Đóng gói chán đời, mua hũ kem nhận đc ship đến nơi kem nóng chảy, chưa giám dùng vì lo nó bị hỏng rồi.",1,1,True,0.008471767513662706,0.9915282324863374
624,Đã nhận đúng hàng đặt mua ! Sản phẩm đã sử dụng nhiều lần nên chất lg rất tốt ! Sẽ ủng hộ shop tiếp !,0,0,True,0.9957339960975848,0.004266003902415161
625,"Bao bì/Mẫu mã:Dỏm, bị xì, trào sữa ra ngoài, mở thùng toàn kiến. Khiến nhà toàn con kiến Hương vị:Chưa chắc ổn vì bị xì bịch sữa mà  Chăm sóc khách hàng thì Lười và tào lao. Giao hàng thì lâu. Có chuyện về Sp thì kiu trả hàng rồi chờ shoppee trả tiền. Ủa, vậy là chăm sóc dữ chưa? Nếu tốt là auto có địa chỉ á, gửi lại bịch Cho mình biết shop muốn xử lý sao? vẹn ko bị bể chứ. Mắc gì hành khách hàng theo quy trình hoàn tiền",1,1,True,0.0012145527221913237,0.9987854472778087
626,"Đối tượng sử dụng:trẻ em Chất lượng sản phẩm:bình thường Mùi hương:có mùi thơm  Mua hàng shopeemall mà khá thất vọng giao lọ gãy cả nắp cho khách, mua hàng đắt chứ có phải loại rẻ đâu mà shop làm ăn kiểu vậy sau ai dám mua nữa",1,1,True,0.020128312926659248,0.9798716870733407
627,"Giao hàng rất nhanh, đóng gói cẩn thận nhưng quảng cáo có hàng tặng mà không thấy tặng !!!",1,1,True,0.20070839138305022,0.7992916086169498
628,Chất lượng sản phẩm:tot Đúng với mô tả:đúng  Cái hộp dán ko chuẩn . Tốt nhất là tự dán bằng tay nhé. Chất lượng miếng dán cực tốt. Hơn hẳn mấy cái 20-30k,0,0,True,0.8814141937694866,0.11858580623051347
629,"Hàng đóng gói cẩn thận, giao đủ đơn, đúng mặt hàng. Serum này mình đã sd chai thứ 2, thấm nhanh, da căng mướt oke nha.",0,0,True,0.9965862228355588,0.003413777164441178
630,K thây quà tặng nào cả,1,1,True,0.04580679527724755,0.9541932047227525
631,"Giao hàng nhanh đóng gói kĩ chắc chắn , trừ ⭐️ vì mua hủ ủ vì móc khoá ủ , trang thì mua 1 hủ ủ tặng 1 móc khoá ủ mà hàng về lại k có quà thật thất vọng",1,1,True,0.045151564467577586,0.9548484355324224
632,"Hàng đóng gói hộp sữa bị móp tả tơi nhưng cái thùng thì ko móp, shop giao hàng bị rách cho mình",1,1,True,0.002938176923510505,0.9970618230764895
633,Son ko lên màu gì luôn.,1,1,True,0.024321521413208907,0.975678478586791
634,Độ tuổi sử dụng:1-3 Chất lượng sản phẩm:tot Bao bì/Mẫu mã:bị móp  Đóng hàng sơ sài chỉ hộp sữa và thùng giấy k có giấy chống sốc,1,1,True,0.0446415082469633,0.9553584917530368
635,Lần thứ 4 mua mà ko nghĩ lại móp méo như vây,1,1,True,0.004812179078786764,0.9951878209212133
636,"Chất lượng sản phẩm:tệ  Vừa dán xong thì thấy kính bị mẻ rồi trong khi là kính cường lực. Nhắn shop thì shop gửi sticker rồi im lun, không có phương án giải quyết gì. Trải nghiệm rất tệ.",1,1,True,0.003167670669146879,0.9968323293308531
637,Sản phẩm giao ko kèm quà tặng. Nt shop ko tl. Chặn tn kh. Shop nên xem lại vấn đề này,1,1,True,0.004216893372544568,0.9957831066274555
638,Giao hàng nhanh nhma trải nghiệm sản phẩm ko tốt bóc ra thì do chống sốc chưa ổn nên vỏ bị vỡ và nứt nhiều chỗ phần thuỷ tinh cứng cáp nên ko sao,1,1,True,0.22166188590772706,0.778338114092273
639,"giao hàng nhanh, đóng gói cẩn thận. Sau khi dung mới biết chất lượng có tốt hay không, nếu tốt sẽ mua lần 2",0,0,True,0.9988559750882836,0.0011440249117164686
640,Giao sai hàng. Hỗ trợ chán. Hoàn trả phức tạp,1,1,True,0.011749362905953112,0.988250637094047
641,"Packaging sang xịn, đẹp, trộm vía nhận hàng nguyên vẹn không bị rơi rớt phấn ra ngoài, chưa xài thử mong là ổn áp",0,0,True,0.7801989735498861,0.21980102645011387
642,Màu sắc:ok Đúng với mô tả:ok Chất liệu:khá đẹp,0,0,True,0.9738254964974443,0.02617450350255564
643,Tôi đặt ốp viền cam. Mà lại ship cho tôi viền trắng,1,1,True,0.04321370801832747,0.9567862919816724
644,"Hàng nhận được giống với mô tả, giao hàng ổn, mua còn được tặng kèm bông tẩy trang khá là ưng ý, rất hài lòng.",0,0,True,0.9751834890063766,0.024816510993623364
645,"Dặt hàng xong tự ý huỷ ko chịu giao, bắt khách hàng dặt lại. Keu sẽ hỗ trợ 10kxu. Mình đồng ý dặt lại dơn mới. Chờ 7-8 ngày ko thấy xu đâu. Nt thì nói sợ hỗ trợ xong im ru.",1,1,True,0.0172215133702646,0.9827784866297354
646,Chất lượng sản phẩm:đóng gói cẩn thận. Chưa dùng nên chưa biết Đối tượng sử dụng:người lớn và trẻ trên 2 T Mùi hương:chưa dùng nên chưa biết,0,0,True,0.9640352344857135,0.03596476551428649
647,Mẹo:không như mô tả. như hình là biết mặt hàng nhue thế nào rồi giá thì....,1,1,True,0.3584153421276137,0.6415846578723863
648,"Chất lượng sản phẩm:chưa sd Bao bì/Mẫu mã:móp méo Độ tuổi sử dụng:2 -6  Tháng nào cũng mua, nhưng lần này nhận hàng bao bì vỏ hộp đều móp méo mặc dù có chống sốc nhiều lớp. Nhìn y như hàng giả. Có nhắn shop nhưng k thấy phản hồi. Cân nhắc sẽ k mua lần sau",1,1,True,0.007404721179371447,0.9925952788206286
649,"Chất lượng sản phẩm:tốt Tính năng nổi bật:nghe rõ,cách âm tốt  Tốt ,sẽ ủng hộ shop tiếp",0,0,True,0.9983214098976437,0.0016785901023562237
650,"Sp dùng ổn , mk khá thk cách shop nhiệt tình với khách hàng, shop ở trong nam mk ở Bắc mà 2 ngày đã giao tới r",0,0,True,0.6263274549524637,0.3736725450475364
651,sản phẩm rất ukii chất mỏng nhẹ thấm nhanh năng tone vừa phải dạng creammilk nên rất phù hợp với mọi loại da ạaa,0,0,True,0.9951087533986275,0.004891246601372648
652,Sữa tắm thơm xịn lắm. Xài từ lâu lắm rồi nên chất lượng khỏi phải nói. Cảm ơn brand đã bế Congb và Mason Nguyễn 🌟🌟🌟🌟,0,0,True,0.9590094028333521,0.0409905971666478
653,Chất lượng sản phẩm tuyệt vời. Đóng gói sản phẩm rất đẹp và chắc chắn. Thời gian giao hàng rất nhanh. Sản phẩm đẹp. Đáng để mua,0,0,True,0.9960081866658875,0.003991813334112349
654,Chất lượng san rphaam tiyetj vời giao hàng nhanh giá thành rẻ đẹp honhr ảnh và video minh hoạ lấy xu,0,0,True,0.9943682347647984,0.005631765235201494
655,"Chất lượng tốt lắm. Shop có thể đừng dùng keo trong dán lên nắp được không. Đã rất cố gắng nhiều lần nhưng mở keo ra lần nào cũng bị dính chai, làm chai bám bụi. Nhìn bẩn và mỗi lần sử dụng đều dính dính vào tay.",0,1,False,0.17876873643501656,0.8212312635649833
656,"Shop đóng gói rất cẩn thận , thời gian giao hàng rất nhanh . Thấy shop ghim quà tặng mà không thấy gửi kèm ? Hỏi thì shop bảo là mình không tích vào phần tặng quà , cứ nghĩ shop đã ghim thì tự động kèm quá chứ ? Mọi người chú ý nhé !",1,1,True,0.019965346965526248,0.9800346530344738
657,"Kinh nghiệm sử dụng:chưa dùng Bao bì:sành, nhìn sang  Chưa sài đánh giá để lấy xu",0,1,False,0.40782318177200966,0.5921768182279904
658,Hương thơm:thơm Làm sạch:owik Chất lượng:ok  Dùng thử nhà b thấy thơm nên mua dùng thử,0,0,True,0.9986029188921565,0.0013970811078436358
659,"Hàng đóng gói cực kỳ tệ, sp tới tay giấy ngoài rách bươm, đã vậy chai sữa tắm còn rỉ nước, cầm vô sp lại phải đi rửa tay, rất phiền vì mình nhận giao đến công ty chứ k phải nhà ở. Mùi sp thì k thơm như mình nghĩ, nghe mùi hơi hóa học",1,1,True,0.0680020105551052,0.9319979894448949
660,"Đã nhận được hàng, giao hàng nhanh, đóng gói cẩn thận, lần sau ủng hộ shop",0,0,True,0.9976124713818871,0.0023875286181128798
661,Đóng gói vô cùng tệ. Phản ánh rất nhiều lần nhưng chưa bao giờ cải thiện. May lần này còn đủ số lượng. Có lúc đơn hàng tổng cộng 5 sản phẩm rơi đâu hết còn mỗi 1 sản phẩm duy nhất.,1,1,True,0.08619190809488286,0.9138080919051171
662,Shop nói tặng bao đựng son nhưng khi nhận hàng ko có,1,1,True,0.004986640897323554,0.9950133591026763
663,Bao bì/Mẫu mã:đẹp Chất lượng sản phẩm:tốt Độ tuổi sử dụng:trẻ em  Giao hàng nhanh,0,0,True,0.9914769875144284,0.008523012485571541
664,Bao bì:bia cat tong Kinh nghiệm sử dụng:dc Hương thơm:thom  thơm ok ổn,0,0,True,0.9637479988036471,0.036252001196352725
665,Bảo tặng quà nhưng không tặng,1,1,True,0.006401652666857438,0.9935983473331426
666,Chưa nói về chất lượng nhưng bao bì ko đảm bảo  Nắp có nhiều vết xước bị cảm giác hộp ở ngoài xong đóng vào vỏ,1,1,True,0.03142005648927367,0.9685799435107262
667,"Giao hàng nhanh, đây là lần thứ 5 mình mua sản phẩm",0,0,True,0.7912213673005164,0.20877863269948357
668,Bao bì:dep Mẹo:khong co Lợi ích:sach gau  Mình hay mua túi cho tiết kiệm nhưng lần này mình mua chai lớn. Tưởng được tặng quà nhưng không có quà gì cả. Vậy là ntn ạ?,0,1,False,0.0217880706869944,0.9782119293130056
669,Chất lượng sản phẩm:tốt  Thơm lắm nha mọi người .mùi hương dễ chịu ko gắt quá .giao hàng nhanh chóng nên mua,0,0,True,0.998180947343784,0.0018190526562158209
670,Hương thơm dịu nhẹ chuản lavender mọi ngukwjf có thể thứ giá rẻ,0,0,True,0.9990616684057186,0.0009383315942813763
671,"Độ tuổi sử dụng:trẻ em Chất lượng sản phẩm:tốt  Hàng chính hãng nên yên tâm, mua được khuyến mãi, shop giao hàng nhanh, gói hàng cẩn thận. Sẽ tiếp tục ủng hộ.",0,0,True,0.998502769762037,0.0014972302379629816
672,"Hàng đóng sơ sài, đã nhiều đánh giá về vấn đề này vậy mà không có sự thay đổi. 1 hãng lớn như thế mà không có sự chỉn chu từ khâu đóng gói, tệ lắm luôn",1,1,True,0.02182040196169292,0.9781795980383071
673,"Quài luôn , làm ăn đúng chán . Không biết bao nhiêu lần giao sữa mốp méo luôn rồi đó",1,1,True,0.1118955005199318,0.8881044994800682
674,"Gói hàng ẩu. Chỉ gói bừa 1 lớp nilon rồi bỏ vào cái thùng rộng tênh. Kết quả bể 1 bình sữa, báo hại tôi lau dọn vì sữa chảy khắp nơi.",1,1,True,0.04429998682898625,0.9557000131710137
675,"Đã nhận được hàng, đóng gói cẩn thận, miếng rửa mặt mềm. Dùng ổn sẽ ủng hộ lần sau.",0,0,True,0.9988095064009793,0.0011904935990206958
676,Mẹo:loại này thì ok Bao bì:đẹp Hương thơm:bac hà  Sản phẩm đăng nói 1tặng1 mà giao có 1 chai xì bông... làm ăn gì không quy tính.né shop này nha...,1,1,True,0.45855958485115506,0.5414404151488449
677,"Hàng đóng gói không cẩn thận, bị chảy sữa rửa mặt ra ngoài lem nhem hết cả.",1,1,True,0.005665708834405499,0.9943342911655945
678,Shop giao thiếu hàng,1,1,True,0.017213047141983573,0.9827869528580164
679,Sài nguyên bộ  Da đẹp mởn mởn Mờ thâm Cũng sáng lên Da mịn Nên mua nha moi nguoi Nên kết hôp Sài nguyên combo moi hieu qua,0,0,True,0.9604035150566057,0.03959648494339426
680,Mua cả triệu mà không hề có 1 món quà tặng như hình Trong khi trên Live vẫn nói tặng quà,1,1,True,0.004584873078828748,0.9954151269211712
681,"nắp ọp ẹp, dởm, chai nặng tay nhưng mùi hương liệu quá nồng làm da bị kích ứng mẩn đỏ, khá thất vọng",1,1,True,0.010864378189268775,0.9891356218107311
682,Chống nắng L'Oréal đổi mẫu nhìn đẹp cực 😍. Giá ổn áp nữa! Còn được tặng quà mini size với túi nữa! Cảm ơn shop nhiều nhé 😘,0,0,True,0.9741863124118705,0.025813687588129616
683,"Mình nhìn nhầm cứ tưởng tắm gội đặt luôn 1 bình to oạch nhưng mà bù lại đc tặng 2 chai tắm gội nhỏ quá là hợp lý, tính ra lại quá rẻ. Thơm dịu nhẹ rất thích, mua shoppe mall thì lại quá là yên tâm nữa nha các mẹ nên thử 😘😘😘",0,0,True,0.9144802841998357,0.08551971580016438
684,Mình đã dùng sản phẩm được một thời gian nhưng cảm thấy chả khác gì so với ban đầu tức là tóc mình chả bao giờ sử dụng mấy cái loại như thế này nhưng dạo gần đây mình cảm thấy tóc mình khá là khô xơ được review trên top thì mua về dùng thử nhưng mà nói chung là cảm thấy chả khác cái gì đều như vậy nhé mọi người nói chung không nên mua sản phẩm này nên sử dụng những loại khác,1,1,True,0.29649524336941285,0.7035047566305872
685,"Làm đẹp:no Mẹo:no Kinh nghiệm sử dụng:no  Chưa dùng nhưng phải vô đánh giá dịch vụ tệ cho shop Mang tiếng shop mall nhưng làm ăn rất chán Lần đầu đặt đơn srm thấy ok nên mới đặt tiếp tẩy trang Mà lần 2 đặt tự nhiên mới đến kho shipper đã báo hoàn hàng về, mình cứ đổ lỗi cho shipper hóa ra nay đặt lần 3 mới biết lỗi do shop Ship từ cuối VN lên đầu VN mà K CHO 1 MIẾNG CHỐNG XÓC NÀO, vứt nguyên cái chai vô hộp rõ mỏng, đến nơi cái hộp nát như kia, đến miếng dán còn nhăn nhó, may hơn lần trước là chai k bị nứt chảy nước Đã bị 1 lần rồi nên ngay khi đặt đơn cũng đã note shop, sau đó lại gửi tin nhắn lần nữa, cskh hứa nọ hứa kia nhưng nhận đơn đâu vẫn vào đó Trong khi shop khác cùng tỉnh họ bọc cho mấy lớp chống xóc mà sản phẩm còn chả phải dạng lỏng, thì đây ship rõ xa sản phẩm còn dạng nước nhưng thấy bọc trông chán không  Shop nên xem lại nhân viên kho chứ cứ bọc kiểu này shop sẽ mất hết khách kể cả có là shop mall chính hãng đi nữa người ta cũng không quay lại điển hình là mình nhé!",1,1,True,0.0015470212191195376,0.9984529787808806
686,"Shop đóng gói kỹ, giao hàng nhanh hơn dự kiến. Sản phẩm đúng mô tả, chưa sử dụng lâu nên chưa đánh giá được độ bền/hiệu quả. Nếu dùng ổn sẽ quay lại ủng hộ.",0,0,True,0.9946400298702835,0.005359970129716397
687,Đây là mấy lon sữa mà shop mall giao cho khách đây sao :))) nói thô nhưng thật nhưng nhân viên gói hàng Ng.u thật sự :))) dán băng keo 2 lon vô với nhau r giao cho khách. Trả hàng hoàn tiền thì bắt có clip khui hàng trong khi mua sữa đó giờ ai mà quay clip khui hàng. Nhắn cskh thì cứ kêu ấn thht. CON LẠY MẤY MÁ TRẢ HÀNG KHÔNG ĐƯỢC NGƯỜI TA MỚI NHỜ CSKH HỖ TRỢ MÀ TRẢ LỜI NHƯ CÁI MÁY VẬY. MUA CẢ MẤY ĐƠN RỒI NHƯNG CHƯA LẦN NÀO THẤY ĐÓNG GÓI TỆ VÀ COI THƯỜNG KHÁCH ĐẾN VẬY,1,1,True,8.348581514420565e-05,0.9999165141848558
688,sản phẩm ok nha hình thức khá là đẹp cách nhiệt cũng ổn đáng mua nha mng,0,0,True,0.99761742320224,0.002382576797759982
689,Hình ảnh mang tính chất nhận xu Sau 1 tháng gội thì thấy gàu lên x2. Mn mua nên cân nhắc . Gàu lên từng mảng trắng xoá luôn ấy. Mình sẽ k mua lần 2 sp này ! 🙏,1,1,True,0.42621316398116144,0.5737868360188386
690,Giao hàng nhanh. Đóng gói cẩn thận. Máy sấy sài siêu tốt rất êm,0,0,True,0.9961763452654818,0.0038236547345182116
691,"Mua cho ck 1 lố. Chất vải khá mềm mịn, mặc cũng thoải mái. Nên mua",0,0,True,0.9760782587036267,0.023921741296373273
692,Mẹo:minh chua dung Kinh nghiệm sử dụng:minh su dung lan dau tien Hương thơm:dung lan dau nen chua biet  Mình dùng lần đầu tiên nếu sản phẩm ok mình sẽ quay lại ủng hộ shop tiếp ạ,1,0,False,0.989918422334937,0.010081577665063091
693,"Cái phần mua để tặng kèm quà nó quá bé và mờ, quá tệ",1,1,True,0.003499198758177983,0.9965008012418219
694,Không thấy túi giấy đâu,1,1,True,0.03889421949856379,0.9611057805014362
695,Làm đẹp:lm sạch da Hương thơm:thơm Mẹo:kết hợp cùng bông tẩy trang lm sạch da  Okkkkkkk lắm nha😻,0,0,True,0.9868292776762848,0.013170722323715182
696,"Sữa rửa mặt bung nắp, nhoe nhoét hết ra. Mong sau shop cẩn thận hơn.",1,1,True,0.05877008224679973,0.9412299177532003
697,"Sữa đổ ra hết cả bịch. nt shop, chỉ đưa phương án hoàn hàng. Sữa bê bếch vậy rồi bảo khách hàng đóng gói kiểu gì",1,1,True,0.0030461050778535594,0.9969538949221465
698,"Chất lượng:giao hàng không thèm theo quà tặng, không giống quảng cáo",1,1,True,0.006838378701003863,0.9931616212989961
699,"Đóng gói sơ sài. Ko có hộp thì thôi còn lấy keo quấn lại vậy, mình ghét kiểu đó nhất ý, gỡ ra thì dính keo, để lâu bụi bám trên lớp keo nhìn bẩn chịu không đc",1,1,True,0.0008619860249499863,0.99913801397505
700,Mua 2 đôi mà sp cứng lại còn bị lỗi Bán hàng k có tâm,1,1,True,0.002543079669663014,0.997456920330337
701,"Hàng shop mall thì chắc là hàng chuẩn rồi. Shop đóng gói cũng kĩ, nhưng mà trừ sao vì thời gian chuẩn bị hàng của shop siêu lâu. 10/10 mình mua chục đơn, đơn shop ở gần mình nhất nhưng lại nhận sau cùng. HCM ship qua Đnai mà còn lâu hơn HN ship vào Đnai do shop giao đơn chậm. Nt thì shop k trả lời luôn.",1,1,True,0.0699627663913474,0.9300372336086525
702,"Mua loại 200ml mà vẫn thấy nhỏ hơn so với tưởng tượng, giao hàng nhanh. Đóng hàng ok, nhưng ko thấy hộp đựng bao bì sản phẩm.",0,1,False,0.39979814190543445,0.6002018580945655
703,Bao bì/Mẫu mã:ẩu Hương vị:ngon  Lần này shop đống hàng ẩu nha không bọc chống sốc từng hộp mà lót đúng hai miếng túi bóng trên thùng và dưới thùng hậu quả một hộp bị phù đít rò rỉ sữa ra ướt một xíu thùng tui chấp nhận lấy hàng vì hậu quả không làm hư hởng sản phẩm quá nhiều tui nghỉ mới bị trong hôm nay nên ship họ không hoàn hàng vì chỉ nhiễu một ít thôi không loan ướt shop cần coi lại cách đóng gói của mình đi để không bị mất khách cho đơn tới do hậu quả không lớn nên tôi không quay video lại chỉ góp ý shop thôi,1,1,True,0.006238430160039147,0.9937615698399608
704,"Độ tuổi sử dụng:all Chất lượng sản phẩm:ok  Dưỡng ẩm tốt, mùi thơm dễ chịu, không biết có kích ứng không, bé nhà mình 1,5 tháng tuổi dùng thử vẫn ok",0,0,True,0.9975365571161855,0.0024634428838144753
705,Chất lượng sản phẩm:bun  Nhìn packaging rất xịn xò nhưng dán vào bị bọt khí ko huhu rất bùn nha,1,0,False,0.5819901864282596,0.41800981357174033
706,"Công dụng:sữa tắm sạch da, giao hàng nhanh, giá hơi cao, quà tặng ít Mùi hương:dễ chịu, sử dụng êm Phù hợp với loại da:mọi loại da",0,0,True,0.9878306795264845,0.012169320473515488
707,Oke lắm nha trông xịn xò kb đi được bao lâu nma khá oke và chim ưng,0,0,True,0.9949290276440785,0.005070972355921437
708,"Tính năng nổi bật:sp tốt Chất lượng sản phẩm:10/10  giao hàng nhanh, tai nghe ổn, mẫu mã bao bì đẹp nha",0,0,True,0.9945795143977388,0.005420485602261232
709,Sữa móp còn ráng giao nữa trong khi họ thanh toán rồi Khó chịu vô cùng nha,1,1,True,0.047459024998991274,0.9525409750010088
710,"Đóng gói hời hợt, mở ra bung bét hết trơn, kem nền chưa sử dụng nhưng đầu vòi và nắp dính đầy kem, cảm giác đây là hàng đã qua sử dụng. Trải nghiệm mua hàng quá tệ",1,1,True,0.014661193850154667,0.9853388061498455
711,"Tóc mềm mượt:Chua xac dinh Giảm rụng tóc:Khong biet Hương thơm:Binh thuong  Vận chuyển rất tệ bị trào ra hết luôn, không ngờ mua gian hàng chính hãng mà đóng gói gớm tới mức như vậy",1,1,True,0.010010917082766505,0.9899890829172335
712,"Shop chuẩn bị và giao hàng nhanh, đóng gói cẩn thận.Giá tốt chất lượng.",0,0,True,0.9970601067124548,0.0029398932875452435
713,Quà tẶng là nước súc miệng ko cay vị trà xanh 750ml nhưng tự ý thay đổi bằng 4 chai nước súc miệng cay 100ml,1,1,True,0.25942062847125485,0.7405793715287451
714,Giao hàng rất nhanh mới đặt hôm qua nay nhận được đã mua hàng ở shop này nhiều lần rồi rất ngon nha,0,0,True,0.9810308006724807,0.01896919932751923
715,"Hãng lớn nhưng khâu đóng gói rất coi thường khách hàng, chảy tùm lum, trong khi hộp gửi đi không hề móp méo, nhưng hãng vẫn đổ cho đơn vị vận chuyển.",1,1,True,0.001271944151110575,0.9987280558488894
716,"Công dụng:hình ảnh chỉ mang tính chất nhận xu không có liên quan đến sản phẩm. Mùi hương:chất kem chống nắng này rất dễ tán.tham thấu nhanh, mỏng nhẹ.minh rất thích Dành cho da:dành cho mọi loại da.",0,0,True,0.9975646100922813,0.002435389907718725
717,"Mùi hương:Mùi dâu Độ lưu hương:2 tiếng  Mình mua body mist mới của hella, chai snow baby như mùi dâu tây ngọt nhẹ nhàng. Độ lưu hương nhẹ, nghe thoang thoảng. Sử dụng đi làm đi học khá ổn",0,0,True,0.9893018845127002,0.010698115487299797
718,Giao thiếu hàng tặng làm ăn vớ vẩn mua trên live hannaolala còn thế vui lòng shop hỗ trợ giải quyết mình gửi vd khui hàng khỏi cãi,1,1,True,0.008864446625172051,0.991135553374828
719,"Kiểu dáng:đẹp Chất lượng:tốt Hương vị:ngon  Hàng đóng gói cẩn thận. Giao hàng nhanh. Gửi sữa cận date chỉ còn 2 tháng, thương hiệu lớn mà bán hàng nhanh hết hạn, trong khi những hãng sữa khác gửi hàng hạn sử dụng tận 6 tháng. Shop coi lại cách bán hàng ra thị trường.",1,1,True,0.20164534383038188,0.7983546561696181
720,"Đóng gói ko cẩn thận, sơ sài làm tuột đầu nhấn, dầu gội chảy ra ngoài",1,1,True,0.005801885393137418,0.9941981146068626
721,Chất lượng sản phẩm:tốt Độ tuổi sử dụng:em bé  Hình ảnh mang tính chất nhận xu thôi nha mọi người oii,0,0,True,0.9946858665765294,0.005314133423470556
722,Sản phẩm rẻ kkk hình ảnh chỉ mang tính chất nhận xu thoy à săn sale oki,0,0,True,0.9951932951489345,0.004806704851065643
723,"Dầu gội mượt tóc, mùi thơm dễ chịu, shop đóng gói kỹ và cẩn thận, mua đc giá săn sale nên rẻ ghê",0,0,True,0.9982880547625538,0.0017119452374463036
724,Kem dùng thích mềm da lắm . Đơn trc m mua serum và kèm 2 kem này sz nhỏ dùng thấy thích nay mua hũ to luôn. Shop gói hàng kỹ giao cũng nhanh. Túi tặng kèm nhỏ xinh xinh ra ngoài xách theo xíu đồ ok nè . Cám ơn shop nha m sẽ ủng hộ lâu dài ạ❤️❤️❤️❤️❤️❤️❤️,0,0,True,0.9990836869404385,0.0009163130595616189
725,"Chất lượng sản phẩm:tốt Độ tuổi sử dụng:mọi lứa tuổi  Mùi rất thơm, nhưng hơi nồng, dưỡng ẩm tốt, nên mua",0,0,True,0.9938445380407553,0.006155461959244569
726,"Đóng gói sơ sài ,giao hàng lâu phải 1 tuần với nhận được đơn hàng ,mũ khá mỏng nhưng đội vô form ổn",1,1,True,0.04118348938488755,0.9588165106151125
727,Độ sáng:ko co Độ đều màu:kem  Dùng ko hiệu chỉnh da,1,1,True,0.4279961361075486,0.5720038638924514
728,"Công dụng:thơm Mùi hương:de chiu Dành cho da:nhay cảm  Giao hàng nhanhh, chất lượng sản phẩm ổn",0,0,True,0.9962750978061949,0.0037249021938050523
729,"Dưỡng ẩm:chưa biết Màu sắc:không giống  Màu sắc ko giống như hình ảnh quảng cáo lắm, không được đổi trả hàng vì đã mở ra xem, haizzz xu cà na",1,1,True,0.03733634998918053,0.9626636500108194
730,Mình dùng một giọt nhỏ cũng bị nóng rát. Đáng lẽ ra shop phải có hướng dẫn sử dụng và cảnh báo những vấn đề không mong muốn có thể xảy ra khi dùng serum pond's bằng tiếng việt cho khách hàng. Mình là khách hàng thường xuyên dùng kem dưỡng pond's. Kem dưỡng rất ổn. Đây là lần đầu dùng serum   và đã bị kích ứng. Mình không đánh giá về chất lượng sản phẩm. Mình không hài lòng với shop về mảng tư vấn khách hàng.,1,1,True,0.06268506785929173,0.9373149321407083
731,"nhận đủ hàng, mới đắp nên kh biết chất lượng ntn nhưng thấy đắp xong da mềm ẩm",0,0,True,0.7172723511054091,0.28272764889459084
732,kem ủ tóc sài rất mượt thơm lưu hương trên tóc được rất lâu sài tốt,0,0,True,0.9409849858988061,0.059015014101193954
733,Giao hàng nhanh. Đóng gói chắc chắn cẩn thận. Sấy nóng và lạnh. Hi vọng bền hihi,0,0,True,0.9964273353346411,0.0035726646653588957
734,"Bao bì/Mẫu mã:sữa có đường  Đóng gói không chắc chắn khi mở ra 1 bịch bị thủng đổ chảy tùm lum, không hài lòng",1,1,True,0.0027417505302759215,0.9972582494697241
735,shop lsau nên bọc thêm hộp giấy và thêm chống sốc nữa. chứ mở ra hết nửa thùng uống nỗi ji nữa trả tiền r tin tg k mở ra ktra ship đi r mở ra ối dồi ôi chẳng nhẽ gọi trả lại hic.,1,1,True,0.06325329735351508,0.9367467026464849
736,sản phẩm ok.shop giao hàng nhanh.Nên mua khi cần nha mọi người.shiper thân thiện,0,0,True,0.9754704988625472,0.024529501137452763
737,bị vỡ nắp kẹp của chai dầu xả nên là nó bị chảy ra hết,1,1,True,0.025484263828909375,0.9745157361710906
738,"Màu sắc:be Đúng với mô tả:khá Chất liệu:không biết  Giá khá rẻ nhờ mình săn sale, nón form khá đẹp. Có điều shop đóng gói sơ sài quá, không đựng được cái bọc kèm theo nón",0,0,True,0.7411417496480582,0.2588582503519417
739,"Sản phẩm chất lượng tốt, đóng gói cẩn thận, giao hàng nhanh. Sẽ mua lại. Ảnh và video minh hoạ",0,0,True,0.991494765274385,0.008505234725615084
740,Bao bì/Mẫu mã:thiếu hàng,1,1,True,0.048176890249029825,0.9518231097509702
741,Chống nắng:chưa sd chưa biết ntn  Sao trong đơn để có 2 sp quà tặng  nhưng giao hàng không hề có nha shop,1,1,True,0.010898328300384693,0.9891016716996153
742,"Bao bì:nặng tay Làm đẹp:mềm mượt tóc  Mùi hương nhẹ không nồng thoang thoảng thoi, không làm bết tóc, giao hàng nhanh, đóng gói cẩn thận",0,0,True,0.9789557948787082,0.021044205121291834
743,ốp viền cứng op vào dễ trầy điện thoại,1,1,True,0.055692259526177214,0.9443077404738228
744,Hương vị:mua chưa thanh toán thi đơn giao rất nhanh và thùng giao tới không bị móp méo. mua thanh toán ngay thì thời gian nhà bán giao cho đơn vị vận chuyển rất lâu. đóng 2 thùng đè lên nhau. thùng dưới bị móp biến dạng và ướt. mở thùng đổ bịch sữa ra ngoài thì thấy mùi rất thối. một cảm giác rất tồi tệ khi nhận phải dịch vụ kém chất lượng và chất lượng hàng hóa cũng kém (bịch sữa ám mùi thối),1,1,True,0.02048964246863072,0.9795103575313693
745,Ship nhanh nhưng k có quà,1,1,True,0.04958673495613897,0.9504132650438609
746,Mua ở live của c Hana nhưng k có quà tặng kèn theo như live nói,1,1,True,0.012617234818462145,0.9873827651815379
747,"Bao bì:ddungs Kinh nghiệm sử dụng:oce Làm đẹp:oce  lần thứ 2 quay lại mua vì dùng hợp, dầu gội thơm mùi thảo dược dễ chịu, k ngứa gàu, oceee",0,0,True,0.9114698443800436,0.0885301556199563
748,"1 cái dán dính ổn, 1 cái thì dán k dính",1,1,True,0.14819118213509694,0.851808817864903
749,"Hạt quá ít, không đủ để kỳ ra da chết. Bình thường xài những loại khác, sau khi tẩy da rất mịn. Còn này xài xong thấy bình thường. Quá thất vọng",1,1,True,0.01950313553078716,0.9804968644692128
750,"Quá tệ. Đã huỷ đơn còn cố tình gửi, cộng với ship không hỏi khách đã bấm nhận hàng. Cạch mặt shop. Chăm sóc khách hàng chậm chạp. Không hỗ trợ tốt cho khách. Không bao giờ mua lại.",1,1,True,0.0017441299011498417,0.9982558700988502
751,Cô Mai bế Anna đi muộn chút nhé c ơi em cũng cho biết thêm chi tiết nhé mẹ ạ,0,0,True,0.9805568532545879,0.019443146745412157
752,vãi cả shop đóng góii.  :)),1,1,True,0.3920318424496112,0.6079681575503888
753,"Mùi hương:Thơm Công dụng:sạch da Phù hợp với loại da:đã mụn  Hình ảnh chỉ mang tính chất nhận xử ,shop giao hàng nhanh chóng, chưa được hfwgjvvfgjyhh",0,0,True,0.9986749272061418,0.0013250727938581865
754,M mua combo 5 cái thì vừa 3 cái .còn 2 cái chật ko thể mặc đc .sẽ ko mua lại lần 2,1,1,True,0.04331420509847461,0.9566857949015254
755,Công dụng:sang da mo tham nam Mùi hương:thơm Dành cho da:mọi loại da  Giao hàng nhanh chất lượng so tốt Lần t3 mua sp bên shop zùi ạh,0,0,True,0.9886454561551913,0.011354543844808834
756,Hương vị:tho nhe ngon k ngot gat Bao bì:mau ma dep,0,0,True,0.874817865003072,0.12518213499692807
757,"Đã mua sản phẩm này rất nhiều lần và dùng trong một thời gian dài rồi nên phải yên tâm về chất lượng, giao hàng nhanh đóng gói sản phẩm cẩn thận, còn được tặng kèm quà khuyến mãi",0,0,True,0.9873857827714957,0.012614217228504266
758,Làm sạch:Sữa tắm giúp da sạch sâu và không bị nhờn Hương thơm:Mùi hương rất dịu nhẹ và dễ chịu Phù hợp với mọi loại da:Phù hợp với nhiều loại da,0,0,True,0.9971438878295164,0.002856112170483786
759,Hàng như thế này mà vẫn giao cho khách. Đặt 2 lần lần nào cũng có 1 thùng bị lỗi. Lần đầu thì mình nghĩ chắc do vận chuyển nên thôi mình bỏ qua. Nhưng lần này rõ ràng thùng này hình như bị ngập nước bị hỏng cái thùng. Bên trong sữa bịch cũng hỏng đổ ra ngoài luôn mà vẫn giao cho khách được. Trả đi trả lại thì mất công. Mà làm ăn cái kiểu chẳng hiểu nổi,1,1,True,0.0004947659182359029,0.9995052340817642
760,"2 gói nhỏ rất loảng , k thơm , 1 lần giặt cho nửa gói mà phơi lên mùi hôi rình",1,1,True,0.17174756847105419,0.8282524315289458
761,"Giao hàng nhanh, đóng gói sản phẩm sơ sài. Dễ kết nối, thi thoảng bị mất tiếng, k có đệm nên hơi đau tai, nghe ổn, pin trâu.",0,0,True,0.6013465968987318,0.39865340310126823
762,"Sữa bị bể, hôi rình, định quay phim lại hoàn hàng nhưng mà bực bội, khỏi , rồi ko biết có lần sau ko, cái này do quăng hàng nên mới bể Chán chả muốn nói lun",1,1,True,0.018751518340766937,0.981248481659233
763,Lúc nào cũng để đính kèm quà tặng nhưng toàn bịp thôi,1,1,True,0.12739058998337502,0.872609410016625
764,"Sữa bị bể. Khiếu nại shopee ko đền bù, gây khó dễ",1,1,True,0.05191740272819082,0.9480825972718092
765,Mùi hương:cay Làm sạch:cay  Cay xè chảy nước mắt mà quảng cáo là không cay,1,1,True,0.3102918664802726,0.6897081335197274
766,Thiếu bộ đồ chơi rùi,1,1,True,0.1014744483271925,0.8985255516728076
767,"Bé nhà mình theo sữa này từ nhỏ trộm vía bé khỏe OK. Mua ngày sale nên dc giá rẻ hơn vài chục. Chứ sữa này ko có quà, chỉ chơi minigame trên live mà hên xui vì bame tham gia đông xác xuất trúng quà rất ít. Khi trúng nhận quà Cực Cực Cực kì lâu.",0,0,True,0.5632311029961804,0.43676889700381966
768,Bao bì:6 Làm đẹp:6 Mẹo:6  Ừ cũng được cũng được đi nhưng mà thấy giá nó cứ sao sao Ý nhưng mà nó rẻ hơn 1 xíu thì mình yêu xấu nhất thế giới luôn mà thấy chất dở hơi ấy Ý sợ nó đi nhiều lại bận rồi lại móc lại méo lại không vừa lại hỏng lại tụt này tụt nọ lên là mong shop,1,1,True,0.034294936982001624,0.9657050630179983
769,Trên hình để tặng dầu gội mà có tặng đâu,1,1,True,0.04630408793109697,0.9536959120689031
770,"Mùi hương:bình thường Đối tượng sử dụng:mọi người Chất lượng sản phẩm:bình thường  Sài chả thấy thơm gì cả, ko quét dk mã vạch ,sd voucher nên giá rẻ nhưng ko mua lần 2 nữa đau...chán",1,1,True,0.041582728365288424,0.9584172716347116
771,Làm sạch:sạch nha Độ dịu nhẹ:an toàn cho da bé  Oke mọi thứ đều ổn. Sẽ ủng hộ lần sau.🥰,0,0,True,0.9989243598370674,0.001075640162932514
772,Khó thao tác trong việc thêm quà tặng vào đơn hàng,1,1,True,0.036753479867813854,0.963246520132186
773,"Độ bền màu:siêu sạch Công dụng:làm sạch da dịu nhhe, an toàn bạn nào da dầu nên mua e này mua được giá rẻ hãng codn tặng bông tẩy trang nữa! Mọi người nên mua cảm ơn nhãn hàng hiều",0,0,True,0.998804336735954,0.0011956632640459518
774,Shop giao hàng siêu mạnh chong  Hành gió đừng số lượng  Shop ở nhiệt tinh thần thuê  Sẽ quý là ủng hộ tiếp Thank you shopp See you sooon,0,0,True,0.987869748451243,0.012130251548757034
775,Giữ nhiệt:chua xai nen chua biet Chất lượng:chua biet Thiết kế:cung dc  Bình cũng đẹp mà ko phải mẫu như hình t muốn. Tr ơi t thấy bạn t xài bình đẹp quá tr. Đi kiếm mua về xấu quắc :) xấu thậm tệ. So sánh bình b t mua như ảnh và bình t mua chắc rửa mắt,1,1,True,0.1744021039616667,0.8255978960383333
776,"Đóng gói và ship hàng nhanh. Săn sale giá rẻ còn tặng thêm nước tẩy trang nữa. Dịu nhẹ, phù hợp all da. 😌😌😌",0,0,True,0.9982743843289867,0.0017256156710132137
777,Giao hàng nhanh sp đẹp lắm nhoa nên mua. Hình ảnh chỉ mag tính chất nhận xu,0,0,True,0.9975118635952254,0.002488136404774607
778,Không có quà tặng kèm như quảng cáo nhé,1,1,True,0.0038523522427204395,0.9961476477572795
779,Đóng gói rất chán. Trên trang thì hình ảnh mua 1 tặng 1. Đến khi nhận thì chẳng có,1,1,True,0.04357948067790318,0.9564205193220968
780,"Mẹo:lamf ddejp Lợi ích:lamf sansg da Kinh nghiệm sử dụng:binh thuong  Giao nhanh, sản phẩm rất tốt, dùng nhiều lần rồi.",0,0,True,0.9752062319125493,0.024793768087450697
781,"Chất lượng sản phẩm:nhu quang cao, xai thom lau  Mùi thơm, sử dụng dễ, giao habgf nhanh",0,0,True,0.9926130707986914,0.007386929201308534
782,Bao bì/Mẫu mã:khong dung mo ta  Vỏ hộp không đúng mô tả.,1,1,True,0.07054408668467478,0.9294559133153252
783,Bao bì/Mẫu mã:ok Hương vị:ok  Rất ok mua đi mua lại kb bao lần r con mình chi thix uog sữa này thơm ngon toàn mua nhju tích uong dần,0,0,True,0.9036776030843519,0.0963223969156481
784,"Hương thơm:không mùi Làm đẹp:sạch da  Hãng lớn làm ăn nên xem lại đi nhá, k tặng quà thì đừng có ghi rồi bắt khách thêm vào, đóng gói thì như trò đùa.",1,1,True,0.10649968763308308,0.8935003123669171
785,"Tôi k đánh giá chất lượng, tôi đánh giá dịch vụ của người bán. Sp quảng cáo mua 1 tặng 1 nước tẩy trang nhưng gửi hàng về k có, lúc mua live chọn vào mua với voucher hoàn toàn k có dòng mua kèm deal sốc, khiếu nại thì nhân viên cứ nói k ấn.vào mua kèm deal sốc, chụp hình gửi cho xem mà vẫn cứ giải thích do lỗi thao tác khách hàng.",1,1,True,0.002383922222063517,0.9976160777779365
786,Dầu gội thì chưa dùng nhưng lúc mua thì thấy có tặng quà lúc mình bấm thanh toán cũng có quà đến khi giao thì ko có quà,1,1,True,0.01402121612821198,0.9859787838717881
787,Thấy tặng gói nhỏ mà ko có giao chỉ có chai lớn vậy ghi tặng làm gì.,1,1,True,0.006497367102170674,0.9935026328978293
788,"có đơn thì đc tặng ntt còn có đơn lại kco, đểu thế. ko đúng như quảng cáo",1,1,True,0.020342494541384443,0.9796575054586155
789,"Âm thanh:tot Thiết kế:dep  với mức giá này thì âm thanh ổn nha, thiết kế ngoại hình đẹp",0,0,True,0.9532051107637179,0.04679488923628206
790,Mua 2 cây đc tặng túi đựng son mini. T mua 3 màu rồi. Chất mướt okela,0,0,True,0.9020105066152797,0.09798949338472034
791,Nhỏ gọn dễ sử dụng Âm thang tốt Quan trọng giá rẻ,0,0,True,0.9947340981170621,0.005265901882937842
792,"Bao bì/Mẫu mã:đẹp Độ tuổi sử dụng:1-6 tuổi  Đóng gói cẩn thận, giao nhanh hơn dự kiến. Giá tốt hơn cửa hàng bên ngoài",0,0,True,0.9707787819947598,0.02922121800524032
793,Giao hàng nhanh đóng gói chắc chắn sp tốt sẽ ủng hộ thêm nữa hikdkc giao tới bị móp 3 hộp gói hàng cần cẩn thận hơn,1,0,False,0.9904389735946834,0.009561026405316546
794,Hiệu quả:ko nha Mùi hương:mùi khá cổ  Chắc do đầu mình k hợp 🙂 càng xịt càng bết và rất ngứa ngứa điên lên ý,1,1,True,0.03915073544525897,0.960849264554741
795,"Mùi hương:khong Dành cho da:dau Công dụng:sang da  Xài xong thấy da siêu khô luôn, khô ráp y như bị dị ứng vậy đó mà ko dị ứng, khô rát cả mặt mà sợ luôn, sau 7 ngày thì dục luôn",1,1,True,0.28862082770594716,0.7113791722940528
796,"Sữa bị hỏng, bị phồng lên giữa 2 hộp khác nhau. Có lẽ để lâu quá, bị hỏng rồi nhé mng. Uống vào đau bụng nữa môi người. Mua rồi hối hận nhé. Shop bán hàng quá chán. Bán hàng kiểu này uống vào ngộ độc thực phẩm thì làm sao",1,1,True,0.009325514468095894,0.9906744855319042
797,"Sản phẩm dùng thích, hợp với bà nào khô, mỏng, mùi thơm, đóng gói cẩn thận",0,0,True,0.997211440099349,0.0027885599006509713
798,"Làm đẹp:toc Lợi ích:tot Hương thơm:thom  Nói về mùi thơm thì khỏi bàn r, rất thơm nha chị em, xứng đang mua về dưỡng tóc nha",0,0,True,0.9966274328174917,0.0033725671825083257
799,Này bị kẹt k lấy dk..khi lấy ra thì như này sao nghe dk.nt thì shop k TL.chán shop . có 0 sao là tui chấm lun....mail mà quá thất vọng nặng nề.,1,1,True,0.00041506522843863064,0.9995849347715614
800,"Đóng gói Ok, nhưng hàng bên trong nhìn rất fake, lọ serum chống nắng thì hộp bị khui ra sẵn, bên trong hộp bao bì nhìn rất cũ, chai toner bên ngoài nhìn bth nhưng lọ toner bên trong cũg bị trày trụa như hàng lỗi ( trày mảng lớn chứ k phải sướt đâu nha). Tẩy trang và dưỡng tóc hàng tặng mình k có ý kiến. Brand lớn mà ship hàng nhìn như hàng chợ làm mình rất thất vọng. Nhìn hàng như v ai mà dám dùng ????mình ra siêu thị mua hàng còn mới và bao bì còn nguyên luôn đó",1,1,True,0.002241042486270106,0.9977589575137299
801,"Bao siêu mỏng nó dùng quan hệ lâu sẽ bị rát . Khô , không nhiều gel. Lần đầu như lần cuối xài hãng này.",1,1,True,0.37302353345012945,0.6269764665498706
802,Sữa chảy hỏng gần mất trục bịch .. quá chán,1,1,True,0.04045644391171743,0.9595435560882826
803,Chưa biết dùng ntn nhưng khi cần huỷ đơn thì từ chối k cho huỷ( mình đặt 2 lần muốn huỷ 1 lần)  từ chối huỷ mặc dù mình huỳ luôn sau khi đặt nhầm. Rất bực mình,1,1,True,0.027149462113571794,0.9728505378864282
804,Độ tuổi sử dụng:ai cũng dùng đc Chất lượng sản phẩm:ok  Ủ tay chung zs nivia hộp thiếc xanh ta nói nò mềm điên,0,0,True,0.8699060504217769,0.13009394957822307
805,Đối tượng sử dụng:ng lớn trẻ nhỏ Mùi hương:nhẹ nhàng Chất lượng sản phẩm:ổn  Mùi thơm nhẹ nhàng...dùng khá ổn nhó...nên mua nha mn okkkkk..hihaahiabibsj djebhweb,0,0,True,0.9996614326891566,0.00033856731084331605
806,Săn sale nên đc giá mềm nha Giao hàng nhanh  Đóng gói cẩn thận Được tặng nhìu mini sample ok nha,0,0,True,0.9997936732042625,0.00020632679573743664
807,Bán giá 1 thùng 24 bịch đôn giá lên bằng 48 bịch. Lúc khách mua thì hướng dẫn sai khiến k thể trả hàng?,1,1,True,0.010606419465085892,0.9893935805349141
808,Công dụng:phủ bạc Dành cho tóc:bạc  Đã nhận được hàng. Shop giao hàng nhanh. Đóng gói rất kỹ. Đã mua hàng ở đây nhiều lần rồi. Nay được thêm hàng tặng nữa. Cái ly đẹp và chai serum nữa. Ưng nha. Ủng hộ nha mn.,0,0,True,0.9996494702993463,0.0003505297006537193
809,"Mùi hương:thơm Phù hợp với loại da:mọi loại da Công dụng:dưỡng ẩm , trắng da  Sản phẩm được rv nhiều nên mua về dùng thấy ok , không bị bết rít . Bôi lên cảm thấy da căng mướt hơn",0,0,True,0.9950270839516935,0.004972916048306451
810,"Bao bì/Mẫu mã:bao bì ko cẩn thận  Tháng nào mình cũng đặt sữa nhưng mà  Đây là lần thứ 2 shop giao cho mình bị bể sữa ướt hết. Lần trước mình đánh giá 1 lần shop kêu đổi trả vì mình lười nên ko làm. Mà lần này cũng vậy, shop ko rút kinh nghiệm, đóng gói ko kĩ dẫn đến bể sữa đổ ra ngoài. Ẩu thật sự",1,1,True,0.0008046939290581682,0.9991953060709419
811,Công dụng:duong da Phù hợp với loại da:ok Mùi hương:ok  Sản phẩm tốt Săn sale đc giá rẻ hơn bt Hình ảnh mang tính chất nhận xu thôi  Sẽ mua lại nếu cần,0,0,True,0.9987062323536812,0.0012937676463186715
812,Mùi hơi kinh Mình thấy bình thường,1,1,True,0.04808659149764064,0.9519134085023594
813,"Hàng dễ vỡ mà giao cỡ đó đó, bể sữa đổ ra tùm lum Giao hàng vừa lâu vừa ko chất lượng",1,1,True,0.0071956550829774075,0.9928043449170226
814,Hương vị:cô gái Hà Lan  Sữa ngonn sạch sẽ đáng để uống. Sẽ ủng hộ lần sau..,0,0,True,0.9716083615691214,0.028391638430878552
815,Bao bì/Mẫu mã:ok Hương vị:ok  Ko hiểu bên vận chuyển gói hàng kiểu gì mà khi nhận hàng thì sữa rách mấy gói lận. Lần đầu đặt cũng như lần cuối :)) bực k chịu đc,1,1,True,0.0018643668818933239,0.9981356331181067
816,"Thời gian giao hàng nhanh, đóng gói cẩn thận, chắc chắn",0,0,True,0.9979591062976477,0.002040893702352286
817,"Thường mình mua hàng hiếm khi complain lắm và cũng đã mua hàng của shop 3,4 lần rồi. Nhưng lần này shop giao cho mình 1 chai thì vỏ chai trầy xước, rất bẩn, đã đem rửa rồi mới được thế này, 1 chai còn lại thì hsd còn lại mấy tháng thôi",1,1,True,0.08247307419810612,0.9175269258018939
818,Bao bì:nho gon tien hang kh bi nhop meo Kinh nghiệm sử dụng:may test khoe  Su dung ok cong suat phu hop voi nhu cau,0,0,True,0.8464752802933299,0.15352471970667006
819,"K có tác dụng phồng tơi tóc mấy đâu cả nhà, xog xịt n còn đọng vân trắng trông kinh lắm nc là k thích bằng xịt tơi tóc nhà spes đâu t dùng 4 chai rùi xog thấy cái này rv nên mua thử nhưng hơi thất vọng",1,1,True,0.2542319756383303,0.7457680243616697
820,"Sản phẩm đẹp màu sắc như mô tả, hình ảnh mang tính chất nhận xu, mọi người thông cảm",0,0,True,0.9611350144831107,0.03886498551688933
821,Hương thơm:khá ok nha mùi hương cũng thơm Làm sạch:đã dùng nhiều và ok,0,0,True,0.9996068181320911,0.00039318186790882943
822,Nước hoa thơm lại mát nữa. Mua của mall nên yên tâm. Mong sẽ có nhiều ưu đãi hấp dẫn nữa để tiếp tục ủng hộ. Yêu thương,0,0,True,0.9849095354069192,0.015090464593080874
823,"Bao bì:ok Lợi ích:rửa mặt  Đóng gói và giao hàng nhanh. Đặt lúc 8h tối 9h.30 thấy giao vc rồi. Nhanh như gió Sản phẩm dùng ổn,cảm giác sạch,khô thoáng",0,0,True,0.9707475124772093,0.029252487522790794
824,"Giao hàng mhanh, đóng gói kĩ, săn sale giá tốt được tặng thêm quà",0,0,True,0.9631529317601464,0.03684706823985359
825,"Mua 2 hộp cả 2 hộp đều móp, chứng tỏ trước khi đóng gói không kiểm tra hàng",1,1,True,0.0019680622354878072,0.9980319377645123
826,"Hàng shopee mall mà làm ăn óc chó như này, móp méo mó. Ko thấy quà tặng đâu, bọc ko chắc chắn vớ vẩn",1,1,True,0.0006500951098847851,0.9993499048901153
827,"Sữa hỏng , vỡ khi rao , nhân viên ko trả lời thắc mắc",1,1,True,0.004230827127734482,0.9957691728722655
828,Mua nhiều lần rồi nhưng lần này đánh giá không được xu nên cho 1sao,1,1,True,0.17966547436138156,0.8203345256386184
829,"Đóng hàng quá ẩu tả. Quay video nhận hàng giới hạn video 1phút mà đòi lật tới lật lui 6 mặt trong khi hàng to và nặng. Quay 5 mặt rõ ràng lúc khui hàng vẫn không cho trả hàng. Video khui hàng thì quay bình thường chưa lật tới lật lui kiện hàng đã hơn 1 phút, đằng này yêu cầu quay rõ lật đủ 6 mặt kiện hàng to nặng và không quá 1 phút. Xử lý kém. 1*",1,1,True,0.0027395611485679927,0.997260438851432
830,Đặt hàng có quà tặng nhận hàng k có quà.treo thịt heo bán thịt chó.không dám mua lần 2,1,1,True,0.0010233883243259134,0.9989766116756741
831,Lợi ích:sạch gầu Hương thơm:mùi thảo dược Làm đẹp:giúp sạch gầu  Sản phẩm sài cũng được mùi thơm dễ chịu,0,0,True,0.9468105680722094,0.0531894319277906
832,"Mua không biết bao nhiêu lần rồi, lần này thấy có quà mà nhận không hề có quà, nhắn tin shop mấy ngày ko thèm rep",1,1,True,0.018801121876266775,0.9811988781237332
833,"đây lần 2 mk bị lấy hàng boom trc đó gửi lại cho mk lun toàn dán lại thông tin ko á, sp nắp mở ra thấy lỏng rồi may còn có cái giấy bạc ở đó",1,1,True,0.015889549657148172,0.9841104503428518
834,"Giao hàng khá nhanh, đóng gói kĩ càng, nên mua hàng nha, shop tư vấn nhiệt tình",0,0,True,0.9755961565770411,0.02440384342295882
835,"Ha mang tchat nhận xu, sp ko có gì để chê. Vẫn ủng hộ shop, vote 5s",0,0,True,0.7280600795028617,0.2719399204971385
836,Thiếu phụ kiện nhắn tin không trả lời,1,1,True,0.001883216238167118,0.9981167837618329
837,Hương thơm:hang chuan,1,0,False,0.9398647415479883,0.060135258452011786
838,"Giao hàng nhanh, đủ sản phẩm chính và hàng tặng kèm. Mall nên cũng yên tâm hàng chính ngạch. chưa sử dụng thử nên chưa rõ kết quả",0,0,True,0.9846952416967208,0.01530475830327916
839,"Kinh nghiệm sử dụng:lắc ddeeuf truocws khi sử dụng Hương thơm:dịu nhẹ  chân ái của mình  chai thứ n luôn gòi shop đóng hộp giấy chống sốc thân thiện môi trường , chim ưng 10đ",0,0,True,0.9816496364853727,0.018350363514627276
840,"Hương vị:tạm Bao bì/Mẫu mã:tạm  Giao hàng nhanh, đóng gói sơ sài, túi sữa bên trong bị bục chảy ra các túi sữa khác. Lại ngồi lau sữa chảy và cất hết trong tủ lanh. Tiếc voucher săm dc giá rẻ và khâu trả hàng cồng kềnh. Đợi hàng hoàn về shop chắc cả thùng sữa bốc mùi lên men theo rồi",1,1,True,0.016904600734276094,0.983095399265724
841,Vẫn vân tay bình thường nhé các bạn,1,1,True,0.021892782271736744,0.9781072177282631
842,Làm sạch:sach Hương thơm:mui thom de chiu Chất lượng:chat luong on dinh  Giá tốt chất lượng ổn nhưng k thơm lâu phải xài thêm nước xả,0,0,True,0.9945346423196364,0.0054653576803635326
843,"Mình đã yêu cầu cần op có màng bọc tất cả cam lại , shop ok mình mới đặt, nhận hang thi thấy ko co che cam nào cả, thất vọng",1,1,True,0.058939658865781897,0.9410603411342181
844,Ko có  qua tang j het,1,1,True,0.00040346001052804503,0.9995965399894718
845,Đóng hàng không có tâm. Không có chống sốc sản phẩm. Sản phẩm gãy vòi. Hộp hàng méo mó. Không chấp nhận được,1,1,True,0.01630351336100755,0.9836964866389925
846,Cần shop giải thích . Vì sao sữa bị bục vẫn đóng gửi cho khách . Trong khi 1kiện gửi cùng đóng gói sơ sài thì ko bị bục . Đây đóng gói rất kỹ càng lại bị bục ra đổ hết sữa ra ngoài .,1,1,True,0.001106147654576543,0.9988938523454235
847,Mùi hương:sua gao Chất lượng sản phẩm:tốt. Dịu nhẹ Đối tượng sử dụng:trẻ em  Sữa tắm thơm. Chai to đùng. Shop đóng gói rất cẩn thận. Nhận hàng không bị đổ tràn. Mình vừa tắm cho bé trưa nay. Thơm dịu nhẹ. Mình khá thích. Không phải kiểu mùi hương như sữa tắm dnee. Mùi này nhẹ nhàng và không bị kiểu thơm ảo nhiều. Chai to 1L chắc ba mẹ bé tắm chung luôn quá trời nhiều sữa tắm. Áp mã giảm nữa giá siêu hời. Date xa 2026. Mình rất hài lòng,0,0,True,0.9960114108711369,0.003988589128863186
848,"Giao thiếu bàn chải điện, báo giao bù thì nói là ko bù thêm được vì ko tự ý gửi thêm hàng cho khách. Giờ bắt tôi phải hoàn trả đơn thì tôi mất luôn đơn hàng sữa có voucher. Làm ăn tệ hại.",1,1,True,0.0013284746286833145,0.9986715253713166
849,Lần đầu mua sử dụng hi vọng sẽ phù hợp với tóc của mình. Nếu ổn định sẽ sử dụng và ủng hộ lâu dài. Sản phẩm giao hành nhanh. Shipper thân thiện,0,0,True,0.9989143686295048,0.0010856313704952691
850,"Shop uy tín, sản phẩm chất lượng tốt, y hình y mô tả. Mình rất hài lòng, sẽ quay lại ủng hộ.",0,0,True,0.9835607606794835,0.016439239320516563
851,"Lúc mình mua hàng là có quảng cáo tặng quà kèm, nhưng lúc nhận hàng lại không có quà tặng",1,1,True,0.0014467701047280457,0.998553229895272
852,Mua 2 đơn 1 đơn đi còn 1 đơn hạn nhận 11/8 nhưng tới 14 t8 ms đi hàng đã trễ lại còn giao thiếu,1,1,True,0.037317780918996436,0.9626822190810036
853,"Đúng với mô tả:đúng Chất liệu:vải thun thấm hút Màu sắc:đen trắng  Đẹp vải thoáng mát mặc rất đẹp , đóng gói kỹ , giao hàng nhanh chóng .",0,0,True,0.9943017626120914,0.00569823738790855
854,"Hàng giao chỉ quấn màng co thông thường, bị bể mấy bịch sữa, ướt nhẹp thùng như hình, đây là lần thứ 3 mình mua bị như này, vỏ thùng đã mỏng mà Mall ko chịu đóng túi bóng, trong khi hãng Vinamilk thùng rất dày, đóng rất kỹ, chưa bao giờ bị bể, thực sự phải suy nghĩ cho lần mua sau.",1,1,True,0.010508183698468732,0.9894918163015313
855,"Xem livetream trực tiếp làm theo hướng dẫn nhưng k có quà,nhắn hỏi shop thì shop đổ thừa làm k đúng hd nên k có quà .",1,1,True,0.006376660309422633,0.9936233396905774
856,Đã nhận được hàng. Chưa dùng nên không biết tốt không. Nếu tốt sẽ quay lại mua thêm.,0,0,True,0.9898224956539069,0.010177504346093076
857,Nhận hàng không biết bịt nào bể mà nó Thúi chịu không nổi quá là thấy vọng,1,1,True,0.006030705067878024,0.993969294932122
858,Lem sơn lấy tem che lại,1,1,True,0.27010980663445694,0.729890193365543
859,hàng bị móp hộp hết móp 2 lon sữa,1,1,True,0.001074284461547818,0.9989257155384522
860,"Vặn mãi k mở nổi lắp, định up video mà nặng quá 60mb",1,1,True,0.058914873039153694,0.9410851269608463
861,"Sp chỉ dùng để dưỡng ẩm chứ bôi kích ứng thì k ăn thua, bé nhà mình bị mẩn đỏ li ti nhưng dùng hơn tuần k đỡ. Chán",1,1,True,0.07488492221616545,0.9251150777838345
862,"cho 1 sao vì phần đóng gói quá là ẩu đoảng, lọ thuỷ tinh không bọc chống sốc, lọ mình nhận trong tình trạng vỏ và hộp rời rạc nhau",1,1,True,0.03799925812618332,0.9620007418738167
863,"Công dụng:tranhs thai  sản phẩm như hình, giao hàng đóng gói cẩn thận, dùng rất mê nên đã mua nhiều lần, ai sài nhiều thì nên mua hộp 10c cho tiện nhé!",0,0,True,0.9884458975297946,0.011554102470205255
864,"Ghi rõ 11/11 tặng quà nhưng ko có. Rất nhiều người giống mình vì thấy có quà tặng mới mua.   Shop mall mà lạ lắm, nhắn tin hỏi ko có đc 1 câu trả lời thì cho 1*",1,1,True,0.0034219867720048556,0.9965780132279951
865,Bao bì:giooống mẫu Hương thơm:chx mowr neen chx bt  hàng ok. vận chuyển nhanh nhưng shop gửi hàng rất lâu,1,0,False,0.5158073755956928,0.4841926244043073
866,"Lần đầu cũng như lần cuối mua shop này , mau gần 100 gói , hạn sử dụng 8 tháng , mà giao toàn tháng 1 k còn , còn 1 tháng ăn gì hết , vậy mà cũng shop mail dc , mọi người k lên mua mhes, gói thì nhỏ ít hơn",1,1,True,0.010045411539576795,0.9899545884604232
867,Mua của enfa gần 2 năm rồi nhưg thỉnh thoảng vẫn bị những đơn như này. Sữa bị bung lớp siu nhưng thôi con mình cũng đang hết sữa nên nhận luôn,1,1,True,0.0843084426728518,0.9156915573271482
868,Hộp k bọc không dán gì sao biết dùng rồi hay chưa  Đơn nhiều toàn đồ dễ vỡ mà k cho bọc xốp?,1,1,True,0.013970050220685315,0.9860299497793147
869,"Mình bị kích ứng nhẹ sau khi dùng retinol, nên thử kem dưỡng phục hồi này. Chất kem mỏng nhẹ, thoa lên thấy mát và dễ chịu. Sau khoảng 3–5 ngày, da giảm bong tróc, phục hồi độ ẩm, cảm giác hàng rào bảo vệ da được củng cố rõ. Rất phù hợp cho da nhạy cảm hoặc sau peel, laser.",0,0,True,0.913905467026631,0.08609453297336907
870,"Giao thiếu đồ, nhắn tin cho shop k thấy tl. Hàng thì giao cực kỳ lâu, ngày nào cũng thấy live mà đơn hàng báo nhận hàng k thành công tận 10 lần! Quá chán !!",1,1,True,0.0013934168708338672,0.9986065831291661
871,Đã nhận được hàng rồi nhé ạ. Mua nhiều lắm rồi nên yên tâm lắm nhé. Săn được sale nên giá rẻ hơn mua ở cửa hàng. Nhà mình chuyên dùng nước giặt này.,0,0,True,0.9954117204635932,0.0045882795364069
872,Cố tình giao lon sữa bị móp. Tặng quà ko đồng nghĩa với việc là coi thường khách hàng như v,1,1,True,0.0024929782702032277,0.9975070217297968
873,"Mùi hương:nhẹ nhàng  Cám ơn shop nhé , shop giao hàng nhanh , sản phẩm đẹp , cầm chắc tay , màu hồng xinh yêu lắm , da mình là da hỗn hợp thiên dầu nhạy cảm có mụn , mình bôi lên da có châm chích ạ , nhưng không bị mụn nên không biết da bị châm chích là sao nữa , bạn nào biết chia sẻ cho mình được không , đây là nước hoa hồng chứa AHA 5% ạ , mình cám ơn shop và các bạn nhé ☺️",0,0,True,0.9755269440487316,0.024473055951268318
874,"Shop đóng gói k cẩn thận làm đổ rất nhiều xà phòng một cách uổng phí,còn lại thì giao vẫn đủ và đúng",1,1,True,0.11308560065127189,0.8869143993487282
875,Không có quà tặng mà ngoài thùng vẫn để có quà,1,1,True,0.003550615136669729,0.9964493848633303
876,Lợi ích:dầu gội Clear thảo dược sạch gàu mượt tóc hơn mềm mượt hơn Giao hàng nhanh,0,0,True,0.9914373736126642,0.008562626387335796
877,Máy sấy này chỉ có gió là mạnh thui ko có nhiệt nóng :((((( sấy mãi ko đc cái tóc nên suy nghĩ kĩ trước khi mua 🥹Giá cx 300 mà độ nóng còn ko bằng cái máy vài chục quá thất vọng,1,1,True,0.018566323218344245,0.9814336767816557
878,Mang tiếng shop mall lớn như vậy nhưng chăm sóc khách hàng thua mấy shop nhỏ. Mình mua tại đây cả trăm lon sữa xong đổi lại được cách tiếp đãi như này nha mọi người. Tui vẫn còn mua và nếu các bạn còn làm việc cho có lệ như này nữa thì ăn 1 ⭐ dài dài nha :)),1,1,True,0.022067692149911222,0.9779323078500889
879,"Giá khá rẻ, màu xanh vải dày hơn màu đen, nói chung mua đc nha",0,0,True,0.9092315348137011,0.0907684651862989
880,"Dán keo lên các bịch sữa, gỡ ra sẽ dơ, dính rất khó chịu!",1,1,True,0.02190526166962614,0.9780947383303739
881,"Trời ơi bôi lên mặt h nát bét mụn lên banh chành mặt, rất thất vọng về hãng lần này",1,1,True,0.010563323913095779,0.9894366760869042
882,Hình ảnh chỉ mang tính chất nhận xu thôi ship cũng nhánh chóng. Hi vọng dùng tốt lần sau sẽ mua lại,1,0,False,0.9990574789003875,0.000942521099612328
883,"omo nhãn hiệu việt nam ko có gì để chê ạ, thương hiệu tin dùng của người việt.mua giá rẻ nên mua dùng dần ạ. hình ảnh chỉ mang tính chất nhận xu ạ",0,0,True,0.9686075260731876,0.031392473926812436
884,"Độ dịu nhẹ:đỉnh Làm sạch:khá sạch, nên mua nếu da đang mụn nhạy cảm đỏ  lâu lắm mua mới có cái tem này, bx mua ko có. đánh giá 1sao để mấy bạn biết và nên mua nha.",1,0,False,0.9864619097806603,0.013538090219339792
885,Nó mỏng lét à kh có dày dặn như hình đau,1,1,True,0.15755360278217156,0.8424463972178283
886,"Đóng gói kém, sữa bị móp mấy hộp, bể hết 2 hộp",1,1,True,0.06609838836663355,0.9339016116333664
887,Đối tượng sử dụng:moi người Chất lượng sản phẩm:tốt Mùi hương:thơm  Sản phẩm chất lượng tốt sẽ mua lại lần sau moi người nên mua nhé,0,0,True,0.9906183943059478,0.009381605694052319
888,"Hàng thì tạm ok, mà lần nào mua hàng thấy bọc hàng cũng rất tệ, hộp ngoài thì xước hết cả",1,1,True,0.0067010743789320815,0.9932989256210679
889,Bao bì/Mẫu mã:be vo Hương vị:it dương  nhận hàng bị bể sữa tùm lum . đóng gói k cận thận,1,1,True,0.011499867294903857,0.9885001327050961
890,Thấy ghi mua 2 chai lớn tặng 1 chai cùng loại 450ml mà không thấy,1,1,True,0.006320831577604251,0.9936791684223958
891,"Công dụng:dưỡng thể Mùi hương:thơm Phù hợp với loại da:hong biết  Đây là chai thứ ba rồi á=)) mình mua cho mẹ mình sài, mẹ nói thấy ok nên mình đặt típ ắ=)) app xu dô cộng voucher có 48k thôi rẻ hơn so với với bách hoa xanh nhìu",0,0,True,0.9922972016089496,0.007702798391050448
892,"Hàng thì ok nhưng hộp đựng hàng nát như thùng rác , nhìn rất mất thẩm mỹ.",1,1,True,0.30895750618255896,0.691042493817441
893,"Hương thơm:không Bao bì:Bình thường  Riêng cảm nhận của mình thấy nó không hề thơm một tí nào luôn, mà cảm thấy mùi nồng:(((. Sản phẩm không hề như mong đợi luôn. Hạn sử dụng thì in mờ không biết phải chính hãng không. Đóng gói khá là cẩn thận. Giao hàng nhanh. Mọi người nên suy nghĩ trước khi mua.",1,1,True,0.041767801040581386,0.9582321989594186
894,Đơn không đg biet dat lon đã huỷ rồi đặt lại có đg vẫn k cháp nhận - ng nhà k biet nhận đon không đg bể - mac công đổi toi đổi lui - cho cháu uống luôn. Mong shop chú ý hon - đóng gói thấy cũng kỹ lm mà  bị bể .,1,1,True,0.026948489460778807,0.9730515105392211
895,Gói kĩ quá ship bể hết 3 bịch thày lầy,1,1,True,0.37175538923367596,0.6282446107663241
896,Làm sạch:ok Dịu nhẹ:ok Hương thơm:ok  Rẻ tẩy trang sạch dịu ok rẻ giao nhanh okila la lá lô lắm lun,0,0,True,0.9963331873129765,0.003666812687023473
897,"Bao bì:đẹp Hương thơm:hương thơm dịu nhẹ tự nhiên Làm đẹp:tọc mịn  Shop đóng gói kỹ, giao hàng nhanh, mùi thơm dễ chịu, shiper giao hàng vui vẻ, có tặng phẩm cho shop 5 sao",0,0,True,0.9993297398824348,0.0006702601175651493
898,Màu sắc đẹp ý mih sài nhìu máy sấy  thấy loại đc lắm ý,0,0,True,0.7604027384533181,0.2395972615466819
899,Bao bì:ok Làm đẹp:o Hương thơm:bth  Trải no của mình thấy chống nắng = 0 í :(( mình thoa kem và bạn mình ko thoa đi biển cháy nắng ngang ngang nhau lun 😢,1,0,False,0.5472008329416309,0.4527991670583691
900,Xơ bông:raats xow  tưởng rẻ chứ cũng k hề rẻ bông gì vừa mỏng vừa xơ chê,1,0,False,0.5203033569772795,0.4796966430227205
901,Da mềm mịn:da mềm mịn và sáng Mùi hương:thơm nhẹ hương cafe  Dùng nhiều lần ròi và săn đc deal hời nữa,0,0,True,0.9970039312532911,0.00299606874670893
902,tặng cái chai ko đc nữa chai nữa,1,1,True,0.06598629943892993,0.9340137005610701
903,"Bao bì:clear  Không biết có phải chính hãng không. Mình mua trên clear Việt Nam, dùng mùi đúng clear. Ở đây mùi bạc hà hắc và ít bọt hơn",1,1,True,0.26535370495597077,0.7346462950440292
904,"Mua nhiều lần rồi ạ, hết lại mua thui ạ. Rất ưng ý luôn nha. Rcm mọi người nên thử nhaaaaaaa",0,0,True,0.9895193231769563,0.01048067682304362
905,"Hương vị:tốt Bao bì/Mẫu mã:tốt  Shop giao hàng nhanh, gói hàng cẩn thận, giá hợp lý sẽ ủng hộ thêm ạ",0,0,True,0.9957559889193227,0.004244011080677243
906,Mùi hương:Thơm mát phù hợp mùa hè Độ lưu hương:2-3 tiếng  Không hiểu sao 2 chai cozy vanilla với chai after hours cùng mua từ 8-9 tháng trước nhận hàng siêu ưng mà 1 thời gian chai after mất màu còn chai cozy thì không  Màu chai after hiện tại siêu xấu sợ 1 thời gian chai matcha cũng mất màu quá huhu. Shop có giải thích là do oxy hoá khi tiếp xúc với không khí nma 2 chai có mỗi 1 chai mất màu thì không hợp lí lắm,1,1,True,0.3788328158335736,0.6211671841664264
907,"Mua về tg đc quà tặng ai ngờ là mỗi cái dầu gội ko có tặng kèm ,mọi người chú ý nha ,shop để nguyên hình có quà tặng nhưng mà chữ mua kèm deal sốc thì bé, những hãng khác ghi quà tặng là tặng luôn ,hãng này còn phải mua kèm ,1 số ng ko bt là mất luôn,săn live nên thấy ms mua vậy ,chán quá mn chú ý .Gói hàng cũng hơi sơ sài ,co 1 miếng sốc duy nhất.",1,1,True,0.004158183279985961,0.9958418167200142
908,"Hình ảnh chỉ mang tính chất nhận xu, sữa rẻ ,ngon, giao hàng nhanh",0,0,True,0.9976029755241865,0.002397024475813464
909,"Đúng mẫu qc, đóng gói đẹp, nhìn rất chất lượng, xài thử cũng rất ok luôn, nên mua nha mng ơi",0,0,True,0.985096075148283,0.014903924851717003
910,Vận chuyển làm bể sữa,1,1,True,0.04580139391060908,0.954198606089391
911,Hình ảnh mang tính minh hoạ thôi son dùng ok nha màu lên môi xinh nhưng là mầu 02 Còn màu 24 bôi lên k ăn môi lộ van môi bôi 1 lúc là tợt toạt hết dù k ăn uống j  Hoàn hàng thì k chịu chấp nhận đổ lỗi do cơ địa ủa sao mài 02 k bị vậy vô lí,1,1,True,0.0919870755446488,0.9080129244553512
912,"Giao hàng nhanh, đóng gói không cẩn thận, chưa dùng thử nên chưa biết có tâc dụng tốt k",1,0,False,0.9410743425280349,0.05892565747196509
913,"Có mùi thơm nhẹ, tán nhanh khô",0,0,True,0.9810048245368197,0.01899517546318033
914,Giá giảm rồi mà còn đắt hơn ngoài tiệm. Thật sai lầm khi mua.,1,1,True,0.014021636510790433,0.9859783634892096
915,"Bao bì:mop meo  Săn live c H 12.12 đc giá tốt, mà nhận hàng thấy bực mình luôn. Móp méo hộp kinh khủng khiếp",1,1,True,0.028448488107697328,0.9715515118923026
916,Hương vị:ngon Bao bì/Mẫu mã:đẹp  Hạt ăn ngon giòn giad rẻ phải chăng sau lại ủng hộ hạt mới,0,0,True,0.9769516307404541,0.023048369259545908
917,Đóng gói ổn hơn mọi lần. Hộp vuông vắn ko bị móp méo. Mua hãng sữa này nhiều rồi mà mãi không thấy sale hic,0,1,False,0.28831966705838924,0.7116803329416109
918,Nón mới dữ chưa.  bán hàng bớt toxic lại,1,1,True,0.04313088963554405,0.956869110364456
919,"Mùi hương:thơm nha Công dụng:sáng da Dành cho da:nhạy cảm  Giao hàng nhanh nè , shiper thân thiện , còn lần đầu dùng nên ko bt châtd lượng á",0,0,True,0.9985326254759084,0.0014673745240915512
920,Nhận được hàng mà hộp móp méo trông mất thiện cảm quá,1,1,True,0.022842490452253544,0.9771575095477464
921,Shop giao hàng nhanh chóng. Shop đóng hộp cẩn thận nên hộp thuốc nhuộm tóc phủ bạc màu đen tự nhiên nguyên vẹn không bị móp méo. Sản phẩm thương hiệu L' Oréal nên yên tâm sử dụng.,0,0,True,0.9911339080676349,0.008866091932364989
922,"Bất ngờ về cách gói hàng và sản phẩm. Không biết có phải hàng real không mà vừa mở hộp, cầm loh dưỡng tóc trên tay mà đầy nhớt. Không hiểu sản phẩm bị sao mà băng dính dán quanh nắp.  Mình từng dùng lọ Serum mua tại cửa hàng, lôi lọ cũ và lọ vừa mua rs so sánh. Lọ cũ có mùi thơm, đậm đặc hơn lọ mới này rất nhiều. Không biết có phải hàng trộn không nữa. Shopee mall chắc không có hàng giả chứ??? Hoang mamg quá vậy",1,1,True,0.012620478283059603,0.9873795217169404
923,"Nước giặt thơm lưu hương lâu giặt sạch mọi vết bẩn , hình ảnh mang tính chất nhạn xu vì ngại lên phòng giặt chụp ảnh",0,0,True,0.9289641119829529,0.07103588801704709
924,"Mùi hương:thơm mùi bạc hà  Giao hàng nhanh, đóng gói cẩn thận, thơm, mát,",0,0,True,0.9958058729264438,0.004194127073556055
925,"Làm đẹp:tham tot,thom,ok,on,nenn muaaaaaaaaa Kinh nghiệm sử dụng:buoi sang ban ngay Hương thơm:thomm  10đ khong có nhưng",0,0,True,0.9651442270483995,0.03485577295160046
926,Sữa tươi tiệt trùng không có đường uống rất ngon nha 🥲 mà sao nhiều bạn hông uống được dị,0,0,True,0.7045144910453853,0.29548550895461473
927,Quà tặng ghi không rõ ràng,1,1,True,0.0027337433837268574,0.9972662566162732
928,"shop gói hàng cho khách thì bọc chống sóc giúp mình ,nhận hàng về móp hết hộp bên trong",1,1,True,0.015826174369784396,0.9841738256302156
929,"Shop giao hàng nhanh, đóng gói cẩn thận, giao đủ hàng không thiếu. Chai màu xanh lá thơm hơn chai màu tím nha",0,0,True,0.7459994696175875,0.2540005303824125
930,Hương vị:ngon Bao bì/Mẫu mã:đẹp  Sữa thơm ngon uy tín 10₫ không có nhưng. Nên mua nên mua.,0,0,True,0.9635224803844529,0.03647751961554712
931,"Giao hàng nhanh chóng và tiện lợi, shipper thân thiện và dễ thương",0,0,True,0.9938445858025663,0.006155414197433709
932,Mùi rất là thơm và dịu á gội thì mình cảm giác đầu mình mọc tóc và bồng bềnh hơn rất thích mình mua nhiều lần r,0,0,True,0.9833705287375895,0.016629471262410527
933,Shop giao hàng nhanh đóng gói bảo quản sản phẩm ko tốt sơ sài hộp bị rách,1,1,True,0.10419589983248141,0.8958041001675187
934,"Bao bì:đóng gói quá tệ  Quá thất vọng vì cách đóng hàng, săn sale của c Hannah và VHL họ gộp luôn đóng gói 3 đơn vào 1. Không chống sốc, kể cả các sản phẩm serum dung dịch. Chưa biết chất lượng ra sao nhưng đóng gói âm điểm",1,1,True,0.041227182239224724,0.9587728177607753
935,"Dầu gội như bị pha nước lỏng vào, gội có rất ít bội, ko có tinh chất bạc hà. Quà tặng đi kèm thì ko có. Nói chung là chất lượng rất tệ, các bạn nên cân nhắc kĩ khi mua nha",1,1,True,0.0034176490400248762,0.9965823509599753
936,Lần 2 mình nhận hộp sữa móp. Đóng gói cẩn thận thì không có cách nào hộp bị móp cả. Shop hãy trả lời phản hồi của mình,1,1,True,0.008289429516481447,0.9917105704835185
937,"Hàng ship lâu hơn các shop khác Ảnh quảng cáo là có quà tặng mà cuối cùng chỉ có 2 chai nước súc miệng, nghi vấn treo đầu dê bán thịt chó!  Nên nghiên cứu trước khi mua nha",1,1,True,0.017099233041211487,0.9829007669587885
938,Báo sh ko nhận dc hàng nh ko nhận dc hỗ trợ,1,1,True,0.012420444073193685,0.9875795559268065
939,"Dùng được 1 tuần ngoi lên đánh giá, mình ở trong nhà thôi nên không test mồ hôi đc, thoa lên ráo",0,1,False,0.3810375241468722,0.6189624758531278
940,"“Sản phẩm nhận được đúng như mô tả, đóng gói cẩn thận, giao hàng nhanh chóng. Chất lượng tốt so với giá, rất hài lòng khi mua sắm trên Shopee. Shop nhiệt tình, phản hồi nhanh. Sẽ ủng hộ thêm lần sau.”",0,0,True,0.9962590383922244,0.003740961607775487
941,Bao bì:đẹp Làm đẹp:19 tuổi Hương thơm:k thơm lắm ạ  giao hàng nhanh sữa rửa mặt dạng gel ạ chưa sử dụng chưa biết ạ,0,0,True,0.9821352535723366,0.017864746427663347
942,Mùi hương:thom Dành cho tóc:khô xơ Công dụng:tạp nếp và dưỡng tóc  Shop đóng hàng khá cẩn thận sản phẩm được bọc vào túi chống shock bằng chai thủy tinh trong khá lịch sự và sang trọng mùi thơm nhưng mình thấy thành phẩm này phù hợp cho việc tạo nếp tóc hơn là dưỡng tóc,0,0,True,0.9667399490784262,0.0332600509215737
943,"Hàng tặng làm dối trá, có 70g mà rút ruột của khách hàng còn có 10g trong chai, tặng như không tặng  Cty nên xem lại, quá thất vọng, lần nào cũng vậy  Bán hàng quá dối trá với khách hàng",1,1,True,0.0002678831530932661,0.9997321168469068
944,"Đúng với mô tả:cos Màu sắc:hong phan Chất liệu:nhua eva  dép siu xinh, chân mình 25,to và bè nên mang bị khít quá , shop có hỗ trợ đổi size lun nma mình làm 7749 cách nên nó dãn ra dc=) mua charm về gắn thêm siu xinh luôn áy dth",0,0,True,0.900113500820674,0.09988649917932596
945,"Kiểm soát dầu:không tốt lắm  ôi tại sao làm bao bì lại kém như vậy nhỉ ? đóng hẳn vào rồi nhưng nắp hộp phấn không được chặt , t để trong túi xách bị đổ ra hết túi với đồ đạc luôn",1,1,True,0.0025075944039805917,0.9974924055960194
946,"đóng gói ọp ẹp, hàng nhận bị móp nát rất mất thiện cảm. 1 sao cho dịch vụ",1,1,True,0.07723146988740759,0.9227685301125925
947,Giao hàng nhanh Đúng mẫu Shop nhiệt tình Vì đặt giúp nên không có hình ảnh ở đây Nếu chất lượng tốt sẽ ủng hộ tiếp,0,0,True,0.9964015785563022,0.0035984214436977874
948,"Đóng gói sản phẩm kĩ càng , giao hàng nhanh chưa dùng nên chưa biết sp như thế nào",0,0,True,0.9732080742800308,0.02679192571996929
949,"Giao hàng nhanh, đủ đúng số lượng Chưa dùng nên không biết chất lượng ntn",0,0,True,0.9585986879346802,0.04140131206531989
950,"Đóng gói ẩu hộp sữa bị méo, hộp giấy rách tả tơi. Đặt mẫu mới giao hàng mẫu cũ",1,1,True,0.015912807434374916,0.984087192565625
951,Hương vị:vani  Dịch vụ giao hàng quá chậm. Giao hàng chậm trễ hẳn 1 tuần. Bấm hoàn hàng thì mới lại có sự cập nhật giao hàng. Wtf? Chán không tả nổi,1,1,True,0.007303244887305864,0.9926967551126942
952,"Làm đẹp:chong nang Kinh nghiệm sử dụng:chưa sd Hương thơm:bà nào từng dùng pond sẽ biết mùi này. thơm nhẹ ok  sp mới nên k có đánh giá gì. mua của pond cũng yên tâm. Nhưng 1 sao hcho sự cẩu thả khi đóng hàng, k bỏ hàng khuyến hmãi như qc. hàng km là mẫu thử nhưng 1 khi đã live và thông báo kèm nhưng khách k nhận được thì vẫn phải đánh 1 sao",1,1,True,0.06676702113738142,0.9332329788626185
953,"Bông mềm, mình dùng mấy năm rồi. Nay trộm vía săn trên live nên giá rẻ",0,0,True,0.9877095373867283,0.012290462613271727
954,Rất bực mình với cái nắp của dầu gội. Mình mua mấy lần xoay nắp đều bị gãy. Không hiểu có vấn đề gì với cái nắp đấy. Đề nghị nên xem lại cách thức làm cái nắp chai đấy,1,1,True,0.016735852548270407,0.9832641474517296
955,Sữa thơm ngon bổ rẻ. Giao hàng nhanh chóng. Có kèm quà tặng. Chất lượng,0,0,True,0.9811710326103052,0.018828967389694765
956,"Sản phẩm giống y hình, hàng chính hãng nên yên tâm khi sử dụng, đóng gói oke nha",0,0,True,0.9919279759090589,0.00807202409094096
957,"Công dụng:sạch sâu  Muaa ngayy salee nên đựt nhìu quà lắm tr oi. Nma nước tẩy trangg vẫn xịn nhaa, dùng mấy chaiii rùi đó trrrr 😌🥰",0,0,True,0.7197076558944869,0.280292344105513
958,"Gói hàng chán không chịu được, lần nào cũng mua số lượng nhiều mà thùng gói tạm tạm, thùng thì kinh khủng, bị vài lần rồi mà giờ bực quá mới đánh giá",1,1,True,0.06601497736119895,0.933985022638801
959,"Giao hàng rất nhanh, shop đóng gói rất cẩn thận. Đã mua của shop rất nhiều lần, shop uy tín là địa chỉ mọi người nên mua.",0,0,True,0.9159810700159795,0.08401892998402045
960,"Mình đã mua bông tẩy trang này nhiều lần, nhưng đây là lần đầu tiên mình gặp trường hợp đóng gói tệ đến vậy. 6 hộp bông tẩy trang đựng trong túi bóng, không 1 hộp nào lành lặn.",1,1,True,0.19434734692875746,0.8056526530712426
961,Thiếu quà tặng nước tẩy trang,1,1,True,0.01714622422871363,0.9828537757712864
962,"xài gần 1 tháng thì nghe mùi khét nên sợ quá k dám xài tiếp dù k làm rơi rớt gì, cứ mở lên sấy thì nghe mùi khét, sợ cháy nổ nên k dám xài",1,1,True,0.0320153239180917,0.9679846760819083
963,"Mua 1 combo mà giao 1 hộp số 1, 1 hộp số 3. Mọi người mua cẩn thận kiểm tra kĩ, tin tưởng mua xong vừa mở ra thấy cây muỗng khác xem lại thấy nhầm thì đổ thừa do mình khui rồi nên giờ bỏ chứ ko giải quyết hay hỗ trợ gì cả. Từ giờ ko bao h mua trên đây nữa cũng may chưa cho con uống.",1,1,True,0.011756982339628816,0.9882430176603711
964,Hương thơm:ko Lợi ích:ch biet Mẹo:ko  thiếu quà tặng. giải quyết vấn đề quá lâu nt giải quyết rất lâu mới tl,1,1,True,0.056799227452824584,0.9432007725471753
965,Trả hàng còn nguyên mà dám bảo khách dùng ra bóc rồi bảo cung cấp bằng chứng trước khi vận chuyển thì không cung cấp được,1,1,True,0.003852612000595723,0.9961473879994043
966,sản phẩm dùng không có cải thiện hay gì đâu  mn đừng nên mua vì sẽ thất vọng shop lớn nhm cskh kém  buồn,1,1,True,0.3176835173966727,0.6823164826033272
967,"Bao bì/Mẫu mã:ok Hương vị:ok  Mình săn dc giá hời, shop đóng hàng chắc chắn giao hàng nhanh chóng. Sẽ mua lại khi cần",0,0,True,0.9824122549053979,0.017587745094602075
968,Bị bục 1 bịch. Shop nên đóng chống sốc dày hơn.,0,1,False,0.13547249503258005,0.86452750496742
969,Chất liệu:.. Màu sắc:..  Rõ ràng là mình bỏ thêm tiền gần 100k để được thêm hộp và túi vậy mà shop giao cho mình cái hộp bị rách để mình mang tặng? K giao được cái hộp đẹp đẹp thì đừng thu thêm tiền được không? Bực quá mà gần đến ngày 8/3 r nên cũng trả được hàng nữa. Mn nên né nha,1,1,True,0.2671369905719649,0.7328630094280352
970,lúc giặt có mùi thơm mà phơi lên chả có tí mùi nào,1,0,False,0.551541071603726,0.44845892839627394
971,"Shop v/c nhanh, gói hàng đẹp. Mua sale giá tốt, sữa ngon. Mong có nhiều ch.tr k/m cho khách có s/p tốt giá hợp lý để s/d. Tặng shop 5* nhé.",0,0,True,0.9927213555535976,0.0072786444464022736
972,Công dụng:lam sach mieng Mùi hương:k cay  Mua lần thứ n săn sale chứ bt mắc hic mua lần 6-8 chai cho đã cái nư,0,0,True,0.822048690956548,0.17795130904345205
973,Kinh nghiệm sử dụng:tẩy bụi bẩn trên mặt  Tẩy êm không bị rát da không bị kích ứng tại vì da mình là da dầu mụn thuộc dạng nhạy cảm nên thường chọn sản phẩm lành tính mới sài được,0,0,True,0.8683201682864038,0.13167983171359618
974,"Mềm mượt:c Hương thơm:thom  thơm lắm,vuốt vao thơm xíu mới bớt ,có mượt,không bị bết tóc,e gai mình nó xài nó chỉ mua xài cho toc uốn,vuốt vào ra lọn đẹp",0,0,True,0.9900083762214654,0.009991623778534511
975,Ko biết hàng chuẩn ko nhưng ko thấy tem phụ như 2 lọ trước mình mua chỉ thấy cái lọ tinh chất tặng kf là có tem phụ còn cái này ko có chỉ thấy chữ tiếng anh và chữ thái thôi nên ko hài lòng lắm,1,1,True,0.09018390121775204,0.909816098782248
976,"Màu sắc:đen, xanh Đúng với mô tả:đúng với mô tả của sản phẩm  Hàng chuẩn size, dễ mặc, giá cả dễ tiếp cận",0,0,True,0.9734358504331372,0.026564149566862844
977,Bao bì/Mẫu mã:đẹp Hương vị:ngon  Gh nhanh . Sp tốt. Giá thành rẻ. Shop uy tín. Ship nhiệt tình.. ngon,0,0,True,0.9960843365511023,0.003915663448897644
978,"Công dụng:dưỡng ẩm, làm dịu da Mùi hương:thơm lắm lắm luônn  Shop giao hàng nhanh đóng gói chắc chắn ạ, da mềm mượt hơn vị cíu tinh...",0,0,True,0.999803878782295,0.00019612121770486604
979,Sữa nhà dùng gần như là của Dutch Lady... thay đổi bao bì sản phẩm thấy dễ nhầm lẫn với hãng khác. Mình vẫn thích hình cô gái vắt sữa bò cơ kkk,0,1,False,0.4955728910132025,0.5044271089867974
980,"Shop giao hàng nhanh, gói hàng kĩ và hàng nhận giống hình nha ❤️",0,0,True,0.9731765019114703,0.026823498088529563
981,Tệ. Giao hàng thiếu. Móp méo. Ntin ko tloi. Hàng giá trị đồ ăn đồ uống mà quăng như nùi giẻ,1,1,True,0.001578607948883944,0.998421392051116
982,Chất lượng sản phẩm:ok la phết Độ tuổi sử dụng:từ bé tới lớn  nên mua sdung nha mấy bạn thơm với lại là sp dành cho ebe nên khong bị kích ứng đâu,0,0,True,0.9760672450107647,0.02393275498923536
983,Dành cho da:dầu Công dụng:làm sạch da Mùi hương:thơm nhẹ  Mk thấy cũng ổn áp  Rửa xong mà ko bị rít da,0,0,True,0.9910565735966927,0.00894342640330729
984,"Shop giao hàng đúng mẫu, nhận hàng chất lượng không như quảng cáo. Giá cả ok",0,1,False,0.08059253311369714,0.9194074668863029
985,Giao hàng nhanh.sản phẩm cũng ok .sẽ tiếp tục ủng hộ shop.bwh,0,0,True,0.9969810216001737,0.003018978399826363
986,"Đơn hàng gần 3 triệu. Đặt 3 hộp to tặng kèm 1 hộp nhỏ. Giao hàng nhận được có 1 hộp to và 1 hộp nhỏ. Thiếu 2 hộp to, khiếu lại mà giải quyết như trên, bắt chấp nhận mất ko tiền 2 hộp, mất gần 2 triệu như không.",1,1,True,0.014818865500153397,0.9851811344998467
987,đẹp nha mn nên mua nè xin lắm thơm nữa,0,0,True,0.9985041926725314,0.001495807327468576
988,Sữa đóng gói rất kém v sơ sài.  Tung sua ra ngoài hôpk méo mó ảnh hưởng chất lượng sữa,1,1,True,0.019968217030847613,0.9800317829691524
989,"Mình vừa nhận hàng nên không thể đánh giá chất lượng sản phẩm ra sao, nhưng thái độ của bên CSKH thì vô cùng tệ. Bao bì sản phẩm có lỗi, có hiện tượng bị rò rỉ tinh chất ra ngoài ở phần vòi xịt khi lắc sản phẩm hoặc để sản phẩm nằm xuống. Mình có nhắn với shop, nhưng shop chỉ xin lỗi rồi bảo mình nhấn trả hàng hoàn tiền để bên Shopee xem xét. Shop xin lỗi cho có, rồi để hết cho Shopee với khách hàng tự giải quyết với nhau. Mình chờ tận 2 tuần mới nhận được hàng, hàng quốc tế lại cận Tết, rồi bên vận chuyển này kia nên mình cũng đành chờ. Vì tin tưởng hãng nên mình cũng không quá để ý, mình dùng serum, kem dưỡng bên hãng trộm vía hợp nên mua hàng của shop cũng hơn 5 lần rồi, thế mà đến lần này bao bì sản phẩm có lỗi thì shop lại giải quyết như vậy. Trả lời tin nhắn lâu nữa chứ. Chất lượng sản phẩm của hãng mình đánh giá rất cao, các tháng trước hãng có sale mình còn mua sản phẩm của hãng để tích trữ đến nay vẫn còn cơ mà, nhưng thái độ CSKH như vậy nên mình xin phép đánh giá 1 sao. Mình thật sự vô cùng thất vọng với trải nghiệm mua hàng lần này ở shop.",1,1,True,0.013172030941722626,0.9868279690582774
990,Bao bì/Mẫu mã:móp méo hết,1,1,True,0.015305155780310331,0.9846948442196896
991,"Chất lượng:oke, dày dặn ko bị quăn Thiết kế:Thiết kế hologram siêu óng ánh lun  Lần đầu tiên đu tiểu thuyết và gặp được shop chân ái, ahihi🥰",0,0,True,0.8832600622868129,0.11673993771318715
992,Chất lượng phù hợp với giá rẻ mạt cho người sử dụng   kiểu Nhật Bản là một ok,0,0,True,0.9278606945092668,0.07213930549073323
993,Mùi hương:thom xiu Công dụng:làm mềm tránh khô tóc Dành cho tóc:khô xơ gãy rụng  mùi thơm xĩu giá săn sale hạt dẻ giao nhanh làm tóc đỡ khô😍,0,0,True,0.9903323201636033,0.009667679836396768
994,"Thật sự! Mình đã mua loại bông tẩy trang này rất nhiều lần, nhưng lần đầu tiên “bị” trải nghiệm tệ đến vậy! Không 1 hộp nào còn lành lặn khi được vận chuyển! đựng 6 hộp bông tẩy trang chỉ đựng trong 1 cái túi bóng ???",1,1,True,0.08945254338609036,0.9105474566139096
995,Bao bì:nhựa  Rất rất ổn sử dụng tầm 4-5 phút là máy nó nóng hổi,1,1,True,0.3941687039391204,0.6058312960608796
996,Chất lượng sản phẩm:tốt Bao bì/Mẫu mã:con mình u từ trước đến giờ thấy đóng hàng cẩn thận mà sao đợt hàng vừa rồi loại 800g nữa cơ có hộp bị bóc nắp inox ra rồi vừa mở nắp ra sữa rơi ra đầy.. vì mỗi lần mình mua nhiều hộp u hộp nào mới mở hộp đó nhưng bữa nay mở đến hộp thứ 3 ra thì bị như vậy... vì nhận hàng lâu rồi nên ko thể trả lại buồn thật chứ giá thì tăng suốt thôi  Chất lượng sản phẩm:tốt Bao bì/Mẫu mã:con mình u từ trước đến giờ thấy đóng hàng cẩn thận mà sao đợt hàng vừa rồi có hộp bị bóc nắp inox ra rồi vừa mở nắp ra sữa rơi ra đầy.. vì mỗi lần mình mua nhiều hộp u hộp nào mới mở hộp đó nhưng bữa nay mở đến hộp thứ 3 ra thì bị như vậy... vì nhận hàng lâu rồi nên ko thể trả lại buồn thật chứ giá thì tăng suốt thôi,1,1,True,0.02185566387870841,0.9781443361212916
997,"Gói bọc hàng rất tệ, mua 2 thùng chồng chất lên nhau mà không thấy có mút xốp gì để lót, khui hàng ra bể tè le, lại mất công dọn",1,1,True,0.00484394795575301,0.995156052044247
998,"Hàng ship đến bị gãy vòi, dầu gội thì bị chảy ra ngoài. Gói hàng thì cẩu thả. Mùi dầu gội thì k thơm, khó chịu",1,1,True,0.001853353014670082,0.99814664698533
999,"Chất lượng sản phẩm:tot Bao bì/Mẫu mã:móp Độ tuổi sử dụng:6-12M  Lần này mình sử dụng nick mới để mua thì nhận được lon móp. Khá lâu rồi mình mới gặp lại lon móp kể từ lần đánh giá đầu tiên ở nick cũ. Có vẻ như hãng rất thích gửi lon móp cho khách hàng mới trải nghiệm, và vẫn ko có hướng xử lí triệt để cho các lon móp như này nhỉ. Không giảm giá và cũng ko có phương án khắc phục giống như hãng sữa khác. Con hợp sữa nên mình mua, và nếu vẫn nhận lon móp thì cứ tiếp tục 1-3sao thôi ạ",1,1,True,0.08275016148047336,0.9172498385195267
1000,"Công dụng:nước súc miệng Mùi hương:dâu thơm  Chốt combo 3 chai có 130k, còn nhận đyọce quà thêm 1 chai nữa ahihi. Cảm ơn ạ",0,0,True,0.9472785921178613,0.05272140788213869
1001,Đúng với mô tả:dung mo ta Màu sắc:ghi Chất liệu:cotton  Quần chất liệu tốt mang lại cảm giác thoải mái thoáng mát cho người mặc!,0,0,True,0.885749133927615,0.11425086607238484
1002,Hương vị:thơm ngon Bao bì/Mẫu mã:đẹp mắt  Má chồng thix ăn màu này nên lần nào mua cũng chỉ mua duy nhất màu này thôi hjhj,0,0,True,0.8883063916127911,0.11169360838720888
1003,Kinh nghiệm sử dụng:thowm Hương thơm:thowm Mẹo:thowm  Mua trúng đợt sale lơn nên đc giá ưu đãi lắm cả nhà. Hàng dùng bao chất lượng rồi,0,0,True,0.9477649002399074,0.052235099760092586
1004,Không có quà tặng như trong mô tả,1,1,True,0.004709795543766567,0.9952902044562334
1005,"Giữ nhiệt:giu nhiet kha tot Chất lượng:on va dang tin cay de su dung Thiết kế:xinh xan, dthw, de cam  recommend mn nên mua, hang re ma chat luọng",0,0,True,0.9970806545831862,0.0029193454168139014
1006,"Công dụng:tránh tideeee  Giao nhanh, 24h có rùi, bao bì sặc sỡ, chưa xài nên chưa biết ra sao hết, hi vọng là tốt Có nt báo shop che tên, siêu có tâm luônnnn 💕",0,0,True,0.9093948573860287,0.09060514261397136
1007,"Hộp cũ, móp méo, như đã bị bóc ra rồi, không biết là lọ này đã qua sử dụng chưa",1,1,True,0.022414560025048418,0.9775854399749516
1008,Chất liệu:đẹp  Giao hàng nhanh. Chất lượng phù hợp giá tiền. Nên mua nhé.,0,0,True,0.9972901258396525,0.002709874160347526
1009,"Mùi hương:th Dành cho da:da dau Công dụng:chong nang  Giao hàng nhanh, săn được giá khá hời. Sản phẩm chất lượng. Rất ok sẽ ủng hộ in",0,0,True,0.999417163318415,0.0005828366815849093
1010,"Hàng móp méo quá nhiều,",1,1,True,0.03659439417190095,0.9634056058280991
1011,Mua 2lon có 1 lon bị móp quá,1,1,True,0.02513166362811307,0.974868336371887
1012,Bình luận chỉ mang tính chất nhận xu shop đóng gói cẩn thận nhé anh đi shop đóng gói cẩn trọng khi sử của mình để làm cho chi,0,0,True,0.8676042040696225,0.13239579593037754
1013,"Kinh nghiệm sử dụng:dưỡng da  Giao hàng nhanh , đóng gói cẩn thận , mua để tặng nên chx bt chất lượng bên trong của sản phẩm",0,0,True,0.9519826607304976,0.04801733926950236
1014,"Lợi ích:rửa mặt Hương thơm:ko có Kinh nghiệm sử dụng:chà sạch mặt, ko dùng sữa rửa mặt cũng đc  Rửa mặt sạch hơn. Tại da t ko hợp dùng sữa rửa mặt nên mua cái này về rửa mặt cho sạch. 10đ nha",0,0,True,0.8609882757273121,0.1390117242726878
1015,Shop chuan bi dong goi can than giao hang nhanh san pham nhu anh mieu ta💯,0,0,True,0.9897772787511591,0.010222721248840994
1016,"Dành cho da:mình thấy da dầu hợp hơn Công dụng:trắng da  Sản phẩm có vẻ seeding hơi lố, không như loại cũ… da dễ bị xót, dùng mặt banh mụn mặc dùu là tín đồ của loreal từ nước hoa hồng cũ đến cấp ẩm, kem dưỡng… tóm lại quá tệ… phí tiền… đã dùng một thời gian mới vt đánh giá nha",1,0,False,0.5170818829176382,0.4829181170823617
1017,"Bao bì/Mẫu mã:Bad Độ tuổi sử dụng:5 Chất lượng sản phẩm:Bad  Rất không hài lòng với cách bán hàng của shop/shopee Cảm giác như shop/shopee sử dụng câu chữ loằng ngoằng để lừa gạt người mua Trên hình ảnh thể hiện rõ tặng lon 1,7kg thì đúng ra người mua chỉ việc click mua và thanh toán, còn việc hàng khuyến mãi có thể hiện trong giỏ hàng hay không đâu phải trách nhiệm của người mua, đây là việc giữa shop và shopee Trên hình ảnh cũng chẳng có dòng chữ “hình ảnh chỉ mang tính chất minh hoạ” Còn cái lưu ý “hàng khuyến mãi ở trong giỏ hàng” là cái gì? Có lưu ý trong hình ảnh cho người mua là vào giỏ hàng không thấy thì phải liên hệ với shop hay gì không? Đằng này nhận hàng xong xuôi hỏi shop mới phản hồi như vậy, rồi còn thêm cái lý do chương trình chạy ngày 1/11 đã hết, nếu đã hết chương trình sao còn thể hiện combo sản phẩm? Sao không thể hiện combo sản phẩm này đã hết?",1,1,True,0.0073504943502916325,0.9926495056497084
1018,"Đóng gói như không, trong khi video thì có cái khung form giữ hộp đàng hoàng.",1,1,True,0.009929145784448886,0.9900708542155511
1019,Mẹo:u toc khoang 30 phut xa sach voi nuoc Kinh nghiệm sử dụng:su dung 30 phut Lợi ích:giup toc suon muot,0,0,True,0.9219636448857068,0.07803635511429324
1020,"Kinh nghiệm sử dụng:Ms mua dùng thử lần đầu Làm đẹp:Mọi loại tóc Bao bì:Đẹp  H.ảnh và video chỉ mang tính chất nhận xu thôi nha mn  Theo mik thấy thì chất kem đc nha, thơm mùi đào lắm mn, cần t/gian dài ms thấy rõ hiệu quả của sp 🤗",0,0,True,0.9886919839305423,0.011308016069457727
1021,Gửi sai hàng so với đơn đặt Nhắn tin thì shop chơi kiểu phản hồi theo gợi  Không chủ động hay có ý support Tóm lại làm ăn như lộn què mà cũng đăng kí shoppe mall =))),1,1,True,0.0075529482113178,0.9924470517886821
1022,Giao hàng nhanh lắm ạ đóng gói hàng kĩ mua cho mẹ xài ổn sẽ ủng hộ tiếp ạ,0,0,True,0.9997107710395449,0.00028922896045517637
1023,"nước giặt đóng gói hẳn hoi,có quà tặng đủ,săn sale giá hời. mình thấy giặt sạch ở mức khá,mùi dịu nhẹ,nên dùng cùng nước xả",0,0,True,0.9704296656093386,0.02957033439066138
1024,Giao nhanh đóng gói cẩn thận giao đúng số lượng đúng mẫu mã đã chọn giá rẻ,0,0,True,0.9827477279547079,0.017252272045292182
1025,"Bao bì thiết kế nhìn xinh xỉu, bao bên trong xài ok, chắc chắn sẽ mua lại",0,0,True,0.9601086256322015,0.03989137436779853
1026,"Giao hàng nhanh chóng, sản phẩm tốt. Sẽ quay lại ủng hộ shop ..",0,0,True,0.9992202580458333,0.0007797419541667769
1027,"Chất liệu:cotton Màu sắc:đúng Đúng với mô tả:đúng  Lần này là lần t2 mình mua của shop, do ny mình ưng nên lần này mình mua 6c, shop có tặng cho 1c. Cả 2l mình đều đặt dạng quần ngang. Vậy mà shop tặng cho mình 1 cái tam giác. Mình cũng kh đánh giá gì vì thấy đây là hàng tặng, nma cho đến khi mình nhìn size, lớn hơn bth mình đặt 1 size. Rồi quần lót mà rộng thì vừa mặc vừa sợ nó tuột hay sao nhỉ 😐",1,1,True,0.18622014131292838,0.8137798586870716
1028,"Lợi ích:công dụng dưỡng ẩm, giảm mụn rõ rệt Làm đẹp:cấp ẩm cho làn da, làm dịu da",0,0,True,0.9734241925085302,0.026575807491469816
1029,Hình ảnh chỉ mang tính chất nhận xu Nhận đủ hàng nhưng chỉ cho shop 2 sao vs cái thái độ tặng quà Tôi mua hàng t cũng k quan tâm quà tặng kèm đâu chỉ quan tâm chất lượng sp ntn  Mà shop gửi cái hộp khăn ướt km bẩn thỉu như kiểu bố thí cho khách tôi đây k thèm,1,1,True,0.03796584336132647,0.9620341566386735
1030,"Âm thanh:Âm thanh rõ ràng Thiết kế:Nhỏ gọn, đeo lâu thì hơi nhức tai  Ngon, bổ , rẻ, highly rcm",0,0,True,0.8253342963152983,0.1746657036847016
1031,"Đúng với mô tả:đúng Màu sắc:đen  Đồ của shop thì chất lượng khỏi bàn rồi , mình sử dụng dòng boxer của shop từ thời gian đầu còn thử nghiệm sản phẩm , rất ưng và ủng hộ đến bây giờ",0,0,True,0.9881913934463998,0.011808606553600267
1032,Mẹo:săn sale Làm đẹp:đẹp Hương thơm:nhe  Săn sale giá siêu hời luôn còn được tặng quà rât nhiều nữa,0,0,True,0.9873297048955917,0.0126702951044082
1033,"Kênh lừa đảo khách hàng, ship hàng k thấy kèm quà tặng, đóng gói sơ sài bị rách khi đến tay khách hàng, chất lượng chai rất mỏng, nên k dám sử dụng. Ai muốn mua nên tránh shop này ra. Kẻo mất tiền còn ôm cục tức",1,1,True,0.0011377257502596476,0.9988622742497403
1034,"Khi mk nhận hàng, 2 thùng bìa đều bị ướt, và bung ra, các gói sữa trong thùng cũng bị rơi ra.",1,1,True,0.005834300700113704,0.9941656992998863
1035,"Giao hàng nhanh, shipper dễ thương, đóng gói chắc chắn, hàng như quảng cáo, đủ số lượng, date còn xa, shop có chú ý đọc lời nhắn của khách. Sẽ tiếp tục ủng hộ shop.",0,0,True,0.8839133655269453,0.11608663447305474
1036,Sp khác với sp munhf đặt,1,1,True,0.09582054119727364,0.9041794588027262
1037,"Màu ko đúng thực tế như ảnh. Ship lâu. Nhận hàng về thấy ko đúng màu trả lại ngay sau 5p nhưng shop ko hỗ trợ. Mua ol các bác để ý cẩn thận chứ màu trên này 1 đường nhận 1 nẻo, như màu này thấy nhìn ngoài vỏ và mở cây son là nâu nhiều hơn hồng",1,1,True,0.0018239892450577777,0.9981760107549422
1038,"Mình đã nhận đủ hàng. Shop đóng gói cẩn thận, giao hàng nhanh lắm ạ. Chất lượng sản phẩm tuyệt vời, mình đã tìm hiểu sp này và rất an tâm sd. Sẽ ủng hộ shop dài dài nha.",0,0,True,0.9961623066118959,0.0038376933881041557
1039,"Đặt ly về để uống nước mà mỗi lần uống là hoá điên luôn, cái bình bật ra hút đôi khi k lên, đôi khi thì rút kêu rít rít trong khi bình đây nước, ống hút uống 2 ngụm phải mở ra gắn dô lại, uống nước ngọt là auto đi rửa tay hoài luôn chưa bh mình mua bình nước mà bực như vậy phải lên đánh giá liền, mình uống 2 ngày bực bội qá, chỉ đc cái đẹp vs giữ đá lâu còn lại thì k uống đc cx như k mỗi lần uống mở hẳn nắp bình ra thấy mệt mà ống hút thì bị hư",1,1,True,0.0016702032432935887,0.9983297967567064
1040,"Giao hàng nhanh hơn cả dự kiến. Săn sale nên giá ổn áp lắm, không có gì để chê cả. 5 sao cho shop nha",0,0,True,0.8655320957799747,0.13446790422002539
1041,"Mẹo:ok Kinh nghiệm sử dụng:ok Bao bì:ok  nên mua nha máy êm ngon lắm dùng thích lắm tôi dùng máy này là máy thứ 2 r, sài bền dữ lắm",0,0,True,0.9957980618650061,0.004201938134993886
1042,"Giống hàng thải, cận date. Sản phẩm dính bẩn",1,1,True,0.10706055754781718,0.8929394424521829
1043,"thấy bth, k có công dụng gì lắm số đo chân kia mình để bừa nha :)))))))",1,1,True,0.15563566552059246,0.8443643344794075
1044,"Làm đẹp:toc Lợi ích:sangs da Bao bì:dep  Giao hàng và chuẩn bị hàng rất nhanh, đặt 2 hôm là giao tới rồi , chưa dùng nên không biết tốt không",0,0,True,0.9661521511318713,0.0338478488681286
1045,"Đây là sữa tắm, k phải tắm gội như tên sp và live chia sẻ",1,1,True,0.0731578661622263,0.9268421338377738
1046,"Đóng gói hàng Oke, ship rất nhanh, mình xài thử thì thấy có mùi hương thơm nhẹ, mình rất thích điểm này, tóc cũng có mềm thôi, chứ chưa được suôn mượt",0,0,True,0.9975149679699017,0.002485032030098412
1047,Mua về chưa đụng tới nay đụng tới thì mũ lỗi k cài được :))),1,1,True,0.022838170558448462,0.9771618294415516
1048,"Hết tím thì báo hết đây đặt tím giao hồng mà hồng đậm này cg chả có trong phân loại hàng mình đặt luôn! Đang cần chứ k là t trả hàng rồi nha , shop làm ăn chán 👎🏻",1,1,True,0.004949350919844535,0.9950506490801554
1049,"Dầu gội trị gàu hiệu quả, mùi thơm thảo dược dễ chịu,  tóc mềm mượt ko bị khô. Đã mua nhiều lần. Shop giao hàng nhanh.",0,0,True,0.9983768519694592,0.0016231480305408553
1050,Sản phẩm thì OK Nhưng link thì để mua 1 tặng 1  mà nhận hàng thì k có quà tặng.,1,1,True,0.001522872652259477,0.9984771273477405
1051,Ghi trên trang mua hàng là tặng 1 chai dầu gội nữa nhưng khi nhận thì không có,1,1,True,0.004025141841224378,0.9959748581587756
1052,"Dành cho da:thích hợp cho mọi loại da Công dụng:chống nắng Mùi hương:không mùi  Kem chống nắng dạng sữa, rất dễ thẩm thấu vào da, chất lượng ok, nên thử nha mn.",0,0,True,0.995319626572059,0.004680373427941055
1053,"Để có quà tặng nhưng mua về k có quà nha mn, chưa hài lòng lắm nha.",1,1,True,0.09554842524105751,0.9044515747589426
1054,"Không hề có quà tặng kèm, chỉ gửi đúng 6 hộp bông tẩy trang. Mua deal tặng kèm quà, quá thất vọng",1,1,True,0.005432275898281917,0.9945677241017181
1055,"không bọc gói chống sốc, vận chuyển gỡ tùm lum hết ca đổ lênh láng chả lẽ trả về thì chắc chảy hết toàn bộ thì mình lại ác quá, 1 sao cho bọc gói vô trách nhiệm",1,1,True,0.003939573497862114,0.9960604265021379
1056,Hương vị:chưa uống Bao bì/Mẫu mã:đẹp  Săn giá rẻ có 230k thôi giao nhanh ship nhiệt tình nên mua nha,0,0,True,0.9930430384501475,0.006956961549852474
1057,Dành cho da:mọi da Công dụng:giảm thâm mắt. Bọng mắt. Nếp nhăn  Chưa sài nên chưa biết hiệu qả như nào. Nhưng phần đóng gọi qá xịn xò. Dễ thg😍 cho shop 10*,0,0,True,0.9405263929728068,0.05947360702719328
1058,"Chất lượng:không đảm bảo  dùng đến cái t2, lúc cho ít ước vào test (cho ít, không cho căng phồng) thì bục đứt đôi, không bền. :)",1,1,True,0.02667729805653629,0.9733227019434637
1059,"Ko biết do sản phẩm hay do vận chuyển. Sữa hư lủng bịch chảy hết ,chua lè. Bỏ rác hết",1,1,True,0.002544897685744063,0.997455102314256
1060,Shop bảo được tặng tui mà nhận k thấy j,1,1,True,0.011587784677419463,0.9884122153225805
1061,"Phần quà tặng cho khách hàng không rõ ràng, khiến khách hàng hiểu sai và cũng không nhận được sản phẩn như mong muốn.",1,1,True,0.0007762311333305479,0.9992237688666695
1062,"Kinh nghiệm sử dụng:Sử dụng rất hiệu quả Làm đẹp:da nào cũng xài được, phù hợp Hương thơm:Chất thấm sau",0,0,True,0.9642689757417552,0.03573102425824476
1063,Công dụng:dưỡng da Phù hợp với loại da:tất cae Mùi hương:thơm  Da mình kén mấy loại khác dùng hay bết dính kiểu gì nhưng loại này xài được chai thứ 4 rồi,0,0,True,0.9438157454392287,0.05618425456077136
1064,Công dụng:trắng da mờ thắm Mùi hương:thơm Dành cho da:mọi loại da  Shop gói hàng cẩn thận ghê. Chưa xài nên chưa rõ . Chỉ biết là ưng.Mua hàng của shop lần đầu lên mình chưa biết rõ đc kết quả. Hi vọng là sẽ như mình mong muốn.,0,0,True,0.8910355590399303,0.10896444096006981
1065,Đóng gói cẩn thận. Giao hàng tương đối nhanh. Nhưng đơn hàng này giao thiếu quà tặng.,1,1,True,0.11301043962621986,0.8869895603737802
1066,"Chất liệu:thun Màu sắc:5 màu Đúng với mô tả:tốt  Quần lót coolmate mặc rất là êm luôn, có độ co giãn tốt, mà chất liệu vải mặc k bị hằn lên da 💯",0,0,True,0.9605528461001448,0.03944715389985522
1067,"ms test thử , da mình nhạy cảm và dầu nhm ko bị kích ứng  ,chất dễ tán và ko bết bí da nha khá tốt ,mình muốn mua cả hũ mà ko bt mua đâu",0,0,True,0.8724706098961202,0.12752939010387968
1068,đóng hàng không cẩn thận hàng bị trào ra ngoài nhiều đây là ảnh mình lau bớt rồi chứ lúc đầu bầy nhầy muốn vứt đi,1,1,True,0.032087023790290305,0.9679129762097096
1069,"Túi hãng mà bộ phận chăm sóc khách hàng rất tệ , nhắn tin toàn trả lời tự động, còn đã hỏi trên live có kèm túi giấy HK shop  bảo có mình mới đặt , mà nhận hàng thì không kèm túi giấy , ôm cái hộp đi tặng HK có túi giấy xách bên ngoài kì lắm luôn. Bực hết cả mình luôn ý.....Lần đầu tiên đánh giá 2*",1,1,True,0.004351689749102161,0.9956483102508978
1070,Hiệu quả:ok ok duoc do Mùi hương:lam nha  Hình ảnh chỉ mang tính chất nhận xu thôi henn,0,0,True,0.9983780166430932,0.0016219833569067088
1071,"Mẫu mã đẹp, sữa ngon",0,0,True,0.9582780987278161,0.04172190127218381
1072,Lợi ích:Làm sạch da mặt phù hợp cho làn da dầu dễ nổi mụn và nhạy cảm và không gây bít tắc lỗ chân lông Hương thơm:Mùi thơm dịu nhẹ an toàn lành tính Bao bì:Đẹp đơn giản,0,0,True,0.9930622361808453,0.006937763819154636
1073,"Shop giao hàng nhanh, sp bao bì nhìn chỉn chu, đẹp. Ủ khoảng 2,3 lần đầu tóc rất đẹp, mượt, bóng. Nhưng sp chứa silicon nên sau những lần đó tóc trở nên khô xơ, cứng. Nói chung ai mua sp thì tóc cũng đều sẽ có vấn đề là khô, xơ hoặc rụng. Nhưng sp dùng về lâu dài ko hiệu quả. Tiền nào của đó thôi ạ. Mình mua 120k nhé",1,0,False,0.8948780131564885,0.10512198684351153
1074,Viết sản phẩm k rõ ràng,1,1,True,0.009717455277301279,0.9902825447226987
1075,"Thơm ngot, dễ uônhs ,,ung hộ sho lâu dài shhdhdjkvhhhhjhghjjjjjjjhgvbbbhuji",0,0,True,0.9971728275870212,0.0028271724129787534
1076,"Kem chống nắng này đeo khẩu trang bị dây dính đầy khẩu trang, cảm thấy ko hài lòng",1,1,True,0.15130855657405862,0.8486914434259414
1077,"Sai lầm lớn nhất là mua hàng mà k ktra cẩn thận, hàng hỏng, hàng lỗi, hàng méo mó... Không thiếu phát nào, mua 6 hộp, hỏng 2 hộp, méo 5/6 hộp, mà giá cả dù có voucher nhưng vẫn k rẻ hơn so với tạp hoá gần nhà 1k/hộp. Tác hại của lười ra hàng tạp hoá nên trả giá k hề kém là đây. Mình quên mất k chụp lại hộp hỏng hoàn toàn đã vứt đi rồi... Thật choáng với nhân cách người bán hàng....",1,1,True,0.007698337551176253,0.9923016624488238
1078,"Mặc dù chai sữa tắm đã gãy vòi rồi mà shop cố tình gói hàng đem đi giao, lần này lần thứ 3 tôi bị vậy rồi,không hiểu tại sao shop lại như vậy nữa",1,1,True,0.0046920589942136175,0.9953079410057865
1079,Bon nay bán hàng khg có tâm bảo là sản phẩm tặng. mẹ nó bảo khg bấm nút tặng 0 đồng..bấm mẹ  tụi mày..sản phẩm khg tốt rồi mọi người thận trọng khi chọn shop này..,1,1,True,0.01977461214325967,0.9802253878567404
1080,"Nhà mình shipper quen toàn vất hàng vào trong cổng vì sợ mất hàng giá trị cao nên mình đã note : CHE TÊN SẢN PHẨM + và còn nhắn tin riêng cho shop nhưng nhận về vẫn như này đây, đây là lần thứ 2 mua bị ntn rồi ( lần trước shop nt kêu sửa đánh giá nhưng lần này thÌ KHÔNG NHÉ)",1,1,True,0.009018698205454867,0.9909813017945451
1081,"Đúng với mô tả:dep Màu sắc:dep Chất liệu:dep  Giao hàng đủ, giao đến mình rất nhanh, đóng gói cẩn thận có bọc chồng sốc đầy đủ, nên mua ạ 😘",0,0,True,0.997659896413387,0.002340103586613109
1082,gói hàng quá sơ sài . họp móp méo đủ kiểu mà ko có nổi 1 miếng chống sốc. mang tiếng mua sale 15/8 mà đắt hơn ngày thường,1,1,True,0.0052134440761272645,0.9947865559238728
1083,Hương thơm:mùi quá hơi ghê 😃 dính lên da dăm dăm rát vùng da nhay cảm cánh mũi các thứ siêu rát đỏ  Ko nên dùng 🥲,1,0,False,0.8257917937064542,0.17420820629354583
1084,Giao hàng nhanh. Đóng gói cẩn thận. Xài rất thích. Thơm. Da mềm.,0,0,True,0.9999527293669249,4.7270633075130736e-05
1085,"Bao bì/Mẫu mã:quá tệ, cực kì tệ Hương vị:đóng gói kém nên bị vỡ sữa  Thật sự là mình nhận hàng trong tình trạng giống như những người mua đáng giá 1* ở đây.  Không được gói trong thùng sữa như bình thường, mà chỉ là lấy bìa cotton quấn qua loa với 1 lớp túi bóng quá sơ sài, đồ dễ vỡ nhưng k đóng được hẳn hoi như mua quần áo. Về đến nơi thì bị vỡ sữa hết ra ngoài, mùi kinh khủng. Rồi đến vài hôm sau thêm 1 bịch nữa bị lọt khí r hỏng tiếp. Và sữa là sữa ít đường bình thường,  KHÔNG PHẢI LÀ LOẠI BỔ SUNG CANXI NHƯ TRONG ẢNH.  Không biết cái này có được gọi là '' treo đầu dê bán thịt chó "" không nữa. K nghĩ 1 shoppe mall của 1 hãng sữa quá phổ biến mà lại làm ăn theo kiểu này. Nên mình khuyên mọi người không nên mua. Nên mua trực tiếp bên ngoài, tính ra cũng k rẻ thêm được bao nhiêu mà còn cảm thấy k hài lòng một chút nào.  K hiểu sao rất nhiều đánh giá 1* về việc đóng gói nhưng shop cũng không cải thiện một chút nào?  1* cũng thấy k hài lòng để đánh giá với việc bán này của shop.",1,1,True,0.0003193587991807319,0.9996806412008192
1086,"Hiệu quả:ok Mùi hương:thom  Giaonhang nhanh, bọc ok. Xịt vào thấy phồng tốc lên luôn. Sau mua 2 tuần xịt vào lại bết la tnao shop 😳",1,0,False,0.7755160781957278,0.2244839218042721
1087,Độ bền:ko Chống bụi:ko Khả năng dán:dan ko vo man hinh lun nhé  giao hàng ổn đồ đầy đủ nhưng dán theo vid eo hướng dẫn thì ko áp dc kính vào máy nch là ko ổn kiểm tra kĩ trc khi mua nhé,1,1,True,0.14604613410245446,0.8539538658975455
1088,Bọc kĩ nhận hàng nhanh lần sau sẽ mua quay lại ủng hộ shop đúng sữa,0,0,True,0.9907188683633931,0.009281131636606975
1089,"Sản phẩm chất lượng vượt mong đợi, dịch vụ chu đáo, giao hàng siêu nhanh.",0,0,True,0.8969302418749168,0.10306975812508323
1090,Xài thử ok sẽ ủng hộ lần sau. Bôi thử ra tay thì mát mát thơm thơm,0,0,True,0.9898069040698712,0.010193095930128801
1091,"Chưa biết chất lượng sản phẩm như thế nào nhưng không có quà tặng, trong phiên live của Chị HaNa mấy bạn mua hàng coi kỹ trước khi đặt hàng chứ không dễ mắc lừa như mình, chơi chiêu với khách hàng, nếu đã không còn tặng quà nữa thì nên gỡ thống tin xuống chứ, à mà quên gỡ xuống thì ai mua nữa ai còn bị mắc lừa nữa😆",1,1,True,0.006164736276186596,0.9938352637238134
1092,Pass lại 180 màu 110 mới test da chưa sử dụng thấy để da sáng mua test lên da thấy xuống cở 2 tone 🥲 mấy bạn da trung bình sài màu này chắc ổn hơn á  Dép : ko 358874701,1,0,False,0.5290452847719139,0.470954715228086
1093,K hiểu shop làm ăn kiểu j mà bọc hàg bị tug hết ra Mọi lần thì nát vỏ hộp ngoài rồi Lần này thì bị bóc hàg xog thiếu hàg K hiểu shop ngĩ j,1,1,True,0.0012243786266633212,0.9987756213733366
1094,Báo là có tặng phẩm nhưng không gửi hành tặng phẩm. Khá thất vọng. Làm ăn k uy tính,1,1,True,0.006709027027220797,0.9932909729727792
1095,"Kinh nghiệm sử dụng:xài sau buo2sc dầu gội Hương thơm:mùi thơm nhẹ Làm đẹp:tóc khô rối  Mùi thơm nhẹ, xài thấy ưng có điều hơi nhớt đi dễ trơn nên gội xong xả nước lại",0,0,True,0.9865823359208895,0.01341766407911057
1096,Hương vị:rất ngon phù hợp pha cà phê sữa nhé Độ béo:beso nhieu  Sữa rất ngon pha cà phê sữa nhé,1,0,False,0.8704177042843296,0.12958229571567034
1097,"Viết mượt:muc deu, muot Độ đậm:dam vua phai Thân bút:hoi dau tay vi k co dem",0,0,True,0.7842569803440167,0.21574301965598328
1098,"Chất lượng sản phẩm:bt  Đã nhận được hàng rồi nhưng không như mong đợi sữa kém chất lượng, không thơm pha sữa bị lắng cặn.",1,1,True,0.008401894095271922,0.991598105904728
1099,mua lần thứ N... rồi nè giao hàng nhanh  sữa chính hãng  Giao hàng nhanh  ok nha,0,0,True,0.9987487734398025,0.0012512265601975067
1100,Lợi ích:sh ghi tặng 3 hũ nhỏ mà ko có??? lừa,1,1,True,0.019553980385864606,0.9804460196141354
1101,Son không ăn môi. Đánh xong trôi luôn,1,1,True,0.06410140556428619,0.9358985944357139
1102,"Shop đăng ảnh mẫu kèm quà, nhưng thời gian khuyến mại tặng quà đã qua nhưng shop vẫn k gỡ hình ảnh xuống để khách hàng nhầm lẫn tưởng là vẫn có quà, shop làm ăn k chuyên nghiệp, nhân viên tư vấn cũng giải quyết vấn đề chẳng ra sao Trước đó mk cũng đặt 1 đơn 2 lon sữa nhưng chờ đợi cả tuần k giao, nhắn tin nhờ shop giải quyết cũng chẳng thấy giải quyét gì xong mấy hôm sau tự dưng thấy báo bị huỷ trên ap, chẳng hiểu như nào Mà shop cũng k nói lại gì và cũng chẳng giải quyết cho khách hàng Shop làm ăn quá TỆ!",1,1,True,0.00014996744962373723,0.9998500325503764
1103,"Giao hàng nhanh chóng. Đã mua và sử dụng nhiều lần. Rất thơm, được tặng kèm thêm chai 200ml nữa",0,0,True,0.993040828493513,0.0069591715064869315
1104,"chưa dùng thử, do tui không đọc kĩ cách mua nên không có quà đi kèm:(",0,1,False,0.05107167312795365,0.9489283268720463
1105,"Hương vị:ngon Bao bì/Mẫu mã:dep  Sữa thơm ngon oke hợp khẩu vị, rất oke nhé. Giao hàng nhanh. Sữa ngon",0,0,True,0.9971295613031833,0.0028704386968167045
1106,"Mình đã đặt hàng nhiều lần, nhưng lần này nhận hàng rất thất vọng, bao bì móp méo, chưa mở ra sản phẩm đã bị rơi ra rồi. Sản phẩm cũng bị trầy xước chứ không mới như mọi lần.",1,1,True,0.0028847482079346434,0.9971152517920654
1107,"Sản phẩm đóng gói rất cẩn thận, shop hỗ trợ nhiệt tình sản phẩm chính hãng",0,0,True,0.9632837357522906,0.03671626424770936
1108,bao lần cái cách đóng gói kh ra thể thống gì,1,1,True,0.004076741518119135,0.9959232584818808
1109,Giá sp cao hơn cả giá ngoài.dù áp mã.ảo giá,1,1,True,0.3828529925679405,0.6171470074320595
1110,Lợi ích:sạch da Làm đẹp:ổn Kinh nghiệm sử dụng:ổn  nói chung lần này mua rất thất vọng về cách đóng gói và bao bì sản phẩm rất tệ:))),1,1,True,0.2124065843229658,0.7875934156770342
1111,"Chất lượng sản phẩm:mùi hắc kinh khủng  Lọ nhỏ được tặng thì dùng ok không mùi kem đặc dùng thích, lọ to mùi ghê kem lỏng. Mùi kinh như vậy sao dám dùng cho trẻ con được.",1,1,True,0.30344622703457486,0.6965537729654252
1112,1 sao cho cách đóng gói cẩu thả của shopee Nhìn hàng chán không muốn nhận luôn,1,1,True,0.011143608476279451,0.9888563915237206
1113,"Kinh nghiệm sử dụng:sử dụng ban ngày Hương thơm:ko bt Mẹo:cứ dùng bth thoi  bao bì xinh xinh màu hồng, chắc chắn",0,0,True,0.9358827613426003,0.06411723865739964
1114,Làm sạch:ok Hương thơm:ok  Thấy review quá nên mua thử xài xem thế nào vì da mình da khô,0,0,True,0.9931260152026313,0.006873984797368727
1115,"Bao bì/Mẫu mã:siêu đẹp Công dụng:sấy tóc  ê xinh vá luôn cả nhà, hốt liền i nè trời ơi, được tặng lược cũng xinh luôn",0,0,True,0.9885290295658625,0.011470970434137492
1116,Mua của shop mấy lần rồi lần nào cũng săn qà tăngh kèm.dầu xả mùi dầu dừa thơm còn vaselin kia k biết có chống nắng ổn k.mua cho mẹ xài nữa nch okila,0,0,True,0.9754654293374925,0.024534570662507593
1117,Mua 1 thùng bể 7 bịch 🙂,1,1,True,0.1851955860491771,0.8148044139508229
1118,"Độ mềm mịn:min nhe nhang che khuyet diem ranh moi Màu sắc:mau hong và mau nude Hiệu ứng làm đẹp:lam tuoi mong moi  Màu D03 lên môi ra hồng sen không thích, D06 dùng cuốn oke",0,0,True,0.9823487798680149,0.017651220131985054
1119,ủ tóc bị khô hơn lúc chưa ủ :((,1,1,True,0.049185096395789905,0.9508149036042101
1120,Quảng cáo là tặng serum và tẩy trang mà hàng lại ko có,1,1,True,0.004714314845891909,0.9952856851541081
1121,Đối tượng sử dụng:con người Mùi hương:thơm  Chất lượng sản phẩm tốt nhưng shop k giải quyết vẫn đề mình thắc mắc shop nói là kiểm tra lại nhưng sau hơn 1 ngày vẫn chưa có phản hồi với mình,1,1,True,0.02929491163031746,0.9707050883696825
1122,thơm giá rẻ mà chai to quá chèn nhe ns chung là dưỡng ẩm tốt đáng để muaaaaaa,0,0,True,0.9159377618597939,0.08406223814020612
1123,"Giao hàng nhanh, đóng gói cẩn thận, săn trong live nên được giá hời mà còn được tặng nhiều quà, xem nhiều review nên lần này đặt về dùng thử, sẽ tiếp tục ủng hộ shop",0,0,True,0.9671320461413601,0.032867953858639866
1124,"Mùi thơm là ưu điểm duy nhất Xịt lên rất khô tóc nhen, nó khô như rơm á, ko làm phồng tốc, chỉ là xịt cồn lên cho bớt dầu bết thôi Ko nên mua",1,1,True,0.15431574099540543,0.8456842590045947
1125,Hộp bị móp méo. Gói chống sốc rùi mà vẫn k ăn thua. Giao hàng thì nhanh,1,1,True,0.02477249344310491,0.975227506556895
1126,"Sản phẩm ok,giao hàng nhanh, hình ảnh, video chỉ mang tính chất nhận xu",0,0,True,0.9942530946460515,0.005746905353948458
1127,"Dùng thích, thẩm thấu nhanh trên da!  Nhưng hôm đấy được tặng quà mà shop quên ko gửi",0,0,True,0.6878925032015131,0.31210749679848687
1128,Đóng gói quá tệ chưa kể sữa bị bể và đỗ ra tùm lum luôn quá cẩu thả,1,1,True,0.001577740627071574,0.9984222593729285
1129,"Lợi ích:bthg ủ xong tóc vẫn vậy Hương thơm:mùi dễ chịu  Đóng gói đc mỗi cái hộp ko cho bọc chống sốc hay j, mở hàng ra sốc luôn. Nhắn tin hỏi shop thì thái độ vòng vo ko giải thích",1,1,True,0.04280363196263574,0.9571963680373643
1130,"đóng gói rất tệ, chỉ chèn vào hộp mỗi 1 túi khí",1,1,True,0.047141297030345086,0.9528587029696549
1131,"Hình ảnh chỉ mang tính chất nhận xu. Sản phẩm chất lượng , giá cả hợp lý, chắc chắn sẽ mua lại",0,0,True,0.9963857411634495,0.0036142588365505462
1132,"Độ tuổi sử dụng:mọi độ tuổi  Mk đọc và xem nhiều review về lọ dưỡng ẩm của trẻ em này, thấy có nhiều công dụng ,đặc biệt như trị thâm hoặc trị mụn đầu đen, mk cx mua về dùng thử, ok thì mk sẽ quay lại mua tiếp",0,0,True,0.9948711793423475,0.005128820657652534
1133,"Kinh nghiệm sử dụng:thoa body Làm đẹp:seeding cho nhiều vào , nếu có âm sao âm sao luôn nhé, dùng thì vón cục, tưởng người bẩn b nhiều ghét , nhiều như da chết , mẹ tổ sư dùng như cc, ngứa, nổi mẩn",1,1,True,0.39189376621636374,0.6081062337836363
1134,"Sản phẩm giao đến bị thủng sữa, sữa chảy ra có mùi chua. Không biết do bên đóng gói hay do bên vận chuyển.",1,1,True,0.005622005230857763,0.9943779947691422
1135,Mẹo:Mọi người đừng nên mua ở shop này vì bị nó lừa mua 1 tặng 1 nó đâu có tặng nên đắt hơn shop khác  đóng gói còn sơ sài,1,1,True,0.021116057369926278,0.9788839426300737
1136,"Chống nhìn trộm với góc 160 chứ k phải 45 nha, kính quá kém, chất lượng k tương xứng với giá tiền",1,1,True,0.11548104599732138,0.8845189540026785
1137,Gói hàng đổ hết của khách là sao?,1,1,True,0.016371028893390593,0.9836289711066094
1138,"vừa xịt chưa tới 15p thì bay sạch mùi, không nên mua nha đúng phí tiền luôn á, lần này brand làm tệ hơn những lần trước. Mình nghĩ brand nên tìm hiểu và update độ lưu hương nhé. Những mùi trước rất thơm và bám cũng dai nhưng mùi này chỉ bám chưa tới 15 phút là bay sạch luôn í, rất mong chờ và giờ thì thất vọng về matcha latte",1,1,True,0.03323792157666794,0.9667620784233321
1139,Hương thơm:ok Lợi ích:sach gau Bao bì:ok  Mua cho ck dùng được mấy bữa rùi nay mới vào đánh giá được. Giá rẻ hơn mua ngoài lại chính hãng nữa nên yên tâm nha,0,0,True,0.9959483111227332,0.004051688877266803
1140,Săn được giá tốt giao hàng nhanh chóng,0,0,True,0.9986935239987448,0.0013064760012552132
1141,"Giao hàng nhanh chóng, đóng gói cẩn thận và chắc chắn, mùi thơm",0,0,True,0.9998065749890475,0.00019342501095253047
1142,"Công dụng:cạo râu Mùi hương:thơm  nên mua nha mọi người, giao hàng nhanh shop tâm lý tư vấn hàng",0,0,True,0.9886194668566305,0.011380533143369528
1143,"Hàng đóng gói cẩn thận , không bị bóp méo , mua lần thứ 2 , sữa khá thơm , bé mình hay bị đau bụng nhưng uống sữa này thấy có cải thiện tiêu hóa . Sữa ổn",1,0,False,0.8639754550726964,0.13602454492730365
1144,Đặt dòng matte giao dòng hydrate? Cũng chẳng có quà tặng như mô tả,1,1,True,0.029156658565503646,0.9708433414344962
1145,Bao bì/Mẫu mã:tốt Độ tuổi sử dụng:tốt Chất lượng sản phẩm:kém,1,0,False,0.695290815321067,0.3047091846789332
1146,"Son chính hãnh, chất lượn 3CE thì mọi người đều thấy rồi.  Màu này mình ko ưng lắm, hơi hồng quá đối với mình",0,1,False,0.2639864630745597,0.7360135369254402
1147,"Sản phẩm dùng ổn phù hợp giá tiền, ảnh và video chỉ mang tính chất minh hoạ, mình thích mùi huyền diệu nhất, thơm",0,0,True,0.997534950047308,0.002465049952692103
1148,Hinha änh mang tinhchat nhab xuhang giao nhanh chingdog goi can than á,0,0,True,0.9974560610722136,0.00254393892778632
1149,Bao bì/Mẫu mã:mới Hương vị:ngon  Mua nhiều mà không thấy có mã giảm giá cho khách hàng bao giờ cả trong những lần lần này ẩu nhất bị bục mấy vỉ sữa sữa bục dây ra các hộp khác có mùi chua hôi chán,1,1,True,0.010819592347586485,0.9891804076524134
1150,rất chi là tệ . bắt thì nỏ bắt đc blt . mua về 3 ngày thử cả trăm lần mới 2 lần đc . loa thì rè . síp thì lâu quá thất vọng . biết hàng điện tử thì tuỳ nhưng mà shop cũng phải tét trước khi giao cấy,1,1,True,0.0026026549540732655,0.9973973450459267
1151,"Công dụng:tot  Sản phẩm tốt, bao bì đẹp rất thích hợp để sử dụng kajanxbs xínnanxnb",0,0,True,0.9944183379240124,0.005581662075987588
1152,Hương vị:bình Bao bì/Mẫu mã:xấu đau đớn  Rõ ràng mua của Mall mà vỏ ngoài của hộp sữa in xấu tới mức nghi ngờ chất lượng bên trong luôn. Dù thế nào cũng sẽ ko quay lại. Chắc chắn.,1,1,True,0.027330704451735355,0.9726692955482648
1153,Đây là lần đầu tiên mk mua hàng trên live chị Hana  mà khi nhận hàng về rất thất vọng Shop đăng ảnh hàng có kèm quà tặng nhưng khi mk nhận về lại ko có quà  Mk nhắn tin hỏi shop thì trả lời vòng vo hỏi một đằng shop trả lời một nẻo  Thông thường khi shop khác đi đơn thiếu quà sẽ gửi lại nhưng shop này thì ko nhất quyết ko chịu giải quyết ko tôn trọng khách hàng  Xưng tên hết ng nọ ng kia nhưng vde ko đc giải quyết nhất quyết ko chịu bồi thg cho khách hàng,1,1,True,3.783232413112625e-05,0.9999621676758689
1154,"Bao bì:k dep, giao hang bo bop meo. Hương thơm:bthg Lợi ích:k bt  khó tán, hơi bết, kbt hàng đã qua sử dụng chưa. đơn giao đến hộp bị móp rất nhiều. hình ảnh mang tính minh hoạ.",1,1,True,0.16706564719742747,0.8329343528025724
1155,"Độ tuổi sử dụng:5 tuổi Chất lượng sản phẩm:tốt Bao bì/Mẫu mã:bao bì mới  Mình rất hài lòng với đơn hàng này. nhưng mình có phần không vui, bạn mình gửi link qua zalo để mình đặt đơn để tham gia KOC affiliates ,nhưng bên affiliates báo đơn hàng đã huỷ không hợp lệ ,vậy bạn mình nghĩ thế nào về mình ?? Yêu cầu các bạn liên hệ bên tiếp thị liên kết đừng có làm trò bẩn như vậy ,có mấy trăm ngàn mà mất uy tín của mình . Mình xin lỗi shop ,shop mình đánh giá 5*, nhưng bên shoppee mình đánh 0*.",1,1,True,0.11329690784824864,0.8867030921517514
1156,"Giao hàng nhanh, đóng gói kỹ càng, mua của mall nên cũng yên tâm hơn chút, giá thành ổn hơn so với nhiều mall khác",0,0,True,0.9894176017886238,0.010582398211376192
1157,Làm đẹp:mềm tóc Hương thơm:thơm  giao nhanh. sản phẩm tốt,0,0,True,0.999060367668223,0.0009396323317769107
1158,Tin tuong hana thấy c hana live mua luôn k tìm hiểu sp mà thấy live kêu có quà giao thì không có quà E ks shop 1sao,1,1,True,0.011217091809738955,0.9887829081902612
1159,"Giao sai hàng mua combo số 2 mà giao số 2 và số 3, số 3 rẻ hơn thành ra mất công săn sale. Hoàn thì ko kịp sữa cho con poa tay",1,1,True,0.06401473494647732,0.9359852650535228
1160,"Đó giờ t xài màu taupe là tone đỏ nâu cam mà bản này đánh lên hồng tím, thất vọng vô cùng, ib cho shop thì kêu tuỳ nền môi? tuỳ tới mức cái màu taupe nó ra thành màu hồng tím? t xài màu taupe bản cũ nhiều rồi rất hợp còn bản này bị vậy.",1,1,True,0.042713626782776716,0.9572863732172232
1161,Giao hàng nhanh chóng đóng gói cẩn thận tẩy da chết ok mịn da hjj,0,0,True,0.9991314012489271,0.0008685987510730376
1162,Cảm giác không giống với sữa mua ỏ siêu thị ms uoonhs 1 gói nhưng bị anh tào đuổi đánh mẻ đúyt chưa dám uống tiếp nữa,1,1,True,0.19795414330849448,0.8020458566915055
1163,"Seeding lố vừa thôi. Săn seo peel hồng này giá 300k mà chất lượng thì như qq, như bôi nước lã có màu hồng trên mặt. Thua xa ordinary săn seo 180k. Thua xa cái peel hàn quốc nacific nữa. Có âm 100 điểm cũng cho. Quảng cáo nói lố còn hơn chữ lố. Sợ hãi!",1,1,True,0.19972188994456308,0.8002781100554369
1164,Hỏng mất 2 túi mặc dù bọc hàng cẩn thận  Shop chuyển hàng nhanh va có quà tặng  Giải quyết vấn đề nhanh chóng,1,1,True,0.4397807502863853,0.5602192497136146
1165,"rất tệ, thiếu quà tặng, giải quyết ko thoả đáng , dù mua rất sớm",1,1,True,0.005296211355216444,0.9947037886447836
1166,"Shop giao đúng sản phẩm đã đặt hàng. Đóng gói rất kĩ lưỡng, mặc dù cây son nhỏ xíu. Màu son ok",0,0,True,0.8422420336562723,0.15775796634372766
1167,Shipper làm bể 2 bịch,1,1,True,0.3918220713722414,0.6081779286277587
1168,"Shop giao thiếu cái túi giấy để đựng hộp túi xách, nt thì ko thèm trả lời sao cho nghe lọt lỗ tay, im luôn 😵‍💫",1,1,True,0.03444696503908262,0.9655530349609175
1169,"Đóng gói rất sơ sài nhé, xem lại cách đóng gói",1,1,True,0.062402558958058164,0.9375974410419419
1170,Kết cấu:diu nhẹ phù hợp mọi loại da Làm sạch:tay trang sach ko gây khô da Hương thơm:diu nhe  Giao hàng nhanh và đóng gói cẩn thận. Sản phẩm chất lượng,0,0,True,0.9956688902474001,0.0043311097525998744
1171,"Nhìn cái hộp là cũng đủ biết rằng sản phẩn bên trong có bóp méo hay ko , mk quên ko chụp lon . Ôi trời t thề luôn là n méo như méo vành xe đạp , chưa kể là chuẩn bị hàng và giao quá là lâu luôn , chưa bh mà mua hàng thất vọng như lần này . Vì t mua rất nhiều hàng trên sàn",1,1,True,0.10793078449972815,0.8920692155002717
1172,"Giao hàng rất nhanh, đóng gói cũng siêu kỹ luôn, ủng hộ shop nhiều",0,0,True,0.9947389264237354,0.0052610735762646105
1173,"Bao bì:dep, sach  shop nhiệt tình , chu đáo, săn trong live nên được nhiều quà",0,0,True,0.925313190919136,0.07468680908086407
1174,"Sản phẩm phù hợp với giá tiền, hình ảnh mang tính chất nhận xu do chưa có tg chụp lại dc",0,0,True,0.823474051601211,0.1765259483987891
1175,"Nói tặng Vaseline mà có tặng đâu, ghét nhất là mấy cái shop xạo l",1,1,True,0.022744443732729252,0.9772555562672708
1176,Ghi chú có kèm hàng tặng mà k có. Buôn bán kiểu gì kì cục,1,1,True,0.008150900520280521,0.9918490994797194
1177,"giao hàng trễ, hoàn hàng thì k hỗ trợ",1,1,True,0.006289048872963258,0.9937109511270368
1178,"Hương thơm:mui thom Kinh nghiệm sử dụng:diu nhe  Nước tẩy trang dịu nhẹ, mình đã mua lần 2, shiper nhiệt tìnhh, đánh giá shop 5 saoooooooooooo",0,0,True,0.9929349478762354,0.007065052123764608
1179,trên ảnh ghi có tặng hàng về thì lại không lừa dối làm ăn chi lạ tệ,1,1,True,0.0011503780473846776,0.9988496219526154
1180,"Mẹo:ok Kinh nghiệm sử dụng:ok Lợi ích:ok  *hình ảnh và video chỉ mang tính chất nhận xu Hàng oke, nên mua",0,0,True,0.986750692404489,0.013249307595511108
1181,"Mùi nào cũng siêu thơm và lưu hương lâu, chất đặc nữa. Mua hai lần lần nào cũm ưng",0,0,True,0.9501400437059804,0.04985995629401959
1182,"hình ảnh đính kem được tặng , đặt hàng ngày 15 ( km từ 14-17) vậy khi hết hàng KM shop không có cảnh báo để khách hàng biết ? ghi chú là ktra giỏ hàng trước khi đặt hàng , k kèm cảnh báo thì những khách hàng mới làm sao biết được là hết KM?",1,1,True,0.000870613823360511,0.9991293861766395
1183,"Công dụng:tẩy trang Độ bền màu:ok  Shop giao hàng ok, đóng gói ổn, mua ở shop cũng nhiều lần r nên tin tưởng, hi vọng sẽ có nhiều ưu đãi trong tương lai hơn",0,0,True,0.957421784946969,0.04257821505303102
1184,"Chất son:. Màu sắc:.  Mình đặt 1 cây son kem và 1 cây son dưỡng, nhận về ko còn nhu cầu sử dụng nữa nên mình bấm trả hàng. Các shop hay thông báo là lúc trả hàng vấn đề gì cũng để lí do ko còn nhu cầu sử dụng để shop khỏi bị điểm xấu đúng ko? Nhưng ko, shop này ko cho trả hàng với lý do phải có hộp carton hoặc bì nhựa như ban đầu, lý do rất vớ vẩn, mình đâu có nghĩ là sẽ mua và trả hàng nên mình k giữ lại hộp như ban đầu, mình gói vào bì nhựa và trả hàng. Shop ko đồng ý và hoàn lại cho mình, chỉ hoàn lại cây son chứ mất luôn cây son dưỡng🙂 nhắn tin xin video gói hàng của shop thì shop nói nhắn với shopee. Lần đầu mua 1 đơn hàng mà cảm thấy khó chịu như vậy luôn. Xin phép thêm vô blacklist.",1,1,True,0.0028860893151968123,0.9971139106848032
1185,"Chất lượng sản phẩm:cũng cũng  Lần đầu dùng bản mới, mình thấy k bằng dạng hộp nhỏ nhỏ. Dưỡng ẩm cũng tốt, nói chung dùng dc. À mùi thơm lắm, bôi lên cảm thấymát",0,0,True,0.9912045710960227,0.008795428903977262
1186,Hàng săn sale nên giá tốt lắm ạ. Shop đóng gói kĩ càng chống sốc và vận chuyển nhanh. Loại này mình dùng mấy năm nay rất tốt nhé mn nên mua nhé,0,0,True,0.9985607835876097,0.0014392164123902906
1187,Mua hàng chính hãng nhận được đúng chai kem nền k có hộp là sao má ?,1,1,True,0.04331807567745505,0.956681924322545
1188,"Hương vị:ngon Bao bì/Mẫu mã:date mới  Shop đóng gói hơi ẩu ,chỉ chêm mấy tờ lót chống sốc ,lúc vận chuyển tới nhà mk bị vỡ 2 bịch ko biét có phải shiper cẩu thả hay lúc vận chuyển bị vỡ rồi",1,1,True,0.10336230873595724,0.8966376912640429
1189,tui chưa dùng nên chưa biết sp như nào nm shop đóng gói sieuu chắc chắn luonn tặng kèm 2 mặt nạ nua cơ,0,0,True,0.9357544197347716,0.06424558026522836
1190,"Đội ngũ tư vấn cskh vô cùng tệ, toàn trả lời những câu vớ vẩn, 1 đoạn chat mà 3-4 nhân viên nhảy vào chỉ nhắn xin chào r kêu đợi, đợi mấy ngày luôn vẫn k giải đáp đc thắc mắc của kh về việc kiểm tra hàng chính hãng, cảm thấy nghi ngờ về chất lượng.",1,1,True,0.0025133672288070916,0.997486632771193
1191,"Chất lượng sản phẩm tuyệt vời, đóng gói tốt, giao hàng nhanh.",0,0,True,0.9925734201095513,0.007426579890448666
1192,Độ mềm mại:ổn Hương thơm:nhẹ  Chất lượng sản phẩm ổn. Giao hàng nhanh. Đóng gói cẩn thận chắc chắn.,0,0,True,0.9985803494240991,0.0014196505759008383
1193,Đặt sản phẩm mình nhận không được luôn Á chứ queo queo huhu buồn lắm,1,1,True,0.09787097824174547,0.9021290217582546
1194,"Hình ảnh chỉ mang tính chất minh hoạ. Giao hàng nhanh, đủ số lượng",0,0,True,0.9826600466677818,0.017339953332218144
1195,"Date xa, có khuyến mãi đầy đủ, mua sale nên giá rẻ, hàng mall nên yên tâm",0,0,True,0.9924118537050735,0.007588146294926538
1196,Trong quá trình vận chuyển đảo lộn làm muỗng nằm ở đáy,0,1,False,0.12204201238432895,0.877957987615671
1197,"Trên đơn shop có để kèm quà, khi giao đến thì không có quà, quá tệ",1,1,True,0.0016400642646250778,0.9983599357353748
1198,"Thumnail ghi mua được tặng quà mà gửi hàng thì không có, nói chung không hài lòng",1,1,True,0.00406465603788871,0.9959353439621114
1199,"Chất lượng sản phẩm:ok Đúng với mô tả:đúng  Lần đầu mua ở shop. Đóng gói kĩ, sản phẩm chất lượng, dễ dán. Nên mua nha. Mình sẽ quay lại ủng hộ.",0,0,True,0.9977200826311602,0.002279917368839763
1200,"gói hàng quá tệ , không chống sốc quá  sơ xài làm hỏg hàng hết",1,1,True,0.006874787201832877,0.9931252127981671
1201,Quảng cáo mua 1 tặng 1 để cho vui thôi chứ có thấy tặng đâu,1,1,True,0.17287927425022723,0.8271207257497727
1202,Ảnh khong lien quan lắm để nhận du hí hí  San pham dung ok nha moi nguoi mua duoc gia sale nua qua ung,0,0,True,0.9911682058044929,0.00883179419550698
1203,đắp dc 1 ngày lên 1 ề mụn,1,1,True,0.3201362906517868,0.6798637093482132
1204,Sản phẩm chất lượng nha giao hàng nhanh shop chuẩn bị hàng nhanh,0,0,True,0.9991884132140857,0.0008115867859144909
1205,"Không biết gen nào làm CSKH mà tệ không tưởng. Mình đã nhắn tin hỏi trước khi mua sàn phẩm có dùng được cho vùng da khác không thì bạn trả lời có ạ, sau đó mình mua và làm theo hướng dẫn thì da sần sùi và ngay lập tức mọc rất nhiều mụn bự đến giờ chưa hết. Mình nhắn tin cho sốp thì lật lọng kêu không được dùng cho vùng da khác?!!!, trong khi sản phẩm cũng không hề ghi chỉ dành riêng cho da mặt. Sử dụng vùng khác còn bị kích ứng vậy đưa lên mặt chắc banh cái mặt. Vậy mà một chị gái kia rất nổi tiếng quảng cáo sản phẩm như đúng rồi nữa đó.",1,1,True,0.008658795708140507,0.9913412042918596
1206,"Cấp ẩm:ok Kết cấu:nhẹ Hương thơm:thơm  Mình dùng thấy okie nha, chống nắng êm, che khuyết điềm, lót nền siêu ok luônnnnn nên thử nha",0,0,True,0.9981335495434553,0.0018664504565446965
1207,Chỉ giao 2 hộp kem chống nắng mà ko có quà đi kèm. Trong khi đó sản phẩm có quà đi kèm,1,1,True,0.007850127409306426,0.9921498725906935
1208,Bao bì/Mẫu mã:đẹp Hương vị:tự nhiên  Giao hàng nhanh sữa rất thơm ngon shop  tuyệt vời uy tín,0,0,True,0.9896365406364129,0.010363459363586944
1209,"Đắp oke phết, bằng 1 thế lực nào đấy mà miếng mask vừa khít vs mặt mình luôn :))",0,0,True,0.9376476378953562,0.062352362104643844
1210,"Hàng đẹp, sẽ ủng hộ shop lần sau , sẽ ủng hộ shop lần sau, ship nhiệt tình",0,0,True,0.9946861005541763,0.005313899445823652
1211,"Mình mua hàng của shop 3 lần, hết 2 lần giao hàng móp méo. Mặc dù là Shopee Mall nhưng cách giải quyết cực kì tệ. Mình mua combo 2 lon sữa, shop đóng gói bọc chống sốc rất kĩ nhưng khi mở ra thì có 1 lon bị móp thì liệu là shop cố tình gửi sữa móp cho mình, mình nt báo cho shop thì bắt mình đợi 5 ngày không hề phản hồi không giải quyết và đến khi mình nhắn lại hỏi thì chỉ nói do mình không có video khui hàng nên không giải quyết. Shopee mall nhưng cách làm việc chậm trễ, bỏ sữa móp vào giao cho khách sau đó không bồi thường để khách phải chịu trách nhiệm vì không có video, quá tệ.",1,1,True,0.00011749901827273757,0.9998825009817273
1212,"Mình mua đơn hàng rất nhiều sản phẩm. Nhưng khi nhận về brand đóng gói vô cùng sơ sài, ko chống sốc kĩ cho từng sản phẩm trong khi toàn bộ sản phẩm đều là hộp thủy tinh dễ vỡ. Nhận về tay các hộp serum bị rách hộp giấy, cầm lên là tuột luôn chai serum hẳn ra bên ngoài. Ngoài ra, mình ở nội thành HCM nhưng đặt đơn từ t2 đến t6 mới nhận được. Liên hệ shop thì ko nhận đc bất kì sự hỗ trợ nào. Mình rất thích chất lượng của brand nhưng lần này trải nghiệm mua sắm quá tệ so với danh tiếng của brand.",1,1,True,0.012181223947098677,0.9878187760529014
1213,Lợi ích:sach da dau  Shop có lót chống sốc và dán băng dính cho ko bị tràn sản phẩm,0,0,True,0.7404498528944555,0.2595501471055444
1214,"Kinh nghiệm sử dụng:thom ,sach gau Bao bì:cung Làm đẹp:mem toc  Giao hàng nhanh,shipper nhiệt tình Đóng gói cẩn thận Giao hàng hộp hơi móp méo",1,0,False,0.9734897402844522,0.026510259715547862
1215,"Xl vì hình ảnh và video kp của sp, nhưng lần mua thứ 3 này mình bực quá. Sữa chảy thối cả ra từ bao giờ, bục nhề hết vỏ catton. Mình phải kiểm tra từng túi 1 xem bục ở đâu để vất túi đó đi, phát hiện 1 túi bục còn 1 nửa, rửa lại 1 loạt những túi còn lại vì thối hoắc ấy. Hôm sau mình uống thì vớ đc 2 túi sữa uống thì hỏg chua lòm, giờ những túi còn lại ko biết sao nữa, ko dám uống vì ám ảnh túi sữa hỏng đưa lên uống chua thối ra.  1 là do shop đóng góp sơ sài ko đủ chống sóc 2 là sữa đóng bị hở nên chua hỏng từ bao giờ Thất vọng tràn trề, quá tệ",1,1,True,0.002602195783227401,0.9973978042167726
1216,Mùi nồng quá. Trời nắng gắt ngửi thêm mùi này khó chịu,1,1,True,0.3175546404051869,0.6824453595948131
1217,"Đợt này hàng cũ lại còn bị móp méo, nhờ shop kiểm tra lại ,đóng hàng cẩn thận hơn trước khi gửi đi ạ",1,1,True,0.013369833641775094,0.9866301663582249
1218,"Giao hàng nhanh, săn sale giá 175k rẻ nè. Giặt đồ cho con thơm nhẹ, nhanh sạch",0,0,True,0.99862023863811,0.001379761361889984
1219,"Thấm hút tốt, mềm mịn, mỏng nhẹ, k bị hăm, thoáng mông, bỉm đêm chống tràn tốt Sữ xịnh",0,0,True,0.9983925883183545,0.0016074116816453814
1220,Không có khuyến mãi đi kèm. Pr ảo,1,1,True,0.02776702272007973,0.9722329772799202
1221,"Kinh nghiệm sử dụng:mong là nó bền lần đầu xài của hãng này Bao bì:màu sắc đẹp như hình  Shop đóng gói cẩn thận , màu sắc đẹp tuyệt vời",0,0,True,0.9828678987945825,0.017132101205417614
1222,"Mình mua để chuẩn bị đi sinh nên chưa biết chất lượng thật sự ntn, hi vọng bé hợp tác",0,0,True,0.9230503304065848,0.07694966959341511
1223,"Dành cho da:sáng da Công dụng:trị thâm quầng mắt Mùi hương:thơm mùi cam  Chờ giao hàng mãi.hihi. Shipped thân thiện. Sp đóng gói cẩn thận, còn thêm quà tặng. Mùi thơm dễ chịu. Sẽ thử ạ.",0,0,True,0.9998174757877654,0.000182524212234546
1224,Sữa chính hãng giao hàng nhanh mà giá rẻ hơn ở con cưng nhiều lắm nên mua ở đay nha mọi người hàng chất lượng lắm nha,0,0,True,0.9938344959424921,0.006165504057507949
1225,hộp rách toe toét. mở ra bên trong như bị xới tung lên. máy và phụ kiện sứt sát bụi bặm như dùng rồi,1,1,True,0.004720378897661044,0.9952796211023389
1226,Mua trikenol plus quét mã ra muối tắm ????,1,1,True,0.09094289723709396,0.909057102762906
1227,"Mình đặt 2 thùng được vận chuyển bằng xe oto, tuy nhiên 2 thùng được đặt trong một thùng carton không có loại nilong hình trụ chống va đập như mọi khi thì cũng như không bảo vệ. Kết quả là một thùng sữa có 2 túi bị vỡ và chảy hết ra ngoài.",1,1,True,0.003543103199646532,0.9964568968003534
1228,"Chất lượng sản phẩm:ổn  đúng mô tả, âm thanh nghe ổn, tai nghe khá nhạy, các chức năng cảm ứng đều ổn, nhưng tai nghe khá to, ai tai nhỏ thì nên cân nhắc vì rất dễ tuột rớt. sau khoảng gần 1 tháng thì nó đã bị hư một bên, rất bức xúc",1,1,True,0.2967066997118715,0.7032933002881284
1229,Luôn tin tưởng hết mk vào shop này. Từ lúc bé 6thg đổi sang sữa này trv lắm các mom ạ. Kp cứ sữa đắt tiền là tốt đâu. Qtrong hợp với bé nhà mk,0,1,False,0.49798761592485663,0.5020123840751434
1230,"Mẫu mã đẹp giao đúng hàng, giao hàng nhanh rất đánh mua. Sản phẩm ok, lần sau sẽ úng hộ típ. Đánh lên rất tệp da",0,0,True,0.9951099719478086,0.004890028052191498
1231,"Sản phẩm này mình đánh giá không cao, mình da dầu. Nhược điểm: Sau hai tuần sử dụng da mình thêm mụn ẩn, da vẫn bị châm chích và hơi rát khi dùng, tác dụng trắng không rõ rệt Ưu điểm: Thiết kế đẹp, sang, dùng lên da vẫn còn độ ẩm nhất định Tựu chung: 5/10, nhãn hàng quảng cáo hơi quá",1,1,True,0.4194223053020667,0.5805776946979333
1232,"Kinh nghiệm sử dụng:chưa Bao bì:Bình thường  quà tặng của shop dường như hết hạn dán bao bì mã qr mới , mình k quan trọng quà tặng nếu shop tặng dây thun mik cũng cảm ơn .sp tặng như k thể sd đc mùi hăng như rượu!!",1,1,True,0.008364481936701066,0.991635518063299
1233,"Mẹo:kbt Kinh nghiệm sử dụng:kbt Làm đẹp:cho da bth  Nước tẩy trang dịu nhẹ , k bị kích ứng da , làm sạch sâu . Ncl nên mua nha",0,0,True,0.9813986320357729,0.01860136796422709
1234,Chất lượng sản phẩm:bt Độ tuổi sử dụng:trẻ nhỏ Bao bì/Mẫu mã:xấu móp  Mình rất k hài lòng về cách đóng gói hộp sữa của shop. Bao bi thì móp méo. Ở cuối hộp sữa còn bung đáy vậy mình rất nghi ngờ về chất lượng sữa có bị tráo đổi hàng khác vào hay k nữa. Là sp dành cho trẻ em shop nên xem lại cách đóng gói cũng như bao bì để ng mua có thể yên tâm về chất lượng,1,1,True,0.04868053180499025,0.9513194681950097
1235,"Mùi hương:rất KHẮM  Lần đầu tiên phải đánh giá 1 sao.  Mua combo 2 chai: trắng và vàng. Chai vàng chưa dùng, chai trắng ( hình) mùi hương rất KHẮM. Các bà mẹ ông bố sẽ biết cái mùi khắm từ nước bọt của con mình trên cái gối ghiền của con nhỏ như thế nào thì cái mùi của chai trắng này y chang. Đặc biệt là khi cho sữa tắm lên khăn bông, rất khắm nhá; cho sữa tắm lên bông tắm thì đỡ hơn nhưng mùi hăng.  Phòng R&D coi lại cái mùi này trên body nó như thế nào chứ đừng tạo ra rồi hửi hửi sương sương thấy cũng được là được.",1,1,True,0.1425866436796247,0.8574133563203753
1236,Hương thơm:thơm Kinh nghiệm sử dụng:1 tháng Lợi ích:đẹp da  Mua để trải nghiệm. Nghe mọi ng review khá ổn.giao hàng nhanh đóng gói cẩn thận. Lần sau sẽ mua ủng hộ shop. Hi vọng shop phát huy thêm,0,0,True,0.9995526117602463,0.000447388239753644
1237,"Mùi hương:Dễ chịu Tính năng:Tốt  Sản phẩm đúng như mô tả, giao hàng nhanh, sẽ ủng họi shop lần sau!",0,0,True,0.9969872286303215,0.0030127713696785174
1238,"Mùi hương:thơm Dành cho tóc:bạc Công dụng:phủ bạc, màu.  Dùng rất thích.",0,0,True,0.995444268740318,0.004555731259681975
1239,"Shop giao hàng nhanh đóng gói cẩn thận nma hơi thất vọng với mùi này. Thích mùi matcha nma chai này thật sự mình k ngưit ra đc mùi matcha, thêm nuẫ là mùi cồn thực sự quá nặng. Nó có mùi giống mấy chai nc hoa mấy năm trc ý, k như mong đợi Mong shop nên cải thiện lại",1,1,True,0.48092937748956716,0.5190706225104328
1240,"Dùng hơn 1 tuần mới vào Shop đánh giá. Thật sự lúc đầu mình cũng nghĩ không nghĩ kem chấm mụn lại hiệu quả đến vậy. Hiệu quả nhanh, với những nốt mụn mới nổi chỉ bôi vài lần là xẹp. Kem không bết rít, nhanh khô. Nói chung rất hài lòng và sẽ mua tiếp",0,1,False,0.3271551255724133,0.6728448744275868
1241,Hàng bị móp nhiều rách các góc của hộp nhưng may chưa đổ sữa. Giao hàng chắc hơi mạnh tay,0,1,False,0.0607242912204452,0.9392757087795548
1242,hàng ok nhưng đặt 1 đen 1 xám gửi 2 cái đen khá là bức xúc,1,1,True,0.3579537151755106,0.6420462848244893
1243,"sản phẩm vỡ khi nói chuyện với nhân viên thì nhận được phản hồi nửa chừng, thật sự không hài lòng với thái độ đấy",1,1,True,0.023151284064453808,0.9768487159355462
1244,Hương vị:?? Bao bì/Mẫu mã:?? méo mó  đóng gói vận chuyển kiểu gì đây ? làm ăn quá chán nhé,1,1,True,0.061038951462252876,0.9389610485377471
1245,Công dụng:duowxn da Dành cho da:dầu Mùi hương:ok  Đã nhận hộ hàng và chưa cảm nhận. Muốn đánh giá nhưng chưa dùng thử ok ok ok,0,0,True,0.9891893629418314,0.010810637058168563
1246,"Đặt 1 thùng không đường, lại đi giao có đường. Chán",1,1,True,0.1481918472906474,0.8518081527093525
1247,"Lợi ích:ok Mẹo:ok Bao bì:ok  Hình ảnh chỉ mang tính chất minh họa, sản phẩm tốt. ín ó",0,0,True,0.9784099785383754,0.02159002146162463
1248,đã mua lần 2 đầy đủ dụng cụ lên màu khá dống hình khoảng 80% có găng tay có dầu gội xã tóc sau khi nhuộm giá cả hợp lý nên mua nha cả nhà,0,0,True,0.9893767580143122,0.010623241985687787
1249,"Công dụng:dưỡng ẩm Dành cho da:da khô Mùi hương:thơm  Đóng gói cẩn thận, thân thiện môi trường, đã dùng hết 1 hộp, oke",0,0,True,0.9958720096919658,0.004127990308034295
1250,"Kinh nghiệm sử dụng:Gàu nát da đầu  Sau khi sử dụng thì gội cái đầu GÀU ko.  Hàng ko phải của Clear, ko hề mát lạnh.  Ko nên mua. Trải nghiệm thực tế và quăng thùng rác. Mua mất tiền mà KO PHẢI DẦU GỘI TRỊ GÀU, đổ dầu khác vào chai Clear.",1,1,True,0.003112784456514047,0.9968872155434859
1251,"Chất liệu:tốt Màu sắc:đúng Đúng với mô tả:tốt  Sản phẩm chất lượng ổn so với giá thành, ship nhanh và shiper thân thiện. Các bạn nên mua, hình ảnh và video mang tc nhận xu",0,0,True,0.9983821430207834,0.001617856979216662
1252,"Máy sấy êm, màu xinh, tốc độ sấy thì nhanh khỏi phải bàn rồi, có nhiều chế độ để sấy",0,0,True,0.9765204570341438,0.023479542965856123
1253,"Mới vừa nhận hàng khui xem sợ gãy vòi, shop đóng gói cẩn thận, săn sale siu hời 300k tậu 4 món",0,0,True,0.6838234721255633,0.3161765278744368
1254,"Bao mỏng, co giãn tốt không dễ rách, mua của shop nhìu rồi Rẻ, mỏng, dùng siêu thích luôn ạ CSKH cũng tốt nữa Rẻ, uy tín chất lượng cao ạ",0,0,True,0.991080413520363,0.008919586479637021
1255,Mình chưa xài sp nhưng quà tặng bị hư và bẩn nên bực mình. Cho 1 sao để shop chú ý quà tặng cũng phải chỉnh chu,1,1,True,0.05076874162756384,0.9492312583724362
1256,Săn sale 11.11 nhận hàng ko thấy quà tặng đi kèm,1,1,True,0.031480684877064236,0.9685193151229358
1257,Công dụng:tốt  Shop siêu tâm lý khi che tên sản phẩm giao hàng siêu nhanh chóng chất lượng tốt mà giá thành lại rẻ còn có thư tay và có quà tặng kèm nữa quá tâm lý rồi sẽ ủng hộ shop nhiều lần nữa,0,0,True,0.9921965776095512,0.007803422390448828
1258,Công dụng:Mọi người đừng mua Phù hợp với loại da:Mọi người đừng mua Mùi hương:Mọi người đừng mua  Lần 1 mình đánh giá 3* vì sản phẩm cũ và trầy xước .shop đã sửa lại đánh giá của mình. Khi tối mình dùng lọ hồng thấy mùi ko  thơm như lọ cũ và mùi cx  khác luôn. Mình vào định đánh giá thêm và phát hiện shop sửa lại đánh giá của mình thành 5* . Hahhaha buồn cười. Mong Mn thấy được đánh giá trân thật của mình. Mình đã chụp hình lại lần đánh giá bày nếu shop còn sửa mình xẽ bóc phốt shop hết sức . Hi    vọng    shop   làm    ăn    Có   Tâmm.....,1,1,True,0.13794937143998098,0.862050628560019
1259,Hương vị:ngon Bao bì/Mẫu mã:ok  Hình ảnh chỉ mang tính chất nhận xu giao hàng nhanh nah dnxjhz,0,0,True,0.9973530574255655,0.0026469425744345717
1260,"Đóng gói sơ sài ,,k cẩn thận thỉ mỉ gì cả ,,k hài lòng",1,1,True,0.026639322361108442,0.9733606776388916
1261,"Bao bì:Vòi thiết kế khi sử dụng nhìn k được vệ sinh  Không tem nêm phong nắp trong lẫn vòi chai,trong khi người tiêu dùng khó có thể phần biệt được sản phẩm đã mở ra hay như thế nào,trong quá trình vận chuyển thì tinh chất lại chảy ra ngay vòi",1,1,True,0.026685651245554626,0.9733143487544454
1262,"Giao hàng siu nhanh. Máy cầm chắc tay, dc tặng kèm giá đỡ nhưng dán ko chắc lắm. Có 3 chế độ gió + 3 mức nhiệt. Gió siu mạnh nha như clip mình quay thổi bay luôn hai cái chai trên kệ lun. Còn nhiệt độ có cả nóng và lạnh nhưng sấy lạnh mình thấy lâu khô hơn.  Tóc mình khá dày nên sấy 5p vẫn chưa khô hoàn toàn, nên ai tóc ngắn mỏng sẽ nhanh khô hơn á. Mình mua sale 8/8 áp mã còn 301k nói chung thấy chất lượng cũng ok 👌",0,0,True,0.9809783706329768,0.019021629367023167
1263,Mua lần thứ n tại shop. Hình ảnh chỉ mang tính chất nhận xuuuuuu,0,0,True,0.8758877229036961,0.12411227709630386
1264,"Dành cho da:mọi loại da Công dụng:chống nắng  Chống nắng tốt, không bị nặng mặt, bôi lên da thấm nhanh, k bị trôi bởi nước không bị cay mắt, date tới 2027",0,0,True,0.9837060657213166,0.016293934278683433
1265,"Đối tượng sử dụng:mọi người Mùi hương:ngày hè Chất lượng sản phẩm:tốt  Đóng gói hàng cẩn thận,mùi thơm kiểu tươi mát nha, xịt trên da để tầm 1 chút ngửi lại thơm lắm á",0,0,True,0.9862884372643118,0.013711562735688276
1266,"giao hàng nhanh, nhân viên ship thân thiện, hộp đựng to , khá thơm, dùng mềm mượt",0,0,True,0.9940605954773094,0.005939404522690629
1267,Kinh nghiệm sử dụng:sd dc 1 tuan ma rung toc kinh khung khiep Lợi ích:lam rung toc rat rat nhieu  Hên cho shop là t k hoàn hàng được nữa chứ t gội xong rụng k còn gì mà tới tết cmnr :),1,1,True,0.014021063422623992,0.985978936577376
1268,"Hương vị:ít đường Bao bì/Mẫu mã:đúng  Đã nhận được hàng, shop đóng gói cẩn thận, giao đúng mẫu đặt. Hình ảnh chỉ mang tính chất nhận xu",0,0,True,0.9463291429103889,0.053670857089610946
1269,"Độ tuổi sử dụng:u30 Chất lượng sản phẩm:chưa biết  Mình dùng dưỡng ẩm hay bị kích ứng nên dùng thử của em bé xem ntn, chưa dùng nên chưa biết chất lượng. Lọ 200ml bé xíu đáng yêu, giá cũng rẻ có mấy chục. Nếu dùng tốt sẽ mua lại. Giao hàng nhanh.",0,0,True,0.9965593290657129,0.003440670934287057
1270,"Đúng với mô tả:ok Chất liệu:ok Màu sắc:ok  Chất khá ổn, tuy nhiên kích thước mn nên đặt rộng ra chút vì form khá nhỏ",0,0,True,0.9658853003411793,0.03411469965882075
1271,"Nếu bạn nào rơi vào hoàn cảnh như mình sẽ hiểu. Đặt sữa cho con vì k có thời gian, xong đến lúc con hết sữa thì lại giao sữa người cao tuổi. Bây giờ hoàn hàng sẽ ngồi lại đóng gói quay video rồi chờ người đến lấy rồi chờ shoppe giải quyết rồi mới trả tiền. Nên tốt nhất các bạn đừng nên mua shop này. Chẳng may các bạn cũng xui và cũng mang tâm trạng khó chịu như mình.",1,1,True,0.07181290015080195,0.928187099849198
1272,"Bao bì/Mẫu mã:mới Độ tuổi sử dụng:1-6y Chất lượng sản phẩm:ok  Shop ghi có quà tặng kèm nhưng khi giao ko có , có trao đổi thì đổ lỗi ng mua quên ko cho quà vào giỏ , nhưng mình mua của shop 5 năm nay rồi có phải ko biết đâu , khi mua của enfa thì ko cần cho quà vào giỏ vì nó là tự động . Đã mua đắt hơn mọi lần để lấy quà cho con rồi mà , tệ hết sức",1,1,True,0.01573208434064895,0.984267915659351
1273,"sữa dưỡng mùi thơm, bôi lên da ko bị nhớp dính, dùng cho cả bé và mẹ nhé,",0,0,True,0.9584547921690323,0.04154520783096762
1274,"Hộp đã móp méo, sữa có dấu hiệu ẩm vào vẫn gửi khách",1,1,True,0.0298745644406276,0.9701254355593725
1275,"Phù hợp với loại da:phù hợp với mọi loại da Mùi hương:mùi thơm nhẹ Công dụng:dưỡng sáng, dịu da  Làm mát da",0,0,True,0.9959815743331655,0.0040184256668345155
1276,"Đóng gói quá chán, móp hết hộp",1,1,True,0.015036981915557246,0.9849630180844428
1277,Lợi ích:dau goi Mẹo:m Bao bì:mua thì 840g nhưng shop giao 600g. Mjk lười trả lại shop nên cũng đành để nhận. Không ưng tý nào cả.,1,1,True,0.11297110152589569,0.8870288984741043
1278,Bao bì/Mẫu mã:bao bì. mẫu. ma.  dep.  dong.   gói.   chac.   chan. Hương vị:thom ngon. gion. béo,0,0,True,0.985128937709113,0.01487106229088699
1279,"Máy xài khá tốt so với giá tiền. Máy mạnh không quá nóng sấy tóc chưa tới vài phút là khô rồi. Đóng gói kỹ càng, giao hàng nhanh.",0,0,True,0.927705743810105,0.07229425618989506
1280,Đặt từ 21/12 âm lịch mà 9/1 mới giao. Ko có hộp,1,1,True,0.01969800662138066,0.9803019933786193
1281,sản phẩm có mùi thơm nhẹ nhàng trên da màu sắc bắt mắt sử dụng để peel,0,0,True,0.9939495517804424,0.00605044821955763
1282,"Công dụng:Tay trang Độ bền màu:ko  Nước tẩy trang dễ dùng cho mọi loại da, giá bình dân, mình hay dùng hằng ngày rất tiện. Ko makeup gì thì cũng phải dùng nước tẩy trang này để yên tâm da mặt sạch.",0,0,True,0.7986065646118207,0.20139343538817936
1283,"Bao bì:đóng gói thấy gớm  Giá hợp lý,,, nhưng mình mua để tặng bạn gái mà cá hợp tơi tả,,, khui ra hết hồn,,, cứ nghĩ đồ củ sài ròi ko á",1,1,True,0.01638619611072149,0.9836138038892784
1284,Trên phân loại có quà nhưng khi nhận lại k có,1,1,True,0.004396080205153215,0.9956039197948469
1285,dù mình là đứa dễ mồm rồi mà cái sữa này vị socola nhưng mặn mặn chua chua rất khó uống,1,1,True,0.024610514823315666,0.9753894851766843
1286,Kinh nghiệm sử dụng:thường xuyên Bao bì:đẹp Lợi ích:ok  Dầu gội thảo dược mình đã sử dụng đến chai thứ 3 chất lượng tốt thơm dịu nhẹ,0,0,True,0.9937178013615849,0.006282198638415059
1287,Đã sử dụng nên giờ mới đánh giá.  Mình thực sự nghi ngờ khi mua đồ gia dụng hay mỹ phẩm trên shopee mặc dù mua từ mall nhưng hàng sử dụng thấy chất lượng k giống như mua ngoài cửa hàng. Tóc rụng khủng khiếp nên phải dừng sử dụng ngay. Trong khi cùng hãng mua ngoài siêu thị thì hoàn toàn không bị. Chừa,1,1,True,0.19273611006034094,0.807263889939659
1288,Công dụng:dưỡng tóc Mùi hương:thơm  Bao bì đẹp thơm nha không bếch như lời đồn dưỡng tóc ok mua được tặng chai nhỏ nên mua nha mọi người,0,0,True,0.9958951107747205,0.004104889225279542
1289,"Hương thơm:chưa dùng Mẹo:không có Bao bì:bình thường  Thấy bảo mua 1 tặng 1 mà khui ra không thấy quà tặng, nhắn tin với người bán không thấy phản hồi, cho shop 1 sao thôi vì cái thái độ phục vụ không được",1,1,True,0.0028696558330086144,0.9971303441669913
1290,Mùi hương:thơm  Mua deal tặng gửi hang k tặng quà,1,1,True,0.024450404920763964,0.975549595079236
1291,"Mình săn được giá rẻ, nên mình  mua thui. Mà shipper k thân thiện tẹo nào cả",0,0,True,0.8835609476260506,0.11643905237394941
1292,"Gói hàng cẩn thận, giao hàng nhanh, máy hoạt động tốt, không rõ có bền không",0,0,True,0.8151275007952097,0.1848724992047904
1293,Chất lượng kém.  Nhận hàng ngày 02/12 dùng xịt đúng 1 lần. Hôm nay ngày 11/12 mở ra để xịt lần thứ 2 thì hết sạch. Xịt ko ra 1 tí gì.,1,1,True,0.018188799985680126,0.9818112000143199
1294,Bao bì/Mẫu mã:xấu rách  Giao hàng lâu đã vậy hàng còn bị móp méo. Nhìn khá là cũ ko như hộp nhà còn. Khui ra mình cứ nghĩ mình đã mua nhầm hàng giả luôn ấy,1,1,True,0.01471341742484611,0.9852865825751538
1295,"Cấp ẩm:cap am tot Kết cấu:min Hương thơm:huong kem  nen mua nha moi nguoi, ne thu va trai nghiệm sản phẩm này , tui đã mua lại 3-4 lần rồi",0,0,True,0.9554248189288458,0.04457518107115425
1296,Độ tuổi sử dụng:sua  Kêu tặng quà r quà tặng đâu v ??? Để chỗ nào mà có mỗi hộp sữa là sao . Không có thì đừng để lên chứ để chi v shop ?,1,1,True,0.015647778624147752,0.9843522213758522
1297,Mẹo:máy yếu gió yếu không sử dụng cho tiệm cắt tóc dc,1,1,True,0.2789913938670607,0.7210086061329393
1298,"Độ tuổi sử dụng:duong am Chất lượng sản phẩm:oke  thơm lắm nha, thấy review nên mua về dưỡng ẩm thử xem.",0,0,True,0.9982774646311964,0.0017225353688035867
1299,Sp có quà tặng kèm mà shop k gửi 😡,1,1,True,0.00119758464417082,0.9988024153558293
1300,"Chăm sóc khách hàng tệ hại nhất nhì trong các hãng sữa mình từng mua qua. Tư vấn vòng vèo, lươn lẹo.",1,1,True,0.0355030692834164,0.9644969307165837
1301,"Shop giao hàng nhanh, đóng gói cẩn thận, giá cả hợp lý, dùng rất ok, đáng mua nha",0,0,True,0.9986054705981459,0.0013945294018540674
1302,chất lượng sản phẩm tuyệt vời đóng gói sản phẩm chắc chắn sản phẩm rất đẹp chất mịn,0,0,True,0.9853974618273286,0.014602538172671403
1303,Chất lượng sản phẩm:ok Bao bì/Mẫu mã:đẹp Độ tuổi sử dụng:2-6 tuổi  Ok lắm nha. Cảm ơn shop nhiều nha,0,0,True,0.9987535495910147,0.0012464504089852758
1304,"Ok lắm nhaaaa tui sử dụng thì ổn đấy, tạo bọt nhiều. Nói chung giá tui săn ổn áp, sạch nữa.",0,0,True,0.9695966864303269,0.03040331356967307
1305,"Mới test thử thấy ok lắm, âm thanh êm, to rõ, còn lâu dài như nào thì chưa biết nhưng trc mắt thấy là rẻ ngon vô cùng",0,0,True,0.9218066083378438,0.07819339166215628
1306,"Chất lượng sản phẩm:ko ổn  Hình ảnh mang tính chất minh hoạ để nhận xu, uống 3 lần đều bị đi phân lỏng, sữa pha ra ko tan có các hạt trắng li ti",1,1,True,0.1626874760149439,0.8373125239850561
1307,"Khong có sơ rum, chán. Qua tic tóc mua cho khoẻ",1,1,True,0.24688834784475797,0.753111652155242
1308,Chất liệu:ddusng Đúng với mô tả:giao nhanh Màu sắc:vải  Nên mua nhé mọi người mình k có mẫu chụp r rẻ đẹp hhehe,0,0,True,0.9925973675418632,0.007402632458136779
1309,"nhận hàng rất thất vọng, mình mua trên live của chị Lucie nhưng không ngờ hàng nhận về lại ntn. Đồ mình như hàng tồn kho vậy, không hộp, không bao bì, đã thế còn mốc, bẩn, vỏ bị bẩn không rửa trôi được. Cực kì buồn khi mình đã nt cho shop nhưng shop ko có phản hồi hồi nào cho việc này, mình chỉ nhận được các tn tự động của hệ thống",1,1,True,0.0005279668313626177,0.9994720331686374
1310,"không nhận dc sản phẩm tặng, sản phẩm thì bị bể, khiếu nại thì ráng kéo dài thời gian, lần đầu cũng như lần cuối mua shop này",1,1,True,0.021883143043656534,0.9781168569563435
1311,"Nhắn hủy nhưng shop k cho hủy, shiper thì tự giao k gọi trước, cuối cùng vẫn phải nhận hàng",1,1,True,0.0010224910976119883,0.9989775089023881
1312,"Shop đóng gói rất sơ xài, ko bọc chống sốc gì luôn, mở hộp ra thì nắp lọ kem ủ đã bị mở, ko có seal gì luôn? Hên là ko bị đổ. Chứ shop đóng gói rất sơ xài, chắc ko dám mua lần sau",1,1,True,0.01561940422444937,0.9843805957755506
1313,Bao bì/Mẫu mã:ko móp mếu Hương vị:ko ngon lắm  Shop giao hàng nhanh. Đóng gói cẩn thận. Con mình thích uống sữa tươi ít đường dạng hộp. Mình tưởng loại này cũng giống như dạng hộp nên mình mua. Ko ngờ mùi vị tệ. Ít đường nhưng quá ngọt. Sữa ko béo như sữa tươi,1,0,False,0.760152301226125,0.23984769877387502
1314,hàng đẹp thời gian giao hàng nhanh chóng sẽ tiếp tục ủng hộ vào lần tới nhé,0,0,True,0.9989142508434382,0.0010857491565617523
1315,"Siêu chuẩn vị, shop timh tế, mãi yêu shop, sẽ mua lại tỉ tủ lần. Shop chân ái của tuii",0,0,True,0.7317667686944519,0.2682332313055481
1316,Đã nhận đc hàng. Shiper ok. Chất lượng thì phải đợi dùng mới biết đc. Hy vọng ổn.,0,0,True,0.9540824839654175,0.045917516034582606
1317,"k tặng nước tt, tn k phản hồi",1,1,True,0.012193067656325626,0.9878069323436743
1318,"Giao hàng nhanh nhưng nhận dk hàng bị vỡ 1 bịch, ngấm ướt tùm lum, hôi mù luôn",1,1,True,0.07307309098735433,0.9269269090126456
1319,"Màu sắc:mau son lên tự nhiên Kết cấu:son min dễ phối đồ Hiệu ứng làm đẹp:hieu ứng căng mọng, màu D06  Dễ trôi",0,0,True,0.9269352837572837,0.07306471624271625
1320,Sp tốt date mới giao hàng nhanh nhân viên tv nhiệt tình sẽ ủng hộ tiếp khi có nhu cầu!,0,0,True,0.9862079913647092,0.013792008635290764
1321,"Kinh nghiệm sử dụng:ok Làm đẹp:ok Lợi ích:ok  Hàng đóng gói rất đẹp. Quả nhiên người bán đã gửi gắm rất nhiều tâm tư và tình cảm trong lúc gói hàng. Hộp không có dấu hiệu bị móp, chứng tỏ bộ phận vận chuyển đã nâng như nâng trứng, hứng như hứng hoa. Xin nghiêng mình cảm ơn vì tất cả.",0,0,True,0.7746487180574331,0.22535128194256693
1322,"Dầu gội siêu thơm, lưu hương lâu. Về giảm gãy rụng thì mình sử dụng chưa đánh giá được. Quá trình vận chuyển có bị đổ ra chút",0,1,False,0.3675751811217265,0.6324248188782735
1323,Mn mua bấm vào chọn cẩn thận mua tặng kèm nhưng K có đâu,1,1,True,0.12156968501946819,0.8784303149805318
1324,Dưỡng ẩm:okk Căng bóng:10/10 Xịt khoáng:tia mịn  mình rất là thích nha  tuy nhiên bn nào da tối màu da oliu chắc chắn là k sáng màu hay làm đều nha tuy nhiêm cấp ẩm rất ok nên mua vì độ tiện lợi,0,0,True,0.9982701460907192,0.0017298539092808244
1325,"Hộp phấn không có miếng seal nên phấn đổ ra đầy hộp, nói 8g chứ đổ ra chắc hết phân nửa hộp. Đóng gói xấu tệ. Không mua lại.",1,1,True,0.006730296084608252,0.9932697039153918
1326,Hương vị:bình thường Bao bì/Mẫu mã:ônr  Ngày sản xuất tận 29/4 đến nay 11/11gần hết hạn vẫn giao cho khách .ăn liệu đảm bảo sk k ạ,1,1,True,0.007202537692693856,0.9927974623073061
1327,"miếng mút mềm lắm, dùng thích, mua được qua kol cũng rẻ nữa, nên dùng nhé ạ",0,0,True,0.9981427231858824,0.0018572768141176454
1328,"Hàng được bọc không cẩn thận, gói sữa bị xì bên trong, ướt hết từ thùng đến gói sữa",1,1,True,0.011798566862101937,0.9882014331378981
1329,Hương thơm:tot Lợi ích:tot Bao bì:tot  Ncl oke la cảm ơn spp nh nhe Cảm lưn sop  Oke nha tot Giao hna nhanh  Ca mơn jfjf,0,0,True,0.9978996247621188,0.0021003752378813173
1330,Hộp sữa như này mà gửi cho mình. Không hài lòng chút nào,1,1,True,0.008825967031774925,0.991174032968225
1331,Mua 11/11 giá bằng ngày thường mà gửi thiếu quà,1,1,True,0.03591643116807319,0.9640835688319268
1332,Hương thơm:mua 1 tặng 1 mà sao có 1 chai gội đầu vậy,1,1,True,0.10894910323836338,0.8910508967616365
1333,"Cover chất liệu cứng, tháo ra vệ sinh rất khó, trầy đt và nứt luôn cover",1,1,True,0.03333295383207572,0.9666670461679243
1334,"Giao hàng nhanh, shipper thân thiện, ưng ý lắm nha, có dịp sẽ ủng hộ thêm",0,0,True,0.9996908922013757,0.00030910779862417355
1335,"Dùng thích mùi thơm mua lại nhiều lần. Rồi sẽ ủng hộ thêm nhiều lần, khôgng thấy quà tặng",1,0,False,0.9988255776440909,0.001174422355909095
1336,Sữa bị bục mất 4 bịch,1,1,True,0.04240031157238618,0.9575996884276138
1337,"Đóng gói kĩ càng, chắc chắn. Mình dùng thấy da cũng gọi là trộm vía, săn sale nên được giá hời. Nên mua nha mọi người",0,0,True,0.9955948200734649,0.004405179926535066
1338,"Sữa ngon thơm béo, con trai mình rất là thích luôn, ngày nào cũng uống mấy bịch",0,0,True,0.936720613085026,0.06327938691497405
1339,Shop nhiệt tình nhắn tin nhanh Gửi hàng cho mình cực sớm luôn Lần sau mình ghé lại,0,1,False,0.4941988861293615,0.5058011138706385
1340,"Mua lần 2 đóng gói ko cẩn thận, họp móp méo",1,1,True,0.0594283983135269,0.940571601686473
1341,phấn đổ hết ra ngoài luôn  nhinf phát chán :)))))) không biết nói gì luôn,1,1,True,0.042609682044041586,0.9573903179559583
1342,Giao hàng nhanh siêu tốc luôn,0,0,True,0.9989398407111757,0.0010601592888243526
1343,"video và ảnh k lquan, tại mình ngại chụp. sp ok nha. mọi ng nên mua nhá. rất tốt.",0,0,True,0.9874128564360106,0.012587143563989336
1344,"Kinh nghiệm sử dụng:kh bt Mẹo:kh bt Bao bì:kh bt  Sản phẩm tốt, giao hàng nhanh, hình ảnh và video mang tính nhận xu",0,0,True,0.5589550523155348,0.44104494768446534
1345,"hãng lớn mà đóng gói sơ sài không chịu được,nhận gói hàng không vui nổi luôn :)))",1,1,True,0.0030307829972099722,0.99696921700279
1346,"Bao bì cũ kỹ, nhàu nát, các góc cạnh móp méo, chưa kê đáy hộp có dấu hiệu dán băng keo. Bao bì mất seal. Mình đã mua của shop trên dưới 10 lần, sau lần này có lẽ sẽ không tiếp tục ủng hộ.  - Sản phẩm là sữa bột dành cho bé nhỏ nhưng kiểm soát chất lượng như thế này là không thể chấp nhận",1,1,True,0.03573712461659884,0.9642628753834012
1347,Khui ra như bị dùng rồi ý nhể,1,1,True,0.03351898919982765,0.9664810108001723
1348,"Công dụng:serum Dành cho da:moi loai da Mùi hương:khong mui  đã dùng nhiều lần. đợt này thấy quảng cáo loại 8% mua, shop lại gửi 1%, quên ko quay khi mở. đánh giá 1 sao",1,0,False,0.5075513892670216,0.4924486107329784
1349,"Đóng gói hàng chắc chắn ko bị móp méo , giao hàng nhanh",0,0,True,0.9069058648290268,0.09309413517097322
1350,"Chất liệu:êm ái Màu sắc:ôk Kích cỡ:vừa  Sản phẩm ok, chăm sóc khách hàng tốt   郭光明郭光明郭光明郭光明郭光明郭光明郭光明郭光明郭光明郭光明郭光明",0,0,True,0.8586567141050708,0.1413432858949292
1351,Xịt lên vẫn bết k như quảng cáo,1,1,True,0.003355410908595443,0.9966445890914045
1352,"Kiểm soát dầu:tóc bết dã man bết Làm sạch:công ty coi lại công thức với ạ, sp mới mà xài chán ơi là chán, tóc mau bết, mau ngứa, mua xong xài vài lần phần còn lại để đó ngó",1,1,True,0.08135308888806292,0.9186469111119372
1353,Bao bì:1thùng bị thiếu 1 vỉ . thùng tự dính lại băng dính ko nguyên vẹn,1,1,True,0.02448147278078494,0.9755185272192151
1354,"Mua rất nhiều sản phẩm của shop rùi nhưng lần này thất vọng thật sự, đơn hàng 3 món thì ok nhé mn, nhưng dc tặng 1 chai dầu gội nhỏ thì khi mình nhận đã bị chảy và ướt hết cả ra thùng carton,nhưng nt cho shop nói giải quyết nhưng 3 tuần ko có hồi âm,nên thui vậy.",1,1,True,0.010341577841075145,0.9896584221589247
1355,Có hàng tặng quá trời mua cũng chưa dùng hàng tặng mới dùng kem này rất ok ổn áp,0,0,True,0.6456509966600087,0.35434900333999125
1356,"Độ tuổi sử dụng:17  Kem rất thơm, thấm vào da rất nhanh , sẽ mua lại vào lần sau  Kem chống nẻ",0,0,True,0.9847833934814473,0.01521660651855278
1357,"Độ bền:hanfg như fake ko dán đc Chống bụi:chưa dán vào đã dính hẳn vào khung ko dán được vào đt Khả năng dán:ko dans được đưngf mua  Shop bán hàng vừa mắc vừa dỏm ko dùng dc, ko hỗ trợ KH",1,1,True,0.004476790274709523,0.9955232097252905
1358,Nhận hàng sữa bị thủng chảy ra thùng,1,1,True,0.03121233098724885,0.9687876690127512
1359,"Làm đẹp:cham soc toc Hương thơm:thom Kinh nghiệm sử dụng:xài hai tuan roi, kieu thom nhe nhang, lam toc mem oke a nen xai",0,0,True,0.9886165754010233,0.011383424598976582
1360,"Chất lượng sản phẩm:Kem dưỡng da em bé  Sử dụng tốt lắm nha dùng xong da không khô nữa, mùi thơm",0,0,True,0.9880299949162069,0.011970005083793088
1361,"Công dụng:chuẩn Mùi hương:CLASSICAL  Giao hàng nhanh, đóng gói kĩ, mùi rất thơm🌞🌞",0,0,True,0.9994576299078036,0.0005423700921963785
1362,"Bao bì/Mẫu mã:đóng gói tệ Hương vị:ổn  Lúc nhận về rất thất vọng vì đóng gói bị bể sữa bên trong, vì thấy tội Shipbơ lên mình mới nhận . Chứ sữa vỡ tràm ra nhìn không muốn nhận rồi",1,1,True,0.0008575803096793807,0.9991424196903207
1363,"Sản phẩm sử dụng tốt, hữu dụng, dễ dàng sử dụng . Nên mua nha mọi người",0,0,True,0.9963455982151018,0.003654401784898127
1364,Quà tặng sai sự thật !!!,1,1,True,0.00654366079403416,0.9934563392059658
1365,giao hàng rất nhanh đóng gói cẩn thận giá rẻ mà hàng rất chất lượng,0,0,True,0.964386995847749,0.03561300415225091
1366,Giao hàng nhanh giá rẻ chất lượng tốt so với giá thành sẽ mua thêm,0,0,True,0.9990018790337457,0.0009981209662543583
1367,"Hk biết làm nên hư 1 cái, đã vậy còn dở tiếng anh nữa chớ, nhưng mà hàng đẹp",0,1,False,0.3389234874070266,0.6610765125929734
1368,Mùi hương:yen mach Chất lượng sản phẩm:diu nhe Đối tượng sử dụng:moi lua tuoi  ￼Combo 3 Sữa tắm Johnson's Baby Chứa Sữa Gạo/Yến Mạch Dung tích 1000ml/chai  ￼Combo 3 Sữa tắm Johnson's Baby Chứa Sữa Gạo/Yến Mạch Dung tích 1000ml/chai  Thơm dịu nhẹ nên mua ạ,0,0,True,0.9551576377041043,0.044842362295895694
1369,Mua 2 sản phẩm nhưng không nhận được quà tặng như trên link. Nt shop không phản hồi.,1,1,True,0.0019949598220129574,0.9980050401779871
1370,"Shop gioa hàng nhanh , giá tốt có kèm quà tặng , hàng xài ok nên mua",0,0,True,0.986435761593655,0.013564238406344992
1371,Hàng ok. Nếu sau có cơ hội sẽ dùng tiếp sản phẩm. Đóng gói ok. Ko bị móp méo,0,0,True,0.8349530623967106,0.16504693760328928
1372,Hình ảnh và clip chỉ mang tính chất nhận xu. Máy sấy mạnh. Săn sale chỉ có 104k kkk qá rẻ luôn á. Sấy mạnh lắm mau khô nữa nneen mua nha mn,0,0,True,0.9845023542782806,0.015497645721719466
1373,"[Shop đào lửa] mọi người cân nhắc khi mua hàng.  Dưới đây là Trải nghiệm của mình  - 7/7 mình săn 1 bộ mỹ phẩm bên này gồm 7-8 sản phẩm -Giao hàng trễ, giao THIẾU serum + kcn+1 quà tặng đã thế đóng hàng không cẩn thận... -Liên hệ lại thì nhãn hàng đá bóng đẩy TN qua sàn, liên hệ shipper SP thì bạn này kiểm tra đóng gói, vận chuyển SP hoàn về... -Tuy nhiên bên sàn từ chối khiếu nại ,thông báo do bên bán có bằng chứng về việc đưa tận tay đến mình đủ sản phẩm, nhưng khi yêu cầu bno đưa ra bằng chứng đề cập đến quyết định xử lý này thì  không cung cấp lại, tránh né và đẩy lý do sang hướng khác hàng bóc seal méo (phần này phải check lại bên shipper đóng gói vận chuyển hàng hoàn chứ) ...ba chấm thực sự (xử lý khiếu lại 3 tuần trời đến) Bao che nhau, lừa lấy tiền người tiêu dùng, nhãn hàng này nên bị TẨY CHAY, bên shoppee cũng nên xem lại cách xử lý khiếu nại, các bạn không cung cấp được bằng chứng bên các bạn đang làm đúng đủ đến cho ng mua => Kết quả cuối cùng  là mình vẫn phải nhận lại bộ sản phẩm thiếu (lại còn làm vỡ tùm lum không như lúc mình đưa lại cho ship hoàn)và shop vẫn lấy toàn bộ đơn hàng của mình Tiền mất coi như của bố thí , mất vì mình  quá tin tưởng shoppee mall, đã k cảnh giác với chiêu trò lừa đảo trực tiếp như vây  MỌI NGƯỜI NÊN CẢNH GIÁC VỚI SHOP NÀY, để có thể bảo vệ được quyền lợi của mình. shop mall mà làm việc vớ vẩn, Shop đào lửa trên sàn Cam  Không thể nào thông cảm nổi, xin phép cho shop và sàn ra chuồng 🐔 bye:)) Đọc 1 sao thấy có bạn cũng gặp trường hợp kiểu như mình:))))))))))))",1,1,True,0.0005468740564922673,0.9994531259435077
1374,"Bao bì/Mẫu mã:đẹp Hương vị:nhiều vị  Giao hàng nhanh, đúng đủ số lượng. Hạt ăn ngon, phù hợp mùa lạnh, mng nên mua.",0,0,True,0.9978969811066049,0.002103018893395104
1375,"The worst experience ever. Contacted them the day I recieved my order with the broken bottle. Only once did someone try coming to pick up the bottle where I couldnt go down because of my baby and after that no more attempts. They had told me to check online what time they were going to come pick it up but it only showed that they were out 2 hours before i got a call that they were downstairs, what if i wasnt home? After numerous messages back and forth and almost 3 weeks later, i told them i'll just keep the product and put into another bottle but that they should reimburse me somehow for the trouble but i get a message days later thanking me for understanding.  I never write a negative review but this left a sour taste and i expected better from such a big brand.",1,0,False,0.7663708777032775,0.23362912229672242
1376,"Serum chăm sóc tóc tại nhà, mùi thơm, mềm tóc, chai thuỷ tinh đẹp mắt. Mua deal sốc, tặng 01 ủ tóc minisize.  Có bọc chống sốc nhưng không có chốt an toàn ở vòi pump.",0,0,True,0.8513653680691936,0.1486346319308064
1377,"Giao hàng ko có quà tặng gì hết vậy mà shop đăng quảng cáo mua 1 tặng 1 ,mã QR ko vào xem được ko biết là hàng giả hay thật nữa á",1,1,True,0.00017002355271174738,0.9998299764472883
1378,Mẹo:tệ Kinh nghiệm sử dụng:tệ Bao bì:tệ  tệ,1,1,True,0.0128920889895446,0.9871079110104555
1379,Bao bì:đẹpp Làm đẹp:ok Kinh nghiệm sử dụng:k  Giao nhanh săn sale đc khá hờiiii nói chg rât  iu trời ơi noz thơm noz mềm nó bóng mượt điên ln Á quá trơi r đỉnh lm ln lên mua đi K hối hận đâu T ủ có 3 lần mà h K buộc đc toc ln 1000₫₫,0,0,True,0.8762955727894716,0.12370442721052849
1380,"Đặt hôm qua hôm nay đã nhận đc hàng. Rất là đẹp luôn, chíu chíu, cầm nặng tay lắm Được tặng thêm gương rất xinh và chai serum nhỏ  Cập nhật: dùng thêm chai nước dưỡng thấy ẩm hơn hẳn luôn á mng. Rất là nên mua nha",0,0,True,0.9818557915606517,0.018144208439348306
1381,"Sản phảm kém chất lượng, trầy xước nhiều khi chưa sử dụng, sp là mặt hàng khó kiểm tra kỹ nên việc sâm soi là bất khả thi chỉ có dán lên dt mới thấy được lỗi ( có lẽ vậy nên mới có loại không hộp để treo đầu d.ê bán thịt tr.ó) Khách hàng là người tiêu dùng mang lại doanh thu, shop nên học lại nguyên tắc củng như đạo đức nghề nghiệp, cái khách hàng muốn không phải là trả hàng hoàn tiền mà là thái độ thiện chí niềm nở giải quyết 1 cách dễ thương cho khách hàng. Lớn rồi khó bảo lắm nói nhiêu đó thôi mong shop hiểu!",1,1,True,0.0012499080367616155,0.9987500919632385
1382,Xài 1 hôm da bị kích ứng k kiềm dầu như quảng cáo. Thất vọng,1,1,True,0.0032939898453794303,0.9967060101546207
1383,Giao hàng thiếu một gói chưa được một tháng mua 3combo là 99 gói đợt trước đặc hai combo 66goi có hai gói bị lỗi trông rồng rất nhiều chuyên này giao có 32 goi thiếu một,1,1,True,0.024636021596763962,0.9753639784032361
1384,"Giao hàng nhanh, đầy đủ, đúng phân loại hàng, che tên đàng hoàng luôn =)), nếu sử dụng tốt sẽ quay lại ủng hộ shop",0,0,True,0.9946274828366604,0.00537251716333962
1385,Săn trên live 11/11 của c hannah olala có kèm quà mà shop gửi chậm lại còn k kèm quà.rất tệ,1,1,True,0.00693448165285689,0.9930655183471431
1386,"siêu tệ luôn ý, giữ chặt xong vẫn rút cả kính. cuối vẫn phải tự gỡ lớp bóng ra tự dán :)) là bộ tự dán dữ chưa :))) chả biết hàng giả hay sao",1,1,True,0.02404571410671878,0.9759542858932813
1387,"Sản phẩm tốt, hài lòng khi mua Xứng đáng với giá tiền bỏ ra, rất yêu thích Sẽ quay lại mua và ủng hộ shop",0,0,True,0.9270532607721376,0.07294673922786245
1388,"Bao bì:như hình Hương thơm:nhẹ, hầu như không ngửi thấy Lợi ích:làm sáng, dưỡng ẩm oke  Lỏng, dễ thấm, tốt. Quá tốt để mua",0,0,True,0.8982139571190585,0.1017860428809415
1389,Giao k đúng mẫu đặc mẫu này giao mẫu kia,1,1,True,0.049431697845182754,0.9505683021548172
1390,"Mùi hương:thơm Chất lượng:tốt  giao hàng nhanh , dùng thường xuyên rất tốt, dùng hết sẽ ủng hộ nếu giá bên shop hợp lý.",0,0,True,0.9987946981939002,0.001205301806099717
1391,Công dụng:ngăn ngừa gãy rụng Mùi hương:thơm thoang thoảng Dành cho tóc:bị rụng tóc nhiều  Tốt lắm nha,0,0,True,0.937831601128333,0.062168398871666995
1392,Nói tặng quà balo mà ko tặng xong đỗ lỗi khách hàng,1,1,True,0.0033617829672722608,0.9966382170327277
1393,"Bao bì/Mẫu mã:đóng gói có túi xốp nhưng bộ phận giao hàng cực tệ, làm hỏng bao bì bên ngoài lẫn bên trong.",1,1,True,0.036092509868200194,0.9639074901317999
1394,"Giao sai sản phẩm, quy trình trả hàng, đổi hàng rắc rối, phiền khách hàng. Không được giải quyết trả hàng.",1,1,True,0.0008390827159729201,0.9991609172840271
1395,"Bộ nước tẩy trang này khỏi phải bàn khỏi phải nói nhiều về độ tẩy sạch sâu của ẻm 😄 mình sài duy nhất 1 loại này là mình thấy ưng nhất trong tất cả các loại mình từng sài luôn â, có lớp dầu bên trong nên tẩy rất dễ dàng luôn, mua combo 2 chai giá siêu hời hơn là mua 1 chai lẻ hoặc 2 chai lẻ đó mọi người. Mọi người nên mua nhé, canh đợt flashsale mua cho có deal hời nè kkkkk, đóng gói chắc chắn, shop giao hàng siêu siêu nhanh luôn, sẽ ủng hộ shop ở những lần sau hihi Shop chính hãng moiknguoeif yên tâm nhé",0,0,True,0.9955098543173692,0.004490145682630827
1396,chất lượng sản phẩm phù hợp với giá tiền ổn áp nên mua nhaa mọi người,0,0,True,0.9647658134391458,0.03523418656085406
1397,"Đóng gói sơ sài, vận chuyển sữa bị bục ra đổ sang các túi bốc mùi chua lòm ko biết còn sử dụng được không???",1,1,True,0.0030069843167717845,0.9969930156832282
1398,Hương vị:như binh thuongv Bao bì/Mẫu mã:bao bi bị ướt . do bể bịch sữa . chảy ướt hết. móp méo cả thùng  Mua lần đầu k sao. Mua lần 2 quá buồn,1,1,True,0.024922825556853767,0.9750771744431462
1399,Đối tượng sử dụng:mọi lứa tuổi Chất lượng sản phẩm:oke Mùi hương:sữa gạo  Khá là oke mik mua dùm bạn nên cũng ko rõ nhưng thấy khá là oke á,0,0,True,0.911207503672073,0.08879249632792698
1400,"Làm đẹp:mọi loại da Lợi ích:thấm nhanh, thơm Bao bì:đẹp  Trên hình ảnh ghi tặng khi nhận lại k có 2 sao",1,0,False,0.5535413611997669,0.4464586388002331
1401,"Săn sale giá hợp lý, đóng gói chắc chắn giao hàng nhanh, dùng để pha cafe",0,0,True,0.9947528205806656,0.0052471794193344875
1402,"Độ tuổi sử dụng:6thang Bao bì/Mẫu mã:dep Chất lượng sản phẩm:dung chât lượng  Đóng goi cẩn thận , giao nhanh và không bi móp méo.",0,0,True,0.9649922224636572,0.03500777753634273
1403,"Mình uống hơn nửa hộp mới phát hiện ra là sữa pha xong, để hơn 30' sẽ bị chuyển màu xám đen rất ghê. Mình pha theo đúng như hướng dẫn trên vỏ hộp.  Mình lo lắng lý do sao sữa chuyển màu, có bị ảnh hưởng đến mẹ và bé không, nhắn tin hỏi hãng thì không được trả lời.  2 hình trên: ly mà màu sữa còn nâu nhạt là mình mới pha xong uống ngay, ly mà sữa màu đen là mình để hơn 30'.",1,1,True,0.028157071503499036,0.971842928496501
1404,Dưỡng ẩm:Sản phẩm dưỡng ẩm tốt Căng bóng:Da tôi căng bóng hơn sau mỗi lần xịt Xịt khoáng:Hình ảnh chỉ mang tính chất nhận xu  Siêu hời nha mọi người mình mua rẻ mà còn tặng thêm refill của tober pad nx,0,0,True,0.9954859840859851,0.004514015914014848
1405,Thắc mắc không phản hồi,1,1,True,0.08017952983609355,0.9198204701639064
1406,Để anh rảnh mua một tặng một mà không thấy tặng vậy shop như vậy là lừa gạt phải không shop,1,1,True,0.0017612036214255482,0.9982387963785745
1407,Nước giặt k thơm . K có bọt. Hình ảnh mang tính nhận xu. Giao hàng nhanh,1,0,False,0.8129892984097383,0.18701070159026167
1408,Bao bì/Mẫu mã:khá đẹp Công dụng:sấy tocd  Máy sấy này già thành rẻ nhưng sấy cũng lhas ok nhưng mà mức sấy trên ko nóng lắm chỉ ấm nhẹ thôi điều đó làm sâyd tóc lâu khô hơn hẳn,0,0,True,0.7358850002420789,0.2641149997579211
1409,Hương vị:sua thom ngot de uong Kiểu dáng:bai bi đẹp đóng gói cẩn thân Chất lượng:bo sung canxi dinh dưỡng,0,0,True,0.9817609587149363,0.01823904128506382
1410,"Khi đặt thấy note mua 1 tặng 2 ( tặng 1 lọ nhỏ và 1 túi nhỏ kem dưỡng), khi nhận thì chỉ có chai dầu gội mà k thấy hàng tặng đâu , khi hỏi thì shop bảo chưa thực hiện đúng thao tác để nhận quà, mà trong khi đó lúc đặt hàng có thấy thao tác gì hiện ra để thực hiện nhận quà đâu, có mỗi thêm sp vào giỏ hàng và chọn mua rồi thanh toán, chả hiện thao tác gì là phải ấn ntn hay ấn vào đâu để nhận quà, hình ảnh thì ghi rõ mua 1 tặng 2. Làm ăn kiểu bố láo lừa gạt ng khác vậy là k tốt",1,1,True,0.0005335237022153771,0.9994664762977846
1411,"Mùi hương:thom Công dụng:chống nắng Dành cho da:dầu mụn  Ổn áp lắm nha, mới đặt hôm qua mà nay giao rồi, với giá này thì quá ok lun á, nên mua nha. Sẽ mua lại lần sau nựa",0,0,True,0.9982834511885299,0.0017165488114701214
1412,Hàng giả nhe. Suc vô nhớt nhợt... Xong ti rua tay cai nhu xà bông luon... Sưc ko thắm j het tốn gan 200 quá tệ,1,1,True,0.04258810566182044,0.9574118943381796
1413,"Shipper báo trêp ap là 10h29 giao nhưng hẹn 13 giờ mới gửi, tới nơi giao hàng k có người nhận để tạm khu vực bờ tường, tới lúc mình nhận hàng thì không còn nữa. Xem như mất tiền cho đơn này mà không nhận được hàng, một trải nghiệm mua hàng tồi tệ",1,1,True,0.002191399928054875,0.997808600071945
1414,"Trong quảng cáo đơn hàng mua 3 sp tặng ngay 1 sp, khi tôi đặt xong cũng có chat hỏi thêm hỗ trợ từ người bán nhưng ngoài trả lời tự động thì ko có bất kỳ 1 phản hồi cụ thể nào khác. Tôi muốn hủy đơn hàng đặt thì người bán hàng cũng không chấp nhận. Khi tôi nhận hàng thì không có sản phẩm khuyến mãi như trong quảng cáo.",1,1,True,0.0006241741057923337,0.9993758258942077
1415,"Bao bì/Mẫu mã:rách, bong tróc, thùng sữa móp méo, xẹp  Sản phẩm là sữa cho trẻ em, mà các bạn đóng gói để rách bao bì, hộp thì kiểu như để lâu ngày móp xẹp tùm lum, lon thì bị móp. Không rõ sản phẩm có được bảo quản tốt không, nếu trẻ em uống vào thì có vấn đề gì không.",1,1,True,0.00553185311543769,0.9944681468845623
1416,Bao bì/Mẫu mã:hộp có dâu hiệu bóp méo và bị rỉ set thất vọng nhé tuy hạn sd đến t10 mà bao bì tệ quá,1,1,True,0.04560439700394633,0.9543956029960537
1417,"Chất lượng sản phẩm:tốt Độ tuổi sử dụng:mọi người  Nhiều công dụng tốt cho sắc đẹp,lành tính,sale giá tốt,đã dùng nhiều năm",0,0,True,0.999491211626378,0.0005087883736220972
1418,"Lưu hương thơm lâu,làm sạch tốt, gây ra gàu....",1,0,False,0.6940031311135927,0.30599686888640737
1419,"Chất lượng sản phẩm:tot Mùi hương:thơm Đối tượng sử dụng:trẻ em  Sữa tắm thơm,tắm xong da k bị khô.Mình mua rất n lần r",0,0,True,0.9791592691018632,0.02084073089813677
1420,"Okii laa, hình ảnh và video chỉ mang tính chất hạt nhài giải trí nhận xu thui ạ hì hì",0,0,True,0.9459987479189449,0.05400125208105514
1421,"Máy sấy tóc 2 chế độ, đặt giao đúng mẫu, đóng gói cẩn thận,  giao hàng nhanh",0,0,True,0.9590072823838537,0.04099271761614633
1422,Mới mở hàng nắp bung ra rồi rõ chưa hề làm j nha shop nhắn còn k hướng dẫn sửa làm phải lấy nắp của chai vàng mk mới dùng hết nắp vào,1,1,True,0.02255111325996802,0.9774488867400319
1423,"Đóng gói hàng ọp ẹp móp hết sp bên trong, 1 miếng chống sốc cũng không có",1,1,True,0.016354724026654832,0.9836452759733452
1424,Dầu gội thơm dịu. Mới dùng thấy đỡ gàu. Shop gói hàng cẩn thận. Giao hàng nhanh. Mua sale giá tốt.,0,0,True,0.9928282729152521,0.007171727084747794
1425,"Dành cho da:đen Công dụng:làm trắng Mùi hương:thơm  Giao hàng nhanh. Đúng sản phẩm. Mịn da, trắng da, căng bóng. Sẽ ủng hộ thêm. Hình ảnh chỉ mang tính chất nhận xu",0,0,True,0.9999144600530173,8.553994698279697e-05
1426,"Bao bì/Mẫu mã:đã thay đổi, nắp màu đồng không còn chữ trên nắp. Mẫu mã được. Chất lượng sản phẩm:thơm, bé thích uống Độ tuổi sử dụng:30 tháng  Về shop: mua lần thứ 2.  Về sản phẩm: mua hàng tại shop lần thứ 2.  Mua T5/2024, NXS T10/2023, date: 01/5/2025.   Đóng gói: thùng carton, có bao bong bóng chống sốc nhưng 01 lon bị bung nắp. Thấy vài review về vấn đề này của shop, lần này mình là nạn nhân. Đã liên hệ shop và shop hướng dẫn ngay cách trả hàng hoàn tiền nhưng thấy quy trình tốn thời gian và phải trả luôn lon nguyên vẹn trong khi đang cần nên chấp nhận nhận hàng luôn. Mặc dù shop giải thích do kho và vận chuyển Shopee nhưng vẫn đánh giá 2 sao cho shop liên quan sự cố này vì hàng hoá của shop thì shop phải có trách nhiệm chính trong việc đảm bảo khâu phân phối, vận chuyển.  Vận chuyển: loại Nhanh của SPX Express. 12AM đặt hàng, 11AM ngày hôm sau nhận hàng tại Tp.HCM.",1,1,True,0.008080439423216531,0.9919195605767834
1427,"Shop giao đúng hàng, đúng mã, giao nhanh chóng luôn. Mình săn live dc giá 79k hịii. Size dép chuẩn",0,0,True,0.9912851095010066,0.008714890498993379
1428,"Mịn:đóng gói không cẩn thận , hộp móp , phấn bên trong rơi vãi ra ngoài",1,1,True,0.028063152325881857,0.9719368476741183
1429,"Hộp bị rách,móp méo nhìn mất giá trị.",1,1,True,0.06679836099063856,0.9332016390093614
1430,"bao bì bẩn, giống như hàng tồn kho, nhắn tin vs shop nhưng shop đã chặn mình",1,1,True,0.043302617372468766,0.9566973826275312
1431,"Giao sai mẫu,hết hàng cũng kh báo.mua 2 lần r lần nào cũng sai",1,1,True,0.023055646477779506,0.9769443535222204
1432,"Hàng giao nhanh, đóng gói kĩ càng. mua đúng 11/11 nên giá siêu rẻ. đánh giá shop 5sao",0,0,True,0.9732191371312128,0.026780862868787374
1433,"Kính thì dễ dán, hiệu quả chống xước, trầy tốt, dán kính cường lực sẽ giảm độ nhạy cảm ứng nhma đối với kính của mình nó giảm độ nhạy nhiều khiến mình khá khó chịu. Mình có báo lại với shop nhưng mà shop thờ ơ khôn quan tâm Update mới bị úp mh xuống là bể luôn=)",1,1,True,0.3214832838571082,0.6785167161428918
1434,Hàng ship về nhanh đúng nhue ảnh sản phẩm đeph đầy đủ hàng đóng gói cẩn thận,0,0,True,0.9783093041473624,0.021690695852637568
1435,"Công dụng:hỗ trợ  bảo 1 tặng 1 duy nhất 28.6 mà nhận được có một hộp, shop lừa đảo. tôi sẽ không bao giờ mua bất cứ thứ gì. đồ lừa đảo",1,1,True,0.021773326878271604,0.9782266731217284
1436,"giao thiếu hàng của mình, shop trả lời chậm",1,1,True,0.007948549693472104,0.992051450306528
1437,Sao đơn hàng của mình không tặng kèm kem chống nắng nhỉ,1,1,True,0.08262301285262834,0.9173769871473717
1438,"Làm sạch:8/10 Hương thơm:mat me, thanh khiet Phù hợp với mọi loại da:dung  Trước dùng matcha tặng chai nhỏ muối hồng mới biết đến mùi này. Nay mua chai muối lớn lại có thêm muối nhỏ :v. Nhà U nên mix hàng tặng đủ mùi hơn để KH đc trải nghiệm mùi luôn.",0,0,True,0.9756423251573211,0.02435767484267891
1439,"Giao hàng nhanh. Nhưng không hài lòng vì dầu chảy tràn ra. Nắp vặn vỡ, những giấy bóng bao bên ngoài vẫn rất ok. Chứng tỏ vỡ nắp từ lúc làm xong. Ko hài lòng.",1,1,True,0.0232483418542504,0.9767516581457496
1440,Shop để tặng quà .tới luc phải đúng thao tác bỏ giỏ hàng moi đuoc nhan .vay đung để tang .10nguoi mua nhu 1 k ai dc tag,1,1,True,0.007102456272834494,0.9928975437271655
1441,"serum thấm nhanh trên da, không gây bết dít, sáng da, mờ thâm giảm mụn, không mùi, ship nhanh",0,0,True,0.9781610365243999,0.02183896347560008
1442,Không có hàng khuyến mại!,1,1,True,0.016100646677364588,0.9838993533226353
1443,"Chất lượng sản phẩm:TỆ  đơn 3tr5 đặt 5 hộp số 2 , shop chỉ giao 1 hộp và 1 đồ chơi. Trả hàng thì cả sàn cả shop không hỗ trợ, làm ăn lươn lẹo, cskh trả lời cho có. Dịch vụ quá tệ , không có lần sau nữa đâu. Mọi người mua hàng phải cẩn thận nhé !!!",1,1,True,0.0006019098688804977,0.9993980901311196
1444,Kinh nghiệm sử dụng:duoc Hương thơm:binh thuong Lợi ích:tam on  Giao hàng nhanh. Nhưng dạo này mình it mua shoppe lắm. Mã giảm rất ít. Nói chung là không ưng nữa,0,0,True,0.671257979547291,0.3287420204527089
1445,"Hàng đúng số lượng. Vở đẹp, bút viết cũng đẹp. Hàng khuyến mãi đầy đủ. Shipper nhiệt tình",0,0,True,0.9072012855738016,0.0927987144261984
1446,"Quat the heooo, mua trong mall mà sao khi pha đúg liều lượng, khoáy đều mà sữa lại bị vón cục là saoooo😰",1,1,True,0.008469944476249602,0.9915300555237504
1447,"Gửi lần 1 hộp cũ rích, hộp xước hết Trả hàng Lần 2 cũng gửi hàng hộp cũ Quá tệ",1,1,True,0.001798163475957774,0.9982018365240423
1448,Tắm bao nhiêu loại rùi vẫn phải quay về mùi khổ qua này. Nó thơm thật sự mà lại trị mụn lưng nữa rất phù hợp với các loại da kể cả da nhạy cảm như mk,0,1,False,0.49786399680965204,0.502136003190348
1449,Ốp bằng nhựa tưởng là silicon nên rất dễ trầy xước.,1,1,True,0.279850687272584,0.720149312727416
1450,"Làm đẹp:trắng da Hương thơm:thơm  Hình ảnh mang tính chất nhận xu, sản phẩm dùng được, tốt, phù hợp, nên mua",0,0,True,0.9972376258034426,0.0027623741965573916
1451,"Hàng này trôi nổi trên thị trường, quét mã vạch k ra thông tin sản phẩm",1,1,True,0.02955763793765498,0.9704423620623451
1452,"Công dụng:chuwa thaays Mùi hương:thơm nhẹ  Lưu ý nha mng kem này rất kén người dùng luôn mịn thì mịn thật nma rất dễ kích ứng mình da hỗn hợp thiên dầu, da mình trước giờ chưa bị kích ứng bởi sp nào hết nma dùng loại này sau 5p mặt mình nóng ran và đỏ hết mặt đây bâyg m để bôi cổ không đây ạ nên lưu ý",1,0,False,0.8723256989806831,0.12767430101931693
1453,"Giao hàng ko đúng trên Live Hana Live mua 6 bông tẩy trang tặng 5gói khăn ướt cuối cùng mua xong nhận hàng ko có tặng, nhắn shop trả lời vòng vo nói đặt hàng ko đúng. Đặt từ link ghim sp mà bảo đặt ko đúng là sao lừa dối khách hàng.",1,1,True,8.193489872698745e-05,0.9999180651012729
1454,Mình mới nhận mà bao bì đã bị bóc ra thế này rồi. Bọc hàng chán quá,1,1,True,0.029479177974621112,0.9705208220253789
1455,Chăm sóc khách hàng tệ,1,1,True,0.008409024320287487,0.9915909756797125
1456,"Mẹo:k co Kinh nghiệm sử dụng:k co Bao bì:dep  Giao hàng nhanh, săn sale giá hời, mịn đẹp, được tặng thêm kem lót dưỡng",0,0,True,0.995006208095624,0.004993791904375942
1457,Đóng gói sơ sài. Nhận hàng mà hộp giấy rách tùm lum. 2 tuýp kem cũng xô lệch miếng lót 1 nơi kem 1 nẻo,1,1,True,0.0030865573035378326,0.9969134426964622
1458,Đóng hàng chảy ra ngoài hết r,1,1,True,0.019179517183872896,0.9808204828161271
1459,"Mới unbox đã trầy xước 3 chỗ r, thà nhỏ kh nói, xước nguyên 1 vệt dài cực kì khó chịu và bực mình. Chưa biết giữ nhiệt ok kh nhưng trầy xước như v thì có xứng đáng số tiền bỏ ra kh? Mong sop làm ăn uy tín hơn kh thì dễ mất khách lắm nha",1,1,True,0.039472503010387405,0.9605274969896126
1460,Không có quà tặng mà shop nói shop oi dễ nghi shop bổ sung nha shop,1,1,True,0.03915985645304173,0.9608401435469583
1461,"1. Dịch vụ chăm sóc khách hàng quá tệ: hết người này tới người kia tiếp nhận thông tin nhưng mình chỉ nhận lại phản hồi là kêu chờ, shop bảo mình chờ trong vòng 48h làm việc!  2. Mình đặt hàng 19/7 và k được nhận quà km ( tuýt dưỡng ẩm 14g). Shop tl chương trình km áp dụng “duy nhất 20/7”. Mình có hỏi thông tin “duy nhất 20/7” đã update từ khi nào thì shop kêu mình chờ như trên.  Mang tiếng là Shopee Mall nhưng cách làm việc không thể khiến mình thất vọng hơn.  CHẮC CHẮN SẼ KHÔNG BAO GIỜ QUAY LẠI MUA HÀNG CỦA SHOP NÀY THÊM MỘT LẦN NÀO NỮA!!!",1,1,True,0.005154602170746887,0.9948453978292532
1462,"shiper giao hàng nhanh, nhiệt tình, mặc đúng đồng phục, đóng gói cẩn thận",0,0,True,0.9877569219827084,0.012243078017291706
1463,Mùi hương:thom Công dụng:cấp ẩm cho da Dành cho da:mọi loại da  Dùng không bị rát da dùng xong thấy da đỡ khô và sần  Nhưng lúc mua là dịp sale shop có ghi là tặng 1 kem mắt và 1 túi trong suốt nhưng nhận hàng thì lại k có quà tặng,1,1,True,0.4318637924201482,0.5681362075798518
1464,Đúng với mô tả:dung Màu sắc:be Chất liệu:vải  Với giá này thì nón ok. Giá rẻ hợp túi tiền ok nên mua nha mọi người,0,0,True,0.9931874377598754,0.006812562240124606
1465,Độ đều màu:tạm ổn Nâng tông:hơi hơi Chất lượng:thama nhanu  Chất kem lót có màu đỏ ở trong ý k hiwuwr sao lun,1,0,False,0.8552150929978796,0.14478490700212043
1466,"son đẹp, giao hàng nhanh, màu giống bảng màu , đã mua nh lần rồi",0,0,True,0.9738405381801353,0.026159461819864626
1467,"K đóng gói gì hộp móp méo xấu kinh khủng k muốn sử dụng nữa luôn, shop làm ăn chán",1,1,True,0.002035196215190586,0.9979648037848095
1468,"Đóng hàng sơ xài giao tới hộp móp méo hết, may k bị chảy sữa ra ngoài",1,1,True,0.003059852640879712,0.9969401473591203
1469,"Độ êm:dep em chan Chất liệu:nhua thoang khi Màu sắc:kha xinh  Đóng gói cẩn thận, săn sale được giá hời dép xinh đi nhẹ nhàng êm aíhahha Hậhkak",0,0,True,0.9981153748343153,0.0018846251656847648
1470,Kít ứng banh mặt nha da tui siêu khỏe nhưng bôi 1 phát kích ứng nỗi mụn nước đầu trắng da sần lên luôn da ai yếu nữa thì né luôn nha. Mùi siêu nồng,1,0,False,0.9142180525184939,0.08578194748150625
1471,Làm đẹp:ok Lợi ích:ok Hương thơm:ok  Xài thấy giữ ẩm ok còn mấy cái khác thì không có khác  biệt gì lắm,0,0,True,0.537618132875784,0.462381867124216
1472,Bao bì:ok  Tóc mềm hơn nhưng tóc mình vẫn nhanh bết,1,0,False,0.7173692584869862,0.28263074151301376
1473,Bị vỡ 2 túi giữa thùng làm chua hết cả thùng mặc dù bọc rất kĩ,1,1,True,0.013615384680113399,0.9863846153198866
1474,"Hương thơm:ok Mẹo:ok Kinh nghiệm sử dụng:ok  Ok shop giao đúng , thơm dùng nhiều lần rồi Hình ảnh máng tính nhận xu",0,0,True,0.9964326830049538,0.0035673169950462187
1475,Thấm nhanh:thaams nhanh Dưỡng ẩm:min Làm sáng da:chua biet  Shop giao hàng nhanh đóng gói cẩn thận. Sản phẩm thơm dễ chịu. Thấm nhanh mềm mịn. Còn có trắng da hay không thì phải dùng 1 thời gian thì mới biết được.,0,0,True,0.9996258358854794,0.0003741641145206514
1476,Hình ảnh mang tính nhận xu. Lần đầu sd cũng ok.sẽ ủng hộ lần sau,0,0,True,0.9914038696722032,0.008596130327796894
1477,"Bao bì:móp 2 lon  Mình mua enfa trên này nhiều lần, nhưng lần này mình thấy đóng gói kỹ càng hơn, tuy nhiên lần này mở ra móp liền 2 lon. Tuy mình đã thanh toán trước, nhận hang 0đ. Shop lưu ý lúc đưa hàng có móp không, hoặc nếu bán móp thì ở mục bán hàng móp méo. Nay mình đánh giá 2 sao, cho shop kiểm tra lại khâu lên hàng cho khách hàng phải rà soát lai cho chu đáo.",1,1,True,0.004954139549363042,0.995045860450637
1478,Chất lượng sản phẩm:tốt Mùi hương:thơm nhẹ  dầu gội thơm dịu dùng êm nhưng mà mình vặn kiểu gì mà gãy mất vòi😭,0,0,True,0.8704311361173613,0.1295688638826386
1479,Ship nhanh hộp đầy đủ có cả hộp .  dùng thì thấy ok chưa có lỗi lầm gì hết mình đã mua đến lần thứ hai  Sản phẩm chính hãng uống thì cũng ok nhé mua thế này thì cũng rẻ hơn là mua lẻ  Thôi thùng sữa thì cũng chẳng có gì để chụp,0,0,True,0.866495631323756,0.13350436867624407
1480,"Bao bì:ổn Kinh nghiệm sử dụng:dùng chưa được 1 tháng, mua từ ngày 18/5/2025, dùng chưa được 1 tháng mà nay tự dưng bị bung nắp ra, gắn vào vẫn ko đc.  Mình có nhắn shop để xử lí nhưng shop cứ kéo dài thời gian, đến giờ vẫn chưa xử lí",1,1,True,0.051044365558496195,0.9489556344415039
1481,Hinh anh mang tinh chat nhan xu. Đóng gói kỹ chưa dùng nen k biet,0,0,True,0.9933708897201315,0.006629110279868463
1482,đóng gói kém chất lg về móp méo hết tất cả,1,1,True,0.006428274364903157,0.9935717256350968
1483,Kiềm dầu ổn nhưng kích ứng rất ngứa,1,1,True,0.09551644552493976,0.9044835544750603
1484,"Trên hình là có tặng này kia giao k tặng 1 cái j, mình chịu mua mắc hơn chỗ khác 20k vì muốn lấy quà, mà giao k có quà j hết trơn nhắn k ai trả lời, âm binh",1,1,True,0.001212847103319814,0.9987871528966802
1485,Độ tuổi sử dụng:tre em Chất lượng sản phẩm:ok  Mới mua chưa sử dụng nhưng thấy review tốt cko trẻ sơ sinh nên mua,0,0,True,0.9727886690881545,0.027211330911845518
1486,Mốc ntn cũng giao dc cho khách 😅,1,1,True,0.05922577411598203,0.9407742258840179
1487,"Ghi trên sản phẩm là mua 1 tặng một chai nhỏ , mà đơn hàng k có , treo đầu dê bán thịt chó 😡😡😡😡",1,1,True,0.005221928407475558,0.9947780715925244
1488,Độ tuổi sử dụng:bt Bao bì/Mẫu mã:bt Chất lượng sản phẩm:bt  Hàng nhận được méo mó.Lần sau mua sữa ko đặt qua Shopee nữa.,1,1,True,0.07007521463979068,0.9299247853602094
1489,Mua 2 hộp bảo tặng quà mà éo có gì,1,1,True,0.08245992541675078,0.9175400745832493
1490,"Áo đẹp, đường may đẹp. Chất dày, mịn. Phù hợp với giá tiền bỏ ra. ít chỉ thừa. Shop có nhiều thiết kế đa dạng mẫu mã. Đóng gói chắc chắn, giao đúng mẫu, đúng size. Phù hợp, vừa vặn với dáng người. Dễ phối đồ, (Hình ảnh hay video chỉ mạng tính chất minh",0,0,True,0.9878988585180052,0.01210114148199475
1491,Chất lượng hàng hoá kém mọi người không nên mua lừa đảo có hành vi gian dối,1,1,True,0.016425025440873247,0.9835749745591267
1492,shopmall nhưng làm ăn rất k đàn hoàng nhé.mua 2 họip thì cố tình gửi 1 hộp móp méo k biết từ bao h cho khách.k biết chất lượng sữa có bị thay đổi k.hộp vận chuyển vẫn nguyên khi tới nên chỉ có bên shop cố tình gửi hộp méo thôi.,1,1,True,0.02893308797523786,0.9710669120247623
1493,"Quá tối màu, mình cũng ko trắng lắm mua con này tối hơn 3 tone, phải mua chai kem nền khác để mix vô",1,1,True,0.06555598896614016,0.9344440110338598
1494,"Công dụng:dung cụ an toàn  giao hàng nhanh , giá cả hợp lý shipper thân thiện",0,0,True,0.987126998819165,0.012873001180835062
1495,"Shop tệ quá ! Mn cận thận bị lừa . Bảo tặng nhưng không tặng đâu mn ơii , treo đầu dê bán thịt chó đấy",1,1,True,0.004438868431554129,0.9955611315684458
1496,Hình ảnh mang tính chất minh hoạ để nhận xu thôi á mà mọi người đừng qhan tâm,0,0,True,0.9115795787763092,0.08842042122369091
1497,Sửa hỏng hn mk thấy bị vỡ thiu k nên mua,1,1,True,0.10704846753302606,0.892951532466974
1498,Hương vị:khoong Bao bì:thung  Mua giao đến sữa hư và bị chảy thùng hôi nữa đợi 15 ngày không thây giai quyết gì hết chán chẵng muốn nói,1,1,True,0.0026549569895040572,0.9973450430104959
1499,Màu sắc:tệ Chất liệu:tệ Kích thước:tệ  Mình đã xác nhận với bên HT. Sau này cần bán họ sẽ giam vàng vài ngày check xong mới tính tới chuyện mua bán. Chứ ko phải tích lũy khi cần ra bán đc luôn đâu. Mình hỏi cskh trên shopee thì bọn nó chối. Mình show tin nhắn thật ra thì đánh trống lảng. Shopee ko cho gửi hình này lên nhiều nên mình bảo gửi qua thôg tin bọn nó cho khi giao hàng nhưng bọn nó chối là ko có. Rồi im luôn. Mình sẽ đánh giá lại full sp và share bài lên các hội nhóm,1,1,True,0.006449963315520131,0.9935500366844799
1500,"Công dụng:ok  Giao hàng nhanh, sản phẩm đóng gói cẩn thận. Che tên sản phẩm rất ok, cho shop 5 sao và 10 điểm chất lượng",0,0,True,0.9973651202262719,0.002634879773728154
1501,"Đóng gói quá sơ sài, móp méo, bật cả nắp. Trải nghiệm quá tệ. Sẽ không có lần mua thứ 2 !",1,1,True,0.002782367036420356,0.9972176329635797
1502,"Review nhẹ một số dòng sữa con uống tăng cân tốt cho cm quan tâm - Grow đỏ: bé uống dễ tiêu hóa tuy nhiên bé nào uống hạp thì lên kg tốt, k hạp sữa thì k cải thiện nhiều - Dòng Meiji là sữa mát, sữa nội địa nhật,  không lo bón nhưng giá khá cao vs không phải bé nào uống cũng lên kg tốt - Friso: sữa dễ tiêu hóa, vị nhạt thanh gần như sữa mẹ, khá dễ uống, con uống output đẹp. Có thể dùng làm sữa chua hoặc làm bánh cho con đều oki cả - Oggi: sữa giúp bé tăng cân tốt, ko bón, lên tầm 5-6 lạng/tháng, có nhiều vị để thay đổi cho con,ngoài ra dòng này còn có cả sữa công thức pha sẵn có thể tùy khẩu vị để lựa chọn cho bé Muốn con lên cân thì ngoài sữa công thức thì chế độ ăn hàng ngày của bé cũng quan trọng không kém, bổ sung đầy đủ các nhóm chất là việc nên làm để con có thể tăng kg tốt hơn. Mẹ nào cần có thể tham khảo",0,1,False,0.3827881305736461,0.617211869426354
1503,"Kinh nghiệm sử dụng:hàng giống mẫu, sấy được 1,2p lại ngắt điện k chạy, kb là bị lmsao  Sau vài lần dùng k mượt lắm nay thì máy tịt ngỏm k chạy luôn. Mong shop đọc đc phản hồi giúp lỗi máy là lỗi gì",1,1,True,0.027223864966466338,0.9727761350335337
1504,Deal kèm quà mà khui ra khôg thấy quà tặng,1,1,True,0.008831342074854512,0.9911686579251455
1505,"Làm đẹp:Mượt và bóng tóc Mẹo:Dùng sau khi gội, tóc khô khoảng 80% Hương thơm:Mùi thơm nhẹ, giữ mùi đến hôm sau  Chai to 100ml nếu dùng cách ngày, mỗi lần dùng 2-3 lần nhấn thì khoảng 8 tháng mới hết.",0,0,True,0.9214000032111288,0.07859999678887124
1506,trên hình mua 1 chai được tặng 1 chai nước tẩy trang nhưng về thì chỉ có 1 chai sữa rửa mặt nhắn tin với shop thì toàn tin nhắn tự động nên hơi buồn á..,1,1,True,0.1094726055752107,0.8905273944247893
1507,Âm thanh:trung bình Thiết kế:được  Đeo lâu đau tai,1,1,True,0.16410315679628237,0.8358968432037176
1508,"Làm đẹp:ok Mẹo:ok Bao bì:ok  Xài mấy chai rồi, tiệp da, k bợt rít, chống nắng ok, sẽ còn đồng hành lâu dài với chất lượng này",0,0,True,0.9767254113557536,0.02327458864424632
1509,"chất phấn ổn, nhẹ mặt. mà shop gói hàng bất cẩn lắm chỉ bọc một lớp chống sốc mỏng dính, lúc nhận về thì bị tràn phấn tùm lum như này, trông rất mất thẩm mĩ",1,1,True,0.08674298943486798,0.913257010565132
1510,Kinh nghiệm sử dụng:đã sử dụng rất ok Lợi ích:làm sáng ra mờ nám Làm đẹp:39  Mình đã dùng loại này 2 năm thấy rất ok. Đây lả lần thứ 3 mua lại của shop. Hàng chính hãng nên yên tâm,0,0,True,0.9796563954717445,0.020343604528255524
1511,"Đóng gói kĩ càng, giao hàng rất nhanh nhé. Máy sấy mình thấy tạm ổn, nma lực sấy không mạnh quá, phù hợp với giá tiền",0,0,True,0.980623785061694,0.01937621493830591
1512,Bao bì/Mẫu mã:shop k tl tn  Làm ăn chán   K tl tn khách   Giao hàng vớ vẩn,1,1,True,0.0013045996356832272,0.9986954003643168
1513,cường lực chắc chắn nhưng dán vô chỉ bấm đc phần dưới phần trên k hề bấm đc tức quá bóp bề luôn,1,1,True,0.01854412729239337,0.9814558727076066
1514,"Bao bì/Mẫu mã:móp nhiều  Hộp móp trông rất tệ. Bọc hàng thì chống sốc rất tốt, chắc chắn nên chắc chắn đây là hộp móp nhưng vẫn cố ship cho khách. Chất lượng thì không bàn tới nhưng nhận hàng ntn rất khó chịu.",1,1,True,0.011467645424302971,0.988532354575697
1515,"Giao hàng nhanh, giá rẻ mà nhận được thì ưng lắm, lần trước mua con y hệt mà đánh mất lên phải tìm mua lại thì nó giống 100% chất lượng ổn, mà bền lắm",0,1,False,0.2896745618502823,0.7103254381497178
1516,"Hàng đóng gói ẩu, 1 lớp nilong, hàng bể vỡ, sữa vỡ ra ngoài",1,1,True,0.026527544289564425,0.9734724557104356
1517,Sp ok shop gửi hàng rất nhanh đóng gói kỹ 5⭐️⭐️⭐️⭐️⭐️ Sẽ ủng hộ vào lần sau,0,0,True,0.9929832933642019,0.00701670663579819
1518,Giao hàng nhanh. Chưa sử dụng nên chưa biết chất lượng như thế nào,0,0,True,0.9767793602191412,0.023220639780858778
1519,"mới dùng nên mình thấy cũng như những loại khác , lâu dài thì mình chưa biet nhe nhưng cũng có mùi rất thơm",0,0,True,0.9195926685459418,0.08040733145405825
1520,"Hàng giao khá nhanh, đủ số lượng, hàng giống trong ảnh, mua hộ nên chất lượng không biết",0,0,True,0.8949279015374438,0.10507209846255611
1521,"Đóng gói sơ sài, hàng tới tay bị móp méo. Băng keo dính thẳng lên lon, khi lột ra dính keo tùm lum, dính hẳn luôn chỗ khui nắp. Mấy lần trc thấy đóng gói ok mà lần này tệ quá, lần sau mua mà vẫn đóng gói vậy mình sẽ trả hàng.",1,1,True,0.003414244043305407,0.9965857559566946
1522,"Đóng gói sản phẩm quá kém, Đóng gói sơ sài không bọc chống shock mà giao hàng xa như vậy thì không biết sản phẩm bên trong liệu có bị méo móp hay không đề nghị shop làm việc cẩn thận hơn cho các đơn hàng của người khác",1,1,True,0.00450990345316112,0.9954900965468388
1523,"Dầu gội thơm, chất lượng. Mình đã mua lần t2. Nhưng lần này đóng gói cực kỳ tệ. Dầu bị văng hết ra bên ngoài túi và hộp.",1,1,True,0.13459002020095245,0.8654099797990477
1524,Độ tuổi sử dụng:trẻ sơ sinh cho đến già Chất lượng sản phẩm:lành tính  Cũng oke phết chỉ khó chịu cái lúc đổ ra xài nó cứ ọc ọc ra nhiều í . Nhưng shop giao hàng nhanh chất lượng nhé,0,0,True,0.7965654789292618,0.20343452107073814
1525,Lợi ích:kem nhờn nhờn bết bết hàng nhái. Bảo tặng quà k thấy quà đâu. Shop làm ăn lởm quá.,1,1,True,0.010720997755483777,0.9892790022445163
1526,"Mình đặt 2 thùng 1 thùng nguyên vẹn còn 1 thùng sản phẩm bị bục hư hỏng luôn, bốc mùi chua 😫",1,1,True,0.005971622683533684,0.9940283773164663
1527,"Hương thơm:thơm Lợi ích:laau troi, chong nuoc Bao bì:dep  Đã mua lần 2, shop giao hàng nhanh, gói hàng kĩ. Sản phẩm chất lượng ❤️🎀💕",0,0,True,0.996385792006118,0.0036142079938821345
1528,"Bao bì/Mẫu mã:có đường Hương vị:cao khỏe 180ml  Mình đặt săn sale 8.8 : 1 thùng cao khỏe 180ml + 1 lon sữa đặc hoàn hảo. Khi shop giao lại sai hàng: 1 thùng sữa thường socola + 1 lốc sữa. ( shop đóng gói hàng sai, ko phải do shipper ) Mà shop lại ko có chính sách đổi lại hàng đúng cho khách , mà chỉ có trả / hoàn lại tiền. Và khi mua lại đơn này khách sẽ ko đc nhận ưu đãi như trước đó.  Do tính chất công việc bận nên mình đành nhận hàng  Thất vọng với 1 thương hiệu lớn",1,1,True,0.0013021039637712468,0.9986978960362287
1529,mũ xinh lắm mn a giá củng okk form đẹp màu đẹppp in đẹp nch oklaa,0,0,True,0.9810064399665762,0.01899356003342392
1530,"Mẹo:ko bt Lợi ích:ko kiểm soát dầu ,mùi thơm nhma k dịu Bao bì:như hình  lòng bàn tay sau khi bôi và ra mồ hôi thì trơn lắm ,bôi lên đợi khô thì như bôi keo lên vậy , rít và không hề thoải mái , bôi khô xog còn bị bợn trắng , chà là ra hết mà còn ra nhiều nữa chứ , đi chơi ngoài đường mà ra như da chết í ngại vô cùng , còn chất thì thơm và lỏng nhẹ rất ok nhưng dùng thì ngược lại , dùng nhiều sản phẩm của vassaline r nhưng đây là lần đầu tiên bị vậy rất thất vọng luôn ,bây giờ tuýt còn nhiều lắm nhma cũng k muốn dùng í",1,1,True,0.0041157875066644145,0.9958842124933356
1531,Đề nghị lần sau k giao nên GHN,1,1,True,0.20303783223202942,0.7969621677679705
1532,"Chất lượng sản phẩm:kém  Thật sự quá thất vọng khi nhận hàng, dầu gội chảy be bét, đóng gói sơ sài. Cứ nghĩ shopee mall là uy tín, phục vụ chậm trễ, kém, sẽ ko bao giờ có lần thứ 2. Xác định mua hàng shopee là rủi ro.",1,1,True,0.0005215673929508021,0.9994784326070492
1533,"Ủa shop là che dữ chưa v shop, để v thì ai mà chả biết, nhìn vào là biết liền luon ấy , đóng trg hộp thì k nói này đóng gói trong bọc nữa mà bọc màu cam nữa thiếu điều muốn thấy dc trong luon á ,shipper lạ còn đỡ gặp shipper k biết bao nhiêu cái quần để đội nữa",1,1,True,0.027240030188973956,0.9727599698110261
1534,Màu sắc ok vải chắc chắn rẻ nữa nên mua nha mn🥰,0,0,True,0.9990084751869963,0.0009915248130036966
1535,Âm thanh:ổn Thiết kế:đẹp  Khi nhận hàng thấy sản phẩm bị móp méo,1,1,True,0.06509181928377979,0.9349081807162202
1536,"Mua qua phiên live có nhiều mac giảm giá, sản phẩm chính hãng, chất lượng.",0,0,True,0.9200872921172066,0.07991270788279328
1537,"Live kêu đơn hàng 500k dc tặng túi son mà giao k thấy, nt hỏi thì nói do này do kia",1,1,True,0.0018277857747415194,0.9981722142252584
1538,Đúng với mô tả:ok Chất liệu:ok Màu sắc:ok  Quần hơi mỏng nma dùng thêm tgian mơí biết đc. Số đo mình viết đại cho có thoi,0,0,True,0.9913710457100503,0.008628954289949668
1539,Made in China. Người dùng bây giờ ko phải như hồi xưa mà dùng vài câu chữ qua mắt được. Cẩn thận đừng để bị gửi hàng fake như mình,1,1,True,0.04381595098068203,0.956184049019318
1540,Lợi ích:oke nhungw mua không có quà tặng nên cho 2 sao,1,1,True,0.17927725519810922,0.8207227448018908
1541,Đóng gói kĩ chống sốc mà vẫn bị móp méo rách nát chứng tỏ shop ship hàng bị lỗi và kém chất lượng.,1,1,True,0.039409783886680004,0.96059021611332
1542,"Giao hàng nhanh chóng, đóng gói cẩn thận, date còn khá xa, sản phẩm dịu nhẹ",0,0,True,0.9992161469488717,0.0007838530511282666
1543,Làm đẹp:ok Kinh nghiệm sử dụng:hanfg ngay Hương thơm:thom  Đóng gói ship hàng nhanh  ko biết dùng ok không,0,0,True,0.9842459096317224,0.015754090368277626
1544,Shop bán sửa giả mấy dây đầu tiên thì uống được còn mấy giây sau uống là giả hết uống vào khổ con tội con không biết mấy lâu nay cho con uống sửa giả shop làm ăn như cái l Ko có tình người,1,1,True,0.02021240311422105,0.979787596885779
1545,"Mình mua 3 lon của shop . Mà phần hsd khác với chỗ khác bán hsd 18tháng, shop hsd 15th thấy lạ . Mình có vào xem shop giới thiệu sp là 18th. Nt Cho shop nhờ giải đáp md shop im lặng ko tl , nt 2-3l hỏi về vấn đề nhưng k tl . Quá thất vọng",1,1,True,0.00861696604295814,0.9913830339570419
1546,Shop đóng gói kiểu j sữa bể ra hôi tùm lum hết 😑😑,1,1,True,0.02198321780044858,0.9780167821995515
1547,"Chất lượng sản phẩm:bt Bao bì/Mẫu mã:ko ok Độ tuổi sử dụng:1  Ở lần mua này, 2 hộp của mình bị thiếu cái tem ở ngoài. Inbox thì shop nói tuỳ đợt hàng nhập. Sau này nghĩ lại hàng nhập thiếu chi tiết được thì cũng lạ. Mình ko rõ lý do thật sự đằng sau việc thiếu tem. Nếu có lần sau mình sẽ trả hàng.",1,1,True,0.010569909142561692,0.9894300908574384
1548,"dùng từ bản cũ sang bản mới chai t2 r hihi, vẫn ok mà rửa xong thấy da mềm hơn bản cũ ncl 10/10",0,0,True,0.7111528579824862,0.2888471420175139
1549,"Bao bì/Mẫu mã:sữa tươi dutch lady Hương vị:không đường  Thùng sữa giao tới trong tình trạng còn nguyên vẹn, không bị móp méo hay bị ỉu. Thùng còn nguyên seal, không bị bong tróc nhờ đóng gói kỹ. Bảng thành phần sữa có nhiều chất, hương vị sữa thơm ngon dù là loại không đường. Phù hợp với trẻ nhỏ",0,1,False,0.4949567431163047,0.5050432568836952
1550,"Sàn phẩm tôt, mình đã mua nhiều lần. Shop giao hàng nhanh. Sẽ tiếp tục ủng hộ ạ. Màu giống màu nâu, k có ánh vàng",0,0,True,0.9920632187401351,0.007936781259864871
1551,"giao đủ hàng, săn sale nên giá khá hời, hãng đóng gói bằng bìa cartoon cũ thay vì bọc chống sốc và băng keo cũng là băng keo giấy lun nên t thấy khá bảo vệ mt ấy🥰🥰nchh 10d thuii",0,0,True,0.7856130939128478,0.21438690608715225
1552,"Công dụng:k len mau Mùi hương:thom Dành cho tóc:bạc  Đọc cmt thấy mn bảo tóc đen vẫn lên màu Nhưng với tóc mình thì nó k lên mặc dù 1/2 tóc mình là tóc tẩy. Để thuốc trên tóc tới hơn 1 tiếng nhưng vẫn k lên Bù lại thì mùi thơm, k hắc k rát da đầu Xả lại bằng nước thì tóc mượt, k khô xơ",1,1,True,0.11694300164456832,0.8830569983554316
1553,"Mua rất nhiều lần nhưng lần nào khâu đóng hàng cũng rất tệ, chưa mở ra đã bung bét hết hàng ra rồi, ọp ẹt từ bên ngoài lẫn bên trong, nhìn đâu tưởng hàng mấy nghìn",1,1,True,0.004501193515337287,0.9954988064846627
1554,"2tr3 cho 4 lon Giá cả tương đối hợp lý, chưa sử dụng nên chưa đánh giá chất lượng, mẫu mã bao bì ổn",0,0,True,0.9047205679628036,0.09527943203719628
1555,"Gội xong thấy tóc đặc biệt khô, không được mượt, hình ảnh và vd chủ mang tính chất nhận xu",1,0,False,0.8619955944219587,0.13800440557804125
1556,"Hàng giao lâu mà kém chất lượng chai thì bị gãy vòi, chưa bao giờ mua hàng mà trải nghiệm tệ như vậy",1,1,True,0.0008621399191990342,0.999137860080801
1557,Chức năng cầm nắm:chac chan Độ trong suốt:trong suot  Ốp nhựa cứng chỉ chống ố chú không chống va đập. Nếu như dẻo sẽ ok hơn. Ốp không trùm hết cả viền điện thoại nha . M người cân nhắc. Giá này mà ốp vậy m thấy ko xứng. Dc cái bao bì đóng gói thì chỉn chu cẩn thận .,1,1,True,0.04570520098194727,0.9542947990180527
1558,"Lợi ích:dưỡng tóc Mẹo:hướng dẫn sao xài vậy Hương thơm:thơm, rất thơm nha, nhưng không nồng  làm mềm tóc tức thì luôn, để nguyên ngày tối về tóc vẫn còn mềm",0,0,True,0.8731645588752484,0.12683544112475176
1559,Mình dùng 2 ngày thấy ổn nha. Sáng dậy mặt ít đâu hơn hẳn. Mình đang dùng bộ đôi K,0,0,True,0.7641018505873572,0.23589814941264273
1560,Hàng oke đẹp ạ giao nhanh lần sau sẽ ủng hộ shopp tiếppppppppp😛😛😛,0,0,True,0.9986583074912344,0.0013416925087656529
1561,"Nhiều gel và mùi rất rất thơm nha, thấy bao bì khá lạ nhờ vậy mà tránh được sự để ý",0,0,True,0.7120053780927439,0.28799462190725594
1562,Giao hàng nhanh đóng gói kĩ đã mua nhiều lần oke sẽ ủng hộ shop tiếp,0,0,True,0.9998861025332535,0.00011389746674650323
1563,Công dụng:Để đắp mắt Mùi hương:Khá thơm Dành cho da:Mọi loại da  Bảo bì đẹp xịn xò Lần đầu tiên mua nên chưa rõ hiệu quả hay không. Sẽ mua tiếp nếu có kết quả tốt,0,0,True,0.9877290660167471,0.012270933983252847
